policy_id,name,agency,executing_agency,category,application_period,target_raw,region_scope_derived,districts_derived,is_small_business_candidate_derived,small_business_keyword_hits,summary,url,print_url,print_name,attachment_url,attachment_name,application_method,contact,application_url,created_at,source_file,source
PBLN_000000000121498,2026년 농업용 면세유 유가연동보조금 지원사업 공고,농림축산식품부,직접수행,경영,2026-04-20 ~ 2026-10-31,소상공인,전국_또는_지역미지정,,True,소상공인,"농림축산식품부에서 「농업용 면세유 유가연동보조금 지원사업」 을 다음과 같이 실시하오니, 많은 관심 부탁드립니다. 농업용 면세유 구입비 지원, 지금 바로 신청하세요! ☞ 트랙터ㆍ경운기ㆍ콤바인용 경유, 시설원예작물 난방기용 유류(등유ㆍ중유ㆍ난방용LPGㆍ부생연료유)사용 농업경영체 ☞ 트랙터ㆍ경운기ㆍ콤바인용 면세 경유 및 시설농가 난방용 면세유 가격 인상분의 70%를 지급단가 한도 내 지원",https://www.bizinfo.go.kr/sii/siia/selectSIIA200Detail.do?pblancId=PBLN_000000000121498,https://www.bizinfo.go.kr/cmm/fms/getImageFile.do?atchFileId=FILE_000000000753670&fileSn=0,0422 농업용 면세유 지원(최종) (1).jpg,,,방문 접수 - 접수처 : 지역농협 방문 신청,,,2026-04-30 13:30:30,management_seoul.json,bizinfo
PBLN_000000000118226,2026년 방산 멘토링사업 참여기업 모집 공고,산업통상부,대한무역투자진흥공사,경영,2026-02-04 ~ 2026-12-31,중소기업,전국_또는_지역미지정,,True,소기업,"방산물자교역지원센터는 국내 방산 수출 강소기업 육성을 위한 '방산 지사화 사업'참여기업을 아래와 같이 모집하오니 관심 있는 중소ㆍ중견기업들의 많은 참여 바랍니다. ☞ 한국방위산업진흥회 (준)회원사 + 국방혁신기업100 지정사 (83개사) + GVC30지정사 + 지자체TP 방산기업 ☞ 방산 특화 수출마케팅 서비스, 방산 수출전문위원 멘토링 서비스, 홍보 동영상 제작 및 디지털 로드쇼 지원",https://www.bizinfo.go.kr/sii/siia/selectSIIA200Detail.do?pblancId=PBLN_000000000118226,https://www.bizinfo.go.kr/cmm/fms/getImageFile.do?atchFileId=FILE_000000000742943&fileSn=0,2026년 방산 멘토링사업 참여기업 모집공고(잠정).pdf,,,온라인 접수(무역투자24),"방산물자교역지원센터 02-3460-7308, 7810 / chkim0650@kotra.or.kr, mlinovi@kotra.or.kr",https://kotra.or.kr/subList/20000020753/subhome/bizAply/selectBizMntInfoDetail.do?&dtlBizMntNo=26PC006&cpbizYn=N,2026-02-05 09:49:36,management_seoul.json,bizinfo
PBLN_000000000125717,2026년 백년소상공인 위생컨설팅 및 환경개선지원 사업 추가 공고,중소벤처기업부,소상공인시장진흥공단,경영,2026-08-21 ~ 2026-09-30,소상공인,전국_또는_지역미지정,,True,소상공인,"백년소상공인을 대상으로 안전한 외식 환경을 조성하고, 식품안심업소 지정을 확산하기 위해 다음과 같이 위생 컨설팅 및 환경개선지원 사업을 추진하오니 백년소상공인의 많은 참여 바랍니다. ☞ 식품안심업소 대상 업종을 영위하는 백년소상공인 ☞ 위생 컨설팅(식품안심업소 지정을 위한 사전 컨설팅), 환경개선 비용(사업장(작업장) 청소비 최대 50만원) 지원",https://www.bizinfo.go.kr/sii/siia/selectSIIA200Detail.do?pblancId=PBLN_000000000125717,https://www.bizinfo.go.kr/cmm/fms/getImageFile.do?atchFileId=FILE_000000000770311&fileSn=1,2026년 백년소상공인 위생컨설팅 및 환경개선지원 사업 추가공고_.pdf,https://www.bizinfo.go.kr/cmm/fms/getImageFile.do?atchFileId=FILE_000000000770312&fileSn=0,2026년 백년소상공인 위생컨설팅 및 환경개선지원 사업 추가공고.hwp,온라인 접수 (소상공인24),"(환경개선비 지원, 백년소상공인 문의) 소상공인시장진흥공단 042-363-7905, 7906 (위생컨설팅, 식품안심업소 지정 문의) 한국식품안전관리인증 1599-1102 (시스템 문의) 소상공인24 1644-5302",https://www.sbiz24.kr/#/pbanc/816,2026-08-24 13:13:10,management_seoul.json,bizinfo
PBLN_000000000121291,2026년 비즈니스지원단(현장클리닉) 사업 운영계획 공고,중소벤처기업부,중소벤처기업진흥공단,경영,예산 소진시 까지,중소기업,전국_또는_지역미지정,,True,소기업,"중소기업의 경영애로를 상담부터 현장클리닉까지 신속히 해결해 주는「2026년도 비즈니스지원단(현장클리닉) 사업 운영계획」을 다음과 같이 공고합니다. ☞ 「중소기업기본법」제2조 제2항에 따른 소기업과 운영 지침[별표 1]에 해당하는 예비창업자로하되, [별표 2]를 제외한 업종 - 주된 업종별 평균매출액 등의 소기업 규모 기준(중소기업기본법시행령 제8조 제1항) ☞ 전문상담 후 현장클리닉이 필요한 경우, 분야별 클리닉위원이 기업 현장을 찾아가 단기간(3일 내외)에 경영애로 해결 지원",https://www.bizinfo.go.kr/sii/siia/selectSIIA200Detail.do?pblancId=PBLN_000000000121291,https://www.bizinfo.go.kr/cmm/fms/getImageFile.do?atchFileId=FILE_000000000752994&fileSn=0,(제2026-302호)_2026년_비즈니스지원단(현장클리닉)_사업_운영계획_공고.pdf,https://www.bizinfo.go.kr/cmm/fms/getImageFile.do?atchFileId=FILE_000000000752995&fileSn=0,(제2026-302호)_2026년_비즈니스지원단(현장클리닉)_사업_운영계획_공고.hwpx,"방문, 전화 온라인 신청 - 접수처 : 각 지방 중소기업청 - 전화, 온라인 : 비즈니스지원단홈페이지","(운영 총괄) 중소벤처기업진흥공단 055-751-9520, 070-4405-3585 (경기, 부산, 울산, 대구·경북, 경남, 충남, 법무분야) 한국경영기술지도사회02-6205-8122 (서울, 인천, 대전·세종, 충북, 광주·전남, 전북, 강원) 한국생산성본부 02-724-1243 (비즈니스지원단 사업관리시스템 장애 문의 등) 트리피 070-4405-3588 및 기타 지역별 중소벤처기업청 문의처 공고문 4p 참조",https://www.smes.go.kr/bizlink/,2026-04-27 10:38:35,management_seoul.json,bizinfo
PBLN_000000000121868,2026년 생활화학제품 안전관리 컨설팅 지원사업 참여기업 모집 공고,기후에너지환경부,한국환경산업기술원,경영,2026-05-07 ~ 2026-10-30,중소기업,전국_또는_지역미지정,,True,"소상공인,소기업","「생활화학제품 안전관리 컨설팅 지원사업」을 다음과 같이 공고하오니, 컨설팅 참여를 희망하는 기업은 신청하여 주시기 바랍니다. ☞ 생활화학제품을 제조ㆍ수입하는 중소기업 중 생활화학제품 안전관리 컨설팅을 희망하는 기업 -「소상공인기본법」제2조에 따른 소상공인,「중소기업기본법」제2조에 따른 중소기업 ☞ 행정 컨설팅 및 기술 컨설팅 중 한가지 선택 지원 - (행정 컨설팅) 안전기준 적합 확인 절차, 생활화학제품 신고 방법, 화학제품관리시스템(CHEMP) 사용방법, 표시사항 작성방법, 어린이보호포장 발급 절차 등 - (기술 컨설팅) 생활화학제품 안전기준 적합 확인 결과 ‘부적합’ 판정받은 제품의 원인 진단, 대체물질 적용 또는 공정개선 등 제품 개선 솔루션 제공(시험분석 포함)",https://www.bizinfo.go.kr/sii/siia/selectSIIA200Detail.do?pblancId=PBLN_000000000121868,https://www.bizinfo.go.kr/cmm/fms/getImageFile.do?atchFileId=FILE_000000000754958&fileSn=0,(통합본)_컨설팅_지원사업_공고문.hwp,https://www.bizinfo.go.kr/cmm/fms/getImageFile.do?atchFileId=FILE_000000000754959&fileSn=0@https://www.bizinfo.go.kr/cmm/fms/getImageFile.do?atchFileId=FILE_000000000754959&fileSn=1,붙임2._자주_하는_질문(FAQ).hwp@붙임1._생활화학제품_안전관리_컨설팅_지원사업_신청서(서식).hwp,이메일 접수 - 이메일 : 각 기관 담당자 이메일 공고문 2p 참조 ※ 자세한 신청방법 공고문 참조,"한국환경산업기술원 02-2284-1896, kim0422@keiti.re.kr 및 기타 문의처 공고문 참조",,2026-05-12 11:38:06,management_seoul.json,bizinfo
PBLN_000000000123334,2026년 소상공인 무료 법률ㆍ세무ㆍ노무 간편상담 지원사업 모집 공고,중소벤처기업부,소상공인연합회,경영,2026-06-16 ~ 2026-11-30,소상공인,전국_또는_지역미지정,,True,소상공인,"중소벤처기업부와 소상공인연합회는 소상공인 여러분의 성공적인 사업 운영을 돕고 경영 현장에서 겪는 다양한 애로사항을 해결해 드리고자 「소상공인 간편상담센터」를 운영합니다. 각 분야의 전문가가 1:1 맞춤형 무료 상담을 제공하오니, 소상공인 여러분의 많은 관심과 참여를 바랍니다. 소상공인의 성공을 함께하는 든든한 동반자가 되겠습니다. ☞ 소상공인이라면 누구나 ☞ 법률, 세무, 노무 분야 전문가 무료 상담 지원(전화 및 서면 상담으로 진행)",https://www.bizinfo.go.kr/sii/siia/selectSIIA200Detail.do?pblancId=PBLN_000000000123334,https://www.bizinfo.go.kr/cmm/fms/getImageFile.do?atchFileId=FILE_000000000760504&fileSn=0,2026년 소상공인 무료 법률·세무·노무 간편상담 지원사업 안내.pdf,,,온라인 접수 (네이버폼),소상공인연합회 02-841-1366,https://naver.me/F058lQjK,2026-06-18 11:13:11,management_seoul.json,bizinfo
PBLN_000000000120639,2026년 소상공인 불공정거래 피해구제 지원 시행 공고,중소벤처기업부,소상공인시장진흥공단,경영,예산 소진시까지,소상공인,전국_또는_지역미지정,,True,소상공인,"소상공인의 불공정거래 피해를 해결하기 위해 다음과 같이「2026년 소상공인 불공정거래 피해구제 지원 사업을 시행하오니, 사업지원이 필요하신 분들은 신청하여 주시기 바랍니다. ☞「소상공인기본법」제2조에 따른 불공정거래 피해 소상공인 ☞ 분쟁조정 또는 소송 대리인 선임 지원",https://www.bizinfo.go.kr/sii/siia/selectSIIA200Detail.do?pblancId=PBLN_000000000120639,https://www.bizinfo.go.kr/cmm/fms/getImageFile.do?atchFileId=FILE_000000000750747&fileSn=0,2026년+소상공인+불공정거래+피해구제+지원+시행공고.pdf,,,온라인 접수 (소상공인 불공정거래 피해상담센터),불공정거래 피해상담센터 콜센터 1599-0209,https://sbiz.or.kr/unfair/main.do,2026-04-10 09:59:31,management_seoul.json,bizinfo
PBLN_000000000120117,2026년 소상공인 투자연계 지원사업 립스(LIPS) 프로그램 소상공인 모집 공고,중소벤처기업부,소상공인시장진흥공단,금융,예산 소진시까지,소상공인,전국_또는_지역미지정,,True,"소상공인,융자,정책자금","민간투자와 연계하여 생활기반(비기술)의 창의적 아이템을 보유한 소상공인을 선도기업으로 성장 및 도약을 지원하는 「’26년도 립스(LIPS) 프로그램」사업 참여 소상공인을 다음과 같이 모집합니다. ☞ 중기부가 지정한 운영사로부터 先투자받은 유망 소상공인(업력 1년이상) ※ 자세한 지원대상 공고문 참조 ☞ 민간투자 연계형 매칭융자(LIPSⅠ), 혁신소상공인 투자연계지원(LIPSⅡ) 지원 - 민간투자 연계형 매칭융자(LIPSⅠ) : 민간운영사가 先투자 시 투자금의 최대 5배, 최대 5억원 한도 내 매칭융자(정책자금) 지원 - 혁신소상공인 투자연계지원(LIPSⅡ) : 투자금의 최대 3배까지(최대 2억원, 자부담 30%) 사업화 지원",https://www.bizinfo.go.kr/sii/siia/selectSIIA200Detail.do?pblancId=PBLN_000000000120117,https://www.bizinfo.go.kr/cmm/fms/getImageFile.do?atchFileId=FILE_000000000749019&fileSn=0,2026년+소상공인+투자연계+지원사업+립스(LIPS)+프로그램+소상공인+모집+공고.hwp,https://www.bizinfo.go.kr/cmm/fms/getImageFile.do?atchFileId=FILE_000000000749020&fileSn=0@https://www.bizinfo.go.kr/cmm/fms/getImageFile.do?atchFileId=FILE_000000000749020&fileSn=1,[서식]+LIPS+프로그램+운영사+투자제안서+및+사업계획서.hwp@[별첨]+2026년+립스(LIPS)+운영사+현황.hwp,온라인 접수 - 민간투자 연계형 매칭융자(LIPSⅠ) : 소상공인 정책자금 누리집 - 혁신소상공인 투자연계지원(LIPSⅡ) : 소상공인24 ※ 지원내용 별 상이하므로 자세한 신청방법 공고문 참조,"(민간투자 연계형 매칭융자(LIPSⅠ) 문의) 창업지원실 기업가형소상공인육성팀 042-363-7740, 7724 / (혁신소상공인 투자연계지원(LIPSⅡ) 문의) 초기투자액셀러레이터협회 070-7588-1823, 1820, 1824, 1826",https://ols.semas.or.kr/ols/man/SMAN010M/page.do,2026-03-30 13:38:42,"finance_all.json,finance_seoul.json",bizinfo
PBLN_000000000119801,2026년 소상공인(개인사업자) 비즈플러스카드 지원사업 시행 공고,중소벤처기업부,신용보증재단중앙회,금융,예산 소진시까지,소상공인,전국_또는_지역미지정,,True,"보증,소상공인","소상공인의 원활한 단기 운영자금 지원을 위한 「소상공인 비즈플러스 카드 지원사업」 시행계획을 다음과 같이 공고합니다. ☞ NCB 595점 ~ 964점이고, 업력이 6개월 이상이며, 매출액 기준을 충족하는 개인사업자(소상공인) ☞ 카드한도 소상공인당 최대 1,000만원 지원 - 연회비 면제, 최대 6개월 무이자 할부, 발급 후 1년간 카드 이용금액의 3%(최대 10만원) 캐시백 - 사용기간 1년(최대 5년 이내 4년 연장 가능) ※ 자세한 지원내용 공고문 참조",https://www.bizinfo.go.kr/sii/siia/selectSIIA200Detail.do?pblancId=PBLN_000000000119801,https://www.bizinfo.go.kr/cmm/fms/getImageFile.do?atchFileId=FILE_000000000747899&fileSn=1,260320_소상공인(개인사업자)_비즈플러스카드_지원사업_시행_공고★.pdf,https://www.bizinfo.go.kr/cmm/fms/getImageFile.do?atchFileId=FILE_000000000747900&fileSn=1,260320_소상공인(개인사업자)_비즈플러스카드_지원사업_시행_공고★.hwpx,"온라인 접수 - 지역신용보증재단에 보증신청 후 IBK기업은행에 카드 발급신청 → 온라인 신청 두 번 진행 (1단계, 2단계) ※ 자세한 신청방법 공고문 참조",신용보증재단중앙회 종합콜센터 1588-7365 및 지역신용보증재단 문의처 공고문 참조,,2026-03-23 10:35:59,"finance_all.json,finance_seoul.json",bizinfo
PBLN_000000000119802,2026년 소상공인(법인사업자) 비즈플러스카드 지원사업 시행 공고,중소벤처기업부,신용보증재단중앙회,금융,예산 소진시까지,소상공인,전국_또는_지역미지정,,True,"보증,소상공인","소상공인의 원활한 단기 운영자금 지원을 위한 「소상공인 비즈플러스카드 지원사업」 시행계획을 다음과 같이 공고합니다. ☞ NCB 595점 ~ 964점이고, 업력 6개월 이상이며, 매출액 기준을 충족하는 법인사업자(소상공인) ☞ 카드한도 소상공인당 최대 1,000만원 지원 - 사용기간 1년(최대 5년 이내 4년 연장 가능) ※ 자세한 지원내용 공고문 참조",https://www.bizinfo.go.kr/sii/siia/selectSIIA200Detail.do?pblancId=PBLN_000000000119802,https://www.bizinfo.go.kr/cmm/fms/getImageFile.do?atchFileId=FILE_000000000747901&fileSn=1,260320_소상공인(법인사업자)_비즈플러스카드_지원사업_시행_공고★.pdf,https://www.bizinfo.go.kr/cmm/fms/getImageFile.do?atchFileId=FILE_000000000747902&fileSn=1,260320_소상공인(법인사업자)_비즈플러스카드_지원사업_시행_공고★.hwpx,"온라인 접수 - 지역신용보증재단에 보증신청 후 IBK기업은행에 카드 발급신청 → 온라인 신청 두 번 진행 (1단계, 2단계) ※ 자세한 신청방법 공고문 참조",신용보증재단중앙회 종합콜센터 1588-7365 및 지역신용보증재단 문의처 공고문 참조,,2026-03-23 10:36:08,"finance_all.json,finance_seoul.json",bizinfo
PBLN_000000000120010,2026년 식품안심업소 기술지원 사업 참여 업소 모집 공고,식품의약품안전처,한국식품안전관리인증원,경영,2026-03-18 ~ 2026-09-30,소상공인,전국_또는_지역미지정,,True,소상공인,"한국식품안전관리인증원에서는 식품의약품안전처로부터 식품안심업소 기술지원 업무를 위탁받아 수행하고 있습니다. 이와 관련하여 식품안심업소(음식점위생등급제)평가를 준비하는 업소를 대상으로 현장 맞춤형 기술지원을 아래와 같이 무상으로 실시하오니 많은 참여 부탁드립니다. ☞ 식품접객업 중 아래 요건에 해당하는 2,000개소 음식점 - 모범업소, 백년가게, 미슐랭ㆍ블루리본 등 음식점 - K-미식벨트, K-관광단지, K-관광마켓 소재 음식점 등 식품안심 구역 지정을 위한 음식점 - 영업장 면적 200㎡이하 음식점 - 배달음식점 또는 아파트 상가, 시장 등 소비자 선호도가 높은 지역 음식점 - 다중이용시설(유통업체 등)에 입점해 있어 소비자 이용빈도가 높은 음식점 ☞ 식품안심업소 평가에 대한 전반적인 안내(교육), 현장 방문하여 업종에 따른 맞춤형 기술지원 운영, 관리 일지, 게시물 등 지원",https://www.bizinfo.go.kr/sii/siia/selectSIIA200Detail.do?pblancId=PBLN_000000000120010,https://www.bizinfo.go.kr/cmm/fms/getImageFile.do?atchFileId=FILE_000000000748623&fileSn=0,2026년+식품안심업소+기술지원+사업+참여+업소+모집+공고.hwp,https://www.bizinfo.go.kr/cmm/fms/getImageFile.do?atchFileId=FILE_000000000748624&fileSn=0@https://www.bizinfo.go.kr/cmm/fms/getImageFile.do?atchFileId=FILE_000000000748624&fileSn=1,식품안심업소(음식점)+평가+신청+가이드.pdf@식품안심업소(음식점)+기술지원+신청+가이드.pdf,"팩스, 우편, 방문 및 온라인 접수 - 접수처 : 관할 지역별 상이하므로 자세한 접수처는 공고문 참조 - 온라인 : 한국식품안전관리인증원",서울지원 02-860-6900 및 관할 지역별 상이하므로 자세한 문의처는 공고문 참조,https://www.haccp.or.kr/ihrh/,2026-03-26 15:05:00,management_seoul.json,bizinfo
PBLN_000000000120174,2026년 우리동네 크라우드펀딩 지원사업 크라우드펀딩 참여 소상공인 모집 공고,중소벤처기업부,소상공인시장진흥공단,금융,예산 소진시까지,소상공인,전국_또는_지역미지정,,True,소상공인,"중소벤처기업부와 소상공인시장진흥공단은 크라우드펀딩을 통해 소상공인의 자금조달 지원을 위해 다음과 같이 「2026년 우리동네 크라우드펀딩 지원사업」의 참여 소상공인을 모집합니다. ☞ ｢소상공인기본법｣ 제2조에 따른 소상공인으로, 신청일 기준 정상적으로 영업 중인 소상공인 - (증권형) 업력 7년 이내 법인 소상공인(주식회사) - (리워드형) 펀딩 성공 후, 제품 발송이 가능한 소상공인 - (상권형) 지정상권 내 사업 영위 중인 소상공인 ☞ 대출형, 증권형, 리워드형, 리워드형(상권) 크라우드펀딩 지원 ※ 자세한 지원내용 공고문 참조",https://www.bizinfo.go.kr/sii/siia/selectSIIA200Detail.do?pblancId=PBLN_000000000120174,https://www.bizinfo.go.kr/cmm/fms/getImageFile.do?atchFileId=FILE_000000000749194&fileSn=0,2026년+우리동네+크라우드펀딩+지원사업+소상공인+모집공고문.pdf,,,온라인 또는 이메일 접수 대출형 - 비플러스 : http://loan.bplus.so / loan@benefitplus.kr - 윙크스톤파트너스 : http://loanone.winkstone.com / loan@winkstone.com - 펀다에이아이 : https://www.funda.kr / contact@funda.kr ※ 및 유형별 플랫폼 문의처 공고문 p15 참조,"(대출형) 비플러스 02-733-0703, loan@benefitplus.kr (챗봇 상담) https://pf.kakao.com/_dSDxhxj 및 유형별 플랫폼 문의처 공고문 p19 참조",http://loan.bplus.so,2026-03-31 13:15:50,"finance_all.json,finance_seoul.json",bizinfo
PBLN_000000000124909,2026년 중소벤처기업부 소상공인 정책자금 융자사업 4차 변경 공고,중소벤처기업부,소상공인시장진흥공단,금융,예산 소진시까지,소상공인,전국_또는_지역미지정,,True,"경영안정,소상공인,융자,정책자금","「소상공인 보호 및 지원에 관한 법률」제9조에 의한 “2026년 중소벤처기업부 소상공인 정책자금 융자사업”을 다음과 같이 공고합니다. ☞ 「소상공인기본법」제2조 및 같은 법 시행령 제3조의 소상공인 ※ 세부사업별 지원대상 상이, 자세한 사항 공고문 참조 ☞ 일반경영안정자금, 특별경영안정자금, 성장기반자금 등 지원 ※ 세부사업별 지원대상 상이, 자세한 사항 공고문 참조",https://www.bizinfo.go.kr/sii/siia/selectSIIA200Detail.do?pblancId=PBLN_000000000124909,https://www.bizinfo.go.kr/cmm/fms/getImageFile.do?atchFileId=FILE_000000000766857&fileSn=1,2026년+소상공인+정책자금+융자사업+공고(4차+변경).pdf,,,"방문 및 온라인 접수 - 접수처 : 소상공인시장진흥공단 지역센터(전국 80곳, 별표2(25p)) - 온라인 : 소상공인정책자금","중소기업통합콜센터 1357 / 소상공인통합콜센터 1533-0100 / 신용보증기금 1588-6565 / 기술보증기금 1544-1120 / 지역신용보증재단 1588-7365 및 소상공인시장진흥공단 지역센터, 지역신용보증재단 문의처 공고문 참조",https://ols.semas.or.kr/ols/man/SMAN010M/page.do,2026-07-30 11:14:52,"finance_all.json,finance_seoul.json",bizinfo
PBLN_000000000117016,2026년 중소벤처기업부 소상공인 지원사업 통합 공고,중소벤처기업부,소상공인시장진흥공단,경영,세부사업별 상이,소상공인,전국_또는_지역미지정,,True,"소상공인,폐업","영세 소상공인의 경영 부담을 줄이고, 유망 소상공인의 성장 가능성을 극대화하기 위해 「2026년 소상공인 지원사업」을 다음과 같이 공고합니다. ☞ 예비창업자ㆍ소상공인ㆍ소공인ㆍ폐업 소상공인 ※ 사업별로 신청자격이 상이할 수 있으므로 사업별 공고를 반드시 참조 ☞ 기업가형 소상공인 육성, 소상공인 성장 지원, 소공인 특화 지원, 지역상권 활성화, 소상공인 디지털 역량강화, 소상공인 경영부담 완화, 소상공인 재기 지원 ※ 자세한 지원내용 공고문 참조 ※ 세부적인 사업 공고는 추후 공고될 예정이며, 해당 기관 홈페이지 등을 참고 해주시기 바랍니다.",https://www.bizinfo.go.kr/sii/siia/selectSIIA200Detail.do?pblancId=PBLN_000000000117016,https://www.bizinfo.go.kr/cmm/fms/getImageFile.do?atchFileId=FILE_000000000739464&fileSn=0,2026년_중소벤처기업부_소상공인_지원사업_통합_공고.pdf,https://www.bizinfo.go.kr/cmm/fms/getImageFile.do?atchFileId=FILE_000000000739465&fileSn=0,2026년_중소벤처기업부_소상공인_지원사업_통합_공고_인포그래픽.pdf,※ 세부사업별 신청방법 상이 (공고문 참조),사업 총괄(중소벤처기업부) 및 위탁기관(소상공인시장진흥공단 등) 문의처 상이 공고문 33p~ 참조,,2025-12-30 09:34:01,management_seoul.json,bizinfo
PBLN_000000000123795,2026년 찾아가는 1:1 교육사업 시행 공고,중소벤처기업부,소상공인시장진흥공단,경영,모집 마감시,소상공인,전국_또는_지역미지정,,True,소상공인,"중소벤처기업부와 소상공인시장진흥공단에서는 급변하는 경영환경 속에 소상공인의 안정적 영업기반 확보와 자생력 제고를 위해 다음과 같이「2026년 찾아가는 1:1 교육사업」을 시행하오니, 관심 있는 분들의 많은 참여를 바랍니다. ☞ 소상공인 기본법 제2조에 따른 소상공인 ☞ 경영, 마케팅 등 분야별 전문인력(컨설턴트)이 소상공인 사업체를 찾아가 1:1 맞춤형 컨설팅 제공(최대 5회)",https://www.bizinfo.go.kr/sii/siia/selectSIIA200Detail.do?pblancId=PBLN_000000000123795,https://www.bizinfo.go.kr/cmm/fms/getImageFile.do?atchFileId=FILE_000000000762289&fileSn=0,[붙임] 2026년 찾아가는 1대1 교육(경영애로 개선 컨설팅) 시행 공고문.hwp,,,1. 경영애로 개선 컨설팅 : 온라인 접수(소상공인24) 2. 무료법률구조 : 방문 접수(대한법률구조공단 지부),(사업관련 문의) 소상공인연합회 02-835-1366 (시스템 문의) 소상공인24 헬프 콜센터 1644-5302 및 기타 문의처 공고문 참조,https://www.sbiz24.kr/#/pbanc/791,2026-07-01 10:11:34,management_seoul.json,bizinfo
PBLN_000000000122273,2026년 찾아가는 1:1 디지털 교육 소상공인 모집 공고,중소벤처기업부,소상공인시장진흥공단,경영,2026-05-20 ~ 2026-11-30,소상공인,전국_또는_지역미지정,,True,"소상공인,점포","소상공인의 온라인 판로 진출 및 디지털 전환 실현을 위한「’26년 찾아가는 1:1 디지털 교육」에 참여를 희망하는 소상공인을 모집합니다. ☞ 온라인 진출의사가 있으나, 디지털 활용 수준 및 경영여건으로 집체교육 참여가 어려운 디지털 취약계층 소상공인 - ｢소상공인 기본법｣ 제2조에 따른 소상공인으로, 신청일 현재 정상적으로 영업 중인 점포 ☞ 집합교육 참여가 어려운 소상공인을 대상으로 온라인 플랫폼 입점 및 홍보 방법 등 찾아가는 1:1 디지털 교육 지원",https://www.bizinfo.go.kr/sii/siia/selectSIIA200Detail.do?pblancId=PBLN_000000000122273,https://www.bizinfo.go.kr/cmm/fms/getImageFile.do?atchFileId=FILE_000000000756538&fileSn=1,26년+찾아가는+1대1+디지털+교육+소상공인+모집공고.pdf,https://www.bizinfo.go.kr/cmm/fms/getImageFile.do?atchFileId=FILE_000000000756539&fileSn=1,26년+찾아가는+1대1+디지털+교육+소상공인+모집공고.hwp,온라인 접수(소상공인24),"(사업문의) 소상공인시장진흥공단 온라인판로팀 042-363-7812, 7822 (중소기업확인서(소상공인) 발급 문의) 중소기업통합콜센터 (국번없이) 1357 (시스템 관련 문의) 1644-5302 (찾아가는 1:1 디지털교육 과정 문의) ㈜포세듀 044-862-9773, dt@forsedu.com",https://www.sbiz24.kr/#/pbanc/593,2026-05-21 10:50:19,management_seoul.json,bizinfo
PBLN_000000000125614,2026년 프랜차이즈 수준평가 참여 브랜드 모집 공고,중소벤처기업부,소상공인시장진흥공단,경영,2026-08-14 ~ 2026-09-04,중소기업,전국_또는_지역미지정,,True,"소상공인,소기업","중소벤처기업부와 소상공인시장진흥공단은 프랜차이즈 브랜드의 수준을 평가하여 가맹본부의 경쟁력을 제고하고, 소상공인의 안정적 가맹점 창업을 위한 기준을 제공하고자 추진하는 ‘2026년 프랜차이즈 수준평가’를 다음과 같이 공고하오니 가맹본부의 많은 참여를 바랍니다. ☞ (신규신청) 중견, 중소기업 및 소상공인으로 정보공개서를 등록한 가맹본부 - 사업 및 브랜드 업력이 1년 이상인 업체 중 ‘가맹점 20개 이상’ 또는 ‘직영점 1개와 가맹점 10개 이상’인 업체 - (연장신청) 2025년 프랜차이즈 수준평가를 신청하여 신규 지정된 가맹본부 ☞ 우수프랜차이즈 지정 등 지원 - 중기부 인증 우수프랜차이즈 지정서(지정패) 제공, 우수프랜차이즈 지정업체 종합홍보(홈페이지, 제작물 등) 지원 - 수준평가 보고서 제공을 통해 경영 문제점 등에 대한 개선방안 제시",https://www.bizinfo.go.kr/sii/siia/selectSIIA200Detail.do?pblancId=PBLN_000000000125614,https://www.bizinfo.go.kr/cmm/fms/getImageFile.do?atchFileId=FILE_000000000769882&fileSn=0,[붙임2] 2026년 프랜차이즈 수준평가 참여 브랜드 모집 공고 및 신청양식.hwp,https://www.bizinfo.go.kr/cmm/fms/getImageFile.do?atchFileId=FILE_000000000769883&fileSn=0,(별첨2) 신청서 작성 요령 및 제출서류 안내.hwp,온라인 접수(소상공인24),소상공인시장진흥공단 유통지원팀 042-363-7745,https://www.sbiz24.kr/#/pbanc/814,2026-08-20 10:38:41,management_seoul.json,bizinfo
PBLN_000000000117676,2026년 희망리턴패키지 원스톱폐업지원 소상공인 모집 공고,중소벤처기업부,소상공인시장진흥공단,경영,세부사업별 상이,소상공인,전국_또는_지역미지정,,True,"소상공인,폐업,점포","소상공인의 신속ㆍ안전한 폐업 및 폐업부담 경감을 위한 2026년 「희망리턴패키지 원스톱폐업지원」사업을 다음과 같이 공고합니다. ☞ 폐업(예정) 소상공인 ☞ 폐업에 필요한 사업 정리 컨설팅, 점포 철거비, 법률자문, 채무조정 지원",https://www.bizinfo.go.kr/sii/siia/selectSIIA200Detail.do?pblancId=PBLN_000000000117676,https://www.bizinfo.go.kr/cmm/fms/getImageFile.do?atchFileId=FILE_000000000741407&fileSn=1,2026년_『희망리턴패키지_원스톱폐업지원』_소상공인_모집_공고.hwp,,,"온라인 접수 - 사업정리 컨설팅, 법률자문ㆍ채무조정 : 희망리턴패키지 홈페이지 - 점포철거비 지원 : 소상공인 24 홈페이지",소상공인 통합콜센터 1533-0100 (4번 희망리턴패키지),https://www.sbiz.or.kr/nhrp/main.do,2026-01-21 11:14:01,management_seoul.json,bizinfo
PBLN_000000000121182,2026년 희망리턴패키지 재기사업화(경영개선) 위기 소상공인 진단ㆍ멘토링 지원 모집 공고,중소벤처기업부,소상공인시장진흥공단,경영,예산 소진시까지,소상공인,전국_또는_지역미지정,,True,"소상공인,폐업","소상공인의 안정적 재기를 지원하기 위한 2026년 제1회 추가경정예산 「희망리턴패키지 재기사업화(경영개선) 위기 소상공인 진단·멘토링 지원」사업을 다음과 같이 공고합니다. ☞ 위기 소상공인 - 공단ㆍ지역신보ㆍ민간은행(17개사)으로부터 위기징후 모니터링 선별 기준에 따라 위기 소상공인으로 선별되어 위기 알림톡을 받은 자로서, 사업체를 휴ㆍ폐업하지 않고 정상적으로 영업 중인 소상공인 ※ 자세한 지원대상 공고문 참조 ☞ 경영진단ㆍ멘토링 등 지원 - (경영진단) 전문가가 소상공인 사업장에 방문하여 빅데이터와 표준 진단지를 통해 진단하고, 진단결과에 대한 상담 및 개선지도 지원 - (밀착 멘토링) 경영위기 극복에 필요한 핵심 전략 제시와 전략 이행 완수를 위한 전담 관리자(PM) 지원 및 사업화 성과 확장을 위해 필요한 추가적인 채움멘토링 지원 ※ 자세한 지원내용 공고문 참조",https://www.bizinfo.go.kr/sii/siia/selectSIIA200Detail.do?pblancId=PBLN_000000000121182,https://www.bizinfo.go.kr/cmm/fms/getImageFile.do?atchFileId=FILE_000000000752581&fileSn=0,「2026년+희망리턴패키지+재기사업화(경영개선)+위기+소상공인+진단·멘토링+지원」+소상공인+모집공고+.pdf,,,온라인 접수 (희망리턴패키지) ※ 신청 지역 : 사업장 소재지를 기준으로 지역 선택,"(시스템 관련 오류 문의) 1644-5302 / (사업관련 문의) (사)한국스마트컨설팅협회 (서울ㆍ강원) 1833-7113 / 한국경영기술지도사회 (서울) 02-569-8122, 8123 (강원) 033-255-8125, 8126 및 각 지역별 주관기관 문의처 공고문 8p 참조",https://www.sbiz.or.kr/nhrp/main.do,2026-04-23 10:14:59,management_seoul.json,bizinfo
PBLN_000000000117972,[대전] 중구 2026년 소상공인 특례보증 지원사업 공고,대전광역시,대전신용보증재단,금융,예산 소진시까지,소상공인,서울_자치구,중구,True,"소상공인,특례보증,보증",고물가ㆍ고금리 등 경영위기 악화 및 경기침체로 인한 소상공인의 경영애로 해소 및 정상화를 도모하고자 2026년 대전광역시 중구 소상공인 특례보증 지원사업을 아래와 같이 공고합니다. ☞ 대전광역시 중구에 사업장을 두고 3개월 이상 영업 중이며 신용평점이 일정기준 이상인 소상공인 ☞ 보증(대출)한도 업체당 최대 3천만원 이내 지원 ※ 자세한 지원내용 공고문 참조,https://www.bizinfo.go.kr/sii/siia/selectSIIA200Detail.do?pblancId=PBLN_000000000117972,https://www.bizinfo.go.kr/cmm/fms/getImageFile.do?atchFileId=FILE_000000000742081&fileSn=0,2026년 대전광역시 중구 소상공인 특례보증 지원사업 공고.hwp,,,온라인 접수(보증드림 앱 또는 하나은행 앱) ※ 만 70세이상 고령자 대면 접수 가능(대전 내 하나은행 또는 신용보증재단 영업점 방문),하나은행 전 영업점 1599-1111 / 대전신용보증재단 중구지점 042-380-3802 / 대전광역시 중구 일자리경제과 042-606-7223,,2026-01-29 09:16:06,finance_all.json,bizinfo
PBLN_000000000123336,[서울] 2026년 2차 서울제로마켓 활성화 사업 참여자 모집 공고,서울특별시,서울디자인재단,경영,모집 완료시,중소기업,서울_공통,,True,"소상공인,소기업","서울시와 서울디자인재단은 의 일환으로 생산, 유통, 소비 단계에서의 폐기물 감량 및 친환경 소비를 확산하고자 하는 ‘2026년 서울제로마켓 활성화 사업’ 참여자를 모집합니다. ☞ 서울 소재 기업, 소상공인, 단체 등 - 다회용기 배달 운영 매장(배달앱 등을 통한 다회용기 사용 내역 증빙 필수) - 무포장, 소분, 리필스테이션, 친환경 포장재, 포장재 줄이기 中 1종 이상 운영 중인 매장 - 물품 판매 또는 음식 조리ㆍ판매가 가능한 사업자등록증(도매 및 소매업, 숙박 및 음식점업 등) 소지자 ☞ 매장별 1,200,000원 지원, 사업 운영을 위한 교육 (보조금 사용 교육), 서울제로마켓 브랜드 홍보 등 지원 ※ 자세한 지원내용 공고문 참조",https://www.bizinfo.go.kr/sii/siia/selectSIIA200Detail.do?pblancId=PBLN_000000000123336,https://www.bizinfo.go.kr/cmm/fms/getImageFile.do?atchFileId=FILE_000000000760508&fileSn=1,1.2026년 서울제로마켓 2차 모집 공고문.hwpx,https://www.bizinfo.go.kr/cmm/fms/getImageFile.do?atchFileId=FILE_000000000760509&fileSn=1@https://www.bizinfo.go.kr/cmm/fms/getImageFile.do?atchFileId=FILE_000000000760509&fileSn=2@https://www.bizinfo.go.kr/cmm/fms/getImageFile.do?atchFileId=FILE_000000000760509&fileSn=3,서울제로마켓 2차 모집 포스터.pdf@2.(양식)지원신청서 및 사업계획서.hwp@(양식)지원신청서 및 사업계획서.doc,이메일 접수(sup_zero@seouldesign.or.kr),"서울디자인재단 02-2153-0426, 0423",,2026-06-18 11:16:09,management_seoul.json,bizinfo
PBLN_000000000120006,[서울] 2026년 노동환경개선컨설팅 사업 대상 모집 공고,서울특별시,직접수행,경영,선착순 마감,중소기업,서울_공통,,True,소기업,"서울시에서는 서울시 소재 사업장의 노동자의 노동권익을 보호 및 증진하기 위하여 다음과 같이 「2026년 서울시 노동환경개선컨설팅 사업」 대상을 모집합니다. ☞【市 유관 사업장】서울시 발주 10억원 미만 건설, 상시근로자 수 30인 미만 일반용역 사업장, 창업허브 입주기업(창업 7년 미만), 서울형 강소기업 -【민간 사업장】상시근로자 수 30인 미만 사업장 ※ 해당 요건 중 1개 이상 충족시 신청 가능 ☞ 컨설팅 내용 : 노무사 현장 방문ㆍ점검, 서류 확인, 사업주ㆍ노동자 개별 면담 ※ 자세한 지원내용 공고문 참조",https://www.bizinfo.go.kr/sii/siia/selectSIIA200Detail.do?pblancId=PBLN_000000000120006,https://www.bizinfo.go.kr/cmm/fms/getImageFile.do?atchFileId=FILE_000000000748613&fileSn=0,공고문(2026-902 2026년 노동환경개선컨설팅).hwpx,,,이메일 및 온라인 접수 - 이메일 : ejr0211@seoul.go.kr - 온라인 : 구글폼,서울특별시청 노동정책과 02-2133-5432,https://docs.google.com/forms/d/e/1FAIpQLSdE6PLHAjA7yRpoLGK2b58_CfRFJTn_8-7rse9v3ZiyK2Dfxg/viewform,2026-03-26 14:33:47,management_seoul.json,bizinfo
PBLN_000000000119017,[서울] 2026년 새 길 여는 폐업지원 사업 모집 공고,서울특별시,서울신용보증재단,경영,예산 소진시까지,소상공인,서울_공통,,True,"소상공인,폐업,점포,보증","폐업은 하고 싶은데, 절차나 방법 때문에 고민 중이신가요? 마땅한 일자리를 찾지 못할까 폐업을 망설이시나요? 사장님, 혼자 고민하지 마세요. 폐업 예정 소상공인에게 사업정리 컨설팅ㆍ역량 강화 교육부터 비용지원과 전직을 위한 유관기관 프로그램 연계 안내 및 관리까지, 재도전의 모든 과정에 동행합니다. ☞ 폐업 예정인 사업자 중 아래 ①, ②, ③번 사항을 모두 충족하는 소상공인 ① 사업자등록증상 사업장 소재지가 서울이며, 신청일 현재 사업자 등록을 유지 중인 점포형 소상공인 ② 신청일 현재 사업자등록증 상 개업연월일로부터 6개월 이상 경과 ③ 2026년 10월 이내 폐업 신고 완료 예정 ☞ 사업정리 컨설팅 2회, 전직 지원프로그램 안내 및 마인드 셋 교육, 솔루션 이행 비용 (최대 3백만원 이내, 부가세 신청업체 부담) 지원",https://www.bizinfo.go.kr/sii/siia/selectSIIA200Detail.do?pblancId=PBLN_000000000119017,https://www.bizinfo.go.kr/cmm/fms/getImageFile.do?atchFileId=FILE_000000000745140&fileSn=0,2026년_새_길_여는_폐업지원_사업_모집_공고문.pdf,,,온라인 접수(서울시 소상공인 종합지원 포털),서울신용보증재단 1577-6119 / 다산콜재단 120,https://www.seoulsbdc.or.kr/bsinfo/ARNG_NPATH_CNSL.do,2026-03-03 11:00:32,management_seoul.json,bizinfo
PBLN_000000000124107,[서울] 2026년 소상공인 온라인 유통 MD 상담 참여 소상공인 모집 공고,서울특별시,직접수행,경영,상시 접수,소상공인,서울_공통,,True,소상공인,"서울시 소재 소상공인들의 지속 가능한 유통 경쟁력 확보 및 대형 유통사 납품 기회 확대 지원을 위한 「2026년 서울시 소상공인 온라인 유통 MD 상담」 사업에 참여할 소상공인을 다음과 같이 모집하오니 많은 참여 바랍니다. ☞ 서울시 소재 소상공인 (상시근로자수 10인(5인) 미만 기업) ※ 제조업, 광업, 건설업, 운수업은 10인 미만, 기타 업종은 5인 미만 ☞ 국내외 다양한 분야의 유통채널 MD 매칭을 통한 온라인 상담 진행(1:1 또는 그룹상담), 유통 및 커머스 트렌드 전문가 교육 등 지원",https://www.bizinfo.go.kr/sii/siia/selectSIIA200Detail.do?pblancId=PBLN_000000000124107,https://www.bizinfo.go.kr/cmm/fms/getImageFile.do?atchFileId=FILE_000000000763521&fileSn=0,서울시 소상공인 온라인 유통 MD 상담 지원 공고문.docx,,,온라인 접수 (모아폼),"(사업신청 및 서류접수문의) WK마케팅그룹 02-571-7752, seoulpanro@wkmg.co.kr / (사업 관련 정책 문의) 서울시 02-2133-5143, peachf61@seoul.go.kr",https://answer.moaform.com/answers/M1Q1nB,2026-07-08 11:26:26,management_seoul.json,bizinfo
PBLN_000000000117111,[서울] 2026년 중소기업육성자금 융자지원 계획 공고,서울특별시,서울신용보증재단,금융,예산 소진시까지,중소기업,서울_공통,,True,"보증,소기업,소상공인,육성기금,융자","「서울특별시 중소기업육성기금의 설치 및 운용에 관한 조례」제16조의 규정에 의하여 2026년도 서울특별시중소기업육성자금 융자지원 계획을 다음과 같이 공고합니다. ☞ 서울특별시 중소기업육성기금의 설치 및 운용에 관한 조례 시행규칙」 별표1 에 해당하는 서울 소재 중소기업 및 소상공인 ※ 자세한 지원대상 공고문 참조 ☞ 직접융자금, 시중은행협력자금, 안심통장 등 지원 ※ 자세한 지원내용 공고문 참조",https://www.bizinfo.go.kr/sii/siia/selectSIIA200Detail.do?pblancId=PBLN_000000000117111,https://www.bizinfo.go.kr/cmm/fms/getImageFile.do?atchFileId=FILE_000000000739747&fileSn=1,2026년 중소기업육성자금 융자지원 계획 공고문(260102).pdf,https://www.bizinfo.go.kr/cmm/fms/getImageFile.do?atchFileId=FILE_000000000739748&fileSn=0@https://www.bizinfo.go.kr/cmm/fms/getImageFile.do?atchFileId=FILE_000000000739748&fileSn=1@https://www.bizinfo.go.kr/cmm/fms/getImageFile.do?atchFileId=FILE_000000000739748&fileSn=2,[별표 3] 시설자금 지원사업별 융자조건 및 한도(서울특별시 중소기업육성기금의 설치 및 운용에 관한 조례 시행규칙).hwp@[별표 2] 시설자금 융자대상(서울특별시 중소기업육성기금의 설치 및 운용에 관한 조례 시행규칙).hwp@[별표 1] 경영안정자금 융자대상(서울특별시 중소기업육성기금의 설치 및 운용에 관한 조례 시행규칙).hwp,온라인 및 방문 접수 - 서울신용보증재단 모바일앱 (공고문 2p QR 참고) - 서울신용보증재단 누리집,서울신용보증재단 고객센터 1577-6119,https://www.seoulshinbo.co.kr/,2026-01-05 11:03:42,"finance_all.json,finance_seoul.json",bizinfo
PBLN_000000000122297,[서울] 2026년 직장 내 성희롱ㆍ성폭력 예방 컨설팅 참여기업 모집 공고,서울특별시,서울시여성가족재단,경영,2026-05-13 ~ 2026-12-31,중소기업,서울_공통,,True,소기업,"안녕하세요. 서울시여성가족재단 일생활균형지원센터입니다. 서울 소재 중소기업을 대상으로 일ㆍ생활균형 무료 컨설팅ㆍ교육 프로그램을 시행합니다. 전문 컨설턴트가 함께하여 각 기업의 특성에 맞는 일ㆍ생활균형 제도와 조직문화 구축을 돕고, 임직원의 만족도와 조직 성과를 동시에 높일 수 있도록 안내해 드립니다. 이번 기회를 통해 귀사에 맞는 조직문화를 만들어 보시기 바랍니다. ☞ 서울시 소재 중소기업(강소기업 등) ☞ 맞춤형 대면 컨설팅 지원",https://www.bizinfo.go.kr/sii/siia/selectSIIA200Detail.do?pblancId=PBLN_000000000122297,https://www.bizinfo.go.kr/cmm/fms/getImageFile.do?atchFileId=FILE_000000000756590&fileSn=0,(포스터) 직장 내 성희롱 예방 컨설팅.pdf,,,이메일 및 온라인 접수 - 이메일 : swfcenter@seoulwomen.or.kr - 서울시 중소기업 워라벨 포인트제 https://pointseoul.or.kr - 구글폼 https://m.site.naver.com/27Rey,"서울시여성가족재단 일·생활균형지원센터 02-810-5233, 5215, 5232, 5213 / swfcenter@seoulwomen.or.kr",https://m.site.naver.com/27Rey,2026-05-21 13:51:41,management_seoul.json,bizinfo
PBLN_000000000123842,[서울] 2026년 하반기 위기 소상공인 조기발굴 및 선제지원(Track2) 사업 모집 공고,서울특별시,서울신용보증재단,경영,예산 소진시까지,소상공인,서울_공통,,True,"소상공인,소기업,점포,보증","경영위기에 직면한 소상공인에게 조기 위기 탈출 및 재도약 기반 마련을 지원하기 위한 2026년 하반기 「위기 소상공인 조기발굴 및 선제지원(Track2)」 대상을 아래와 같이 모집합니다. ☞ 서울시 내에서 사업장을 운영중인 점포형 소상공인 중 아래 조건 하나에 해당하는 소상공인 - 매출감소 : 업력이 2년 이상이며 최근 6개월 또는 전년 대비 매출 감소로 경영 위기에 직면한 소상공인 - 재해피해 : 재해중소기업 확인증 또는 피해사실확인서 발급 기업 ☞ 현장방문 예비진단, 경영진단 및 맞춤형 컨설팅(필수 2회), 솔루션 이행 비용 (부가가치세 제외 최대 3백만원) 지원 ※ 자세한 지원내용 공고문 참조",https://www.bizinfo.go.kr/sii/siia/selectSIIA200Detail.do?pblancId=PBLN_000000000123842,https://www.bizinfo.go.kr/cmm/fms/getImageFile.do?atchFileId=FILE_000000000762454&fileSn=1,2026년 하반기 위기 소상공인 조기발굴 및 선제지원(Track2) 모집공고+.pdf,https://www.bizinfo.go.kr/cmm/fms/getImageFile.do?atchFileId=FILE_000000000762455&fileSn=1,2026년 하반기 위기 소상공인 조기발굴 및 선제지원(Track2) 모집공고.hwp,온라인 접수 (서울시 소상공인 종합지원 포털),서울신용보증재단 1577-6119 / 서울시 다산콜센터 120,https://www.seoulsbdc.or.kr/main.do,2026-07-01 14:36:25,management_seoul.json,bizinfo
PBLN_000000000123844,[서울] 2026년 하반기 중장년 소상공인 디지털 전환지원 사업 모집 공고,서울특별시,서울신용보증재단,경영,예산 소진시까지,소상공인,서울_공통,,True,"소상공인,보증","디지털 전환을 통한 소상공인의 지속가능한 성장을 도모하기 위하여 중장년 소상공인 디지털 전환지원 사업의 하반기 참여 소상공인을 모집하오니 많은 참여를 바랍니다. ☞ 사업 신청일 기준 다음 요건을 모두 충족하는 소상공인 - 만 40세 이상이며, 사업자등록증상 사업장 소재지가 ‘서울시’인 기업 ※ 개업일이 2025년 7월 1일 이전인 자 ☞ 디지털 전환을 위한 교육, 컨설팅, 비용, 사후관리 지원 ※ 자세한 지원내용 공고문 참조",https://www.bizinfo.go.kr/sii/siia/selectSIIA200Detail.do?pblancId=PBLN_000000000123844,https://www.bizinfo.go.kr/cmm/fms/getImageFile.do?atchFileId=FILE_000000000762474&fileSn=1,(붙임) 2026년 하반기 중장년 소상공인 디지털 전환지원 사업 모집공고+.pdf,https://www.bizinfo.go.kr/cmm/fms/getImageFile.do?atchFileId=FILE_000000000762475&fileSn=1,(붙임) 2026년 하반기 중장년 소상공인 디지털 전환지원 사업 모집공고.hwp,온라인 접수 (서울시 소상공인 종합지원 포털),서울신용보증재단 1577-6119 / 서울시 다산콜센터 120,https://www.seoulsbdc.or.kr/main.do,2026-07-01 14:43:50,management_seoul.json,bizinfo
PBLN_000000000125836,[서울] 강남구 2026년 하반기 중소기업육성기금 융자지원 계획 공고,서울특별시,기초자치단체,금융,예산 소진시까지,중소기업,서울_자치구,강남구,True,"보증,소기업,소상공인,시설자금,운전자금,육성기금,융자","「서울특별시 강남구 중소기업 육성기금 설치 및 운용 조례」 및 동조례 시행규칙에 따라 2026년 하반기 중소기업육성기금 융자지원 계획을 다음과 같이 공고합니다. ☞ 사업자등록 1년 경과(서류 접수일 기준)된 관내 중소기업 및 소상공인 - 은행 여신규정에 의한 담보(부동산 또는 신용보증서) 능력이 있는 자 ☞ 중소기업 육성기금(법인사업자 융자한도 3억원 이내, 개인사업자 융자한도 1억원 이내) 지원 - 운전자금, 시설자금, 기술개발자금",https://www.bizinfo.go.kr/sii/siia/selectSIIA200Detail.do?pblancId=PBLN_000000000125836,https://www.bizinfo.go.kr/cmm/fms/getImageFile.do?atchFileId=FILE_000000000770772&fileSn=0,[붙임 1] 2026년 하반기 중소기업육성기금 융자지원 계획 공고문.pdf,https://www.bizinfo.go.kr/cmm/fms/getImageFile.do?atchFileId=FILE_000000000770773&fileSn=0@https://www.bizinfo.go.kr/cmm/fms/getImageFile.do?atchFileId=FILE_000000000770773&fileSn=1@https://www.bizinfo.go.kr/cmm/fms/getImageFile.do?atchFileId=FILE_000000000770773&fileSn=2@https://www.bizinfo.go.kr/cmm/fms/getImageFile.do?atchFileId=FILE_000000000770773&fileSn=3,[붙임 2] 강남구 중소기업육성기금 융자지원 제한 업종.hwpx@[붙임 3] 신청서 및 동의서 등 작성 서식.zip@[붙임 4] 서울신용보증재단 보증서 발급 체크리스트.hwpx@[붙임 5] 융자신청 관련_질문과답변.hwpx,방문 접수 - 사업자별 취급점 공고문 참조 ※ 자세한 신청방법 공고문 참조,강남구청 지역경제과 기업상권지원팀 02-3423-5569 / (신용보증서 관련 문의) 서울신용보증재단 1577-6119 / 협력은행 별 문의처 공고문 참조,,2026-08-26 14:05:39,"finance_all.json,finance_seoul.json",bizinfo
PBLN_000000000118094,[서울] 관악구 2026년 상반기 중소기업육성기금 융자지원 계획 공고,서울특별시,기초자치단체,금융,예산 소진시까지,중소기업,서울_자치구,관악구,True,"소기업,소상공인,육성기금,융자","「서울특별시 관악구 중소기업육성기금 설치 및 운용 조례」 제7조 및 제8조에 따라 관악구 중소기업육성기금 융자지원 계획을 아래와 같이 공고합니다. ☞ 관악구에 사업장을 두고 사업자등록한 지 6개월 경과한 관내 중소기업자 및 소상공인 ☞ 중소기업 1억원 이내, 소상공인 5천만원 이내 융자 지원",https://www.bizinfo.go.kr/sii/siia/selectSIIA200Detail.do?pblancId=PBLN_000000000118094,https://www.bizinfo.go.kr/cmm/fms/getImageFile.do?atchFileId=FILE_000000000742543&fileSn=0,2026년도 상반기 관악구 중소기업육성기금 융자지원 공고문.pdf,https://www.bizinfo.go.kr/cmm/fms/getImageFile.do?atchFileId=FILE_000000000742544&fileSn=0@https://www.bizinfo.go.kr/cmm/fms/getImageFile.do?atchFileId=FILE_000000000742544&fileSn=1@https://www.bizinfo.go.kr/cmm/fms/getImageFile.do?atchFileId=FILE_000000000742544&fileSn=2,2026년도 상반기 관악구 중소기업육성기금 융자지원 공고문.hwpx@융자신청서(사업계획서 및 개인정보수집동의서).pdf@융자신청서(사업계획서 및 개인정보수집동의서).hwpx,방문 접수 - 접수처 : 우리은행 관악구청지점(관악구청 지하1층),관악구청 지역상권활성화과 소상공인정책팀 02- 879-5749 우리은행 관악구청지점 02-887-3803(내선:310),,2026-02-02 13:34:50,"finance_all.json,finance_seoul.json",bizinfo
PBLN_000000000125555,[서울] 성북구 2026년 하반기 중소기업육성기금 융자지원 계획 공고,서울특별시,서울신용보증재단,금융,2026-08-18 ~ 2026-09-04,중소기업,서울_자치구,성북구,True,"보증,소기업,소상공인,시설자금,운전자금,육성기금,융자","「서울특별시 성북구 기금관리 기본 조례」제20조 및 같은 조례 시행규칙 제52조에 따라 2026년도 하반기 성북구 중소기업육성기금 융자 지원 계획을 다음과 같이 공고합니다. ☞ 성북구 내에서 사업자등록 후 3개월 이상 사업을 경영하고 있는 중소기업 및 소상공인 중 은행 여신 규정에 의한 담보 능력이 있는 사업자 - 우리은행 대출약관 규정에 따른 담보 설정 또는 서울신용보증재단 등의 보증서 발행 가능 업체 ※ 자세한 지원대상 공고문 참조 ☞ 운영자금(경영안전자금, 운전자금) 및 설비자금(시설자금, 기술개발자금) 지원 - 지원금리 : 연 1.2% ※ 자세한 지원내용 공고문 참조",https://www.bizinfo.go.kr/sii/siia/selectSIIA200Detail.do?pblancId=PBLN_000000000125555,https://www.bizinfo.go.kr/cmm/fms/getImageFile.do?atchFileId=FILE_000000000769641&fileSn=0,2026년도 하반기 성북구 중소기업육성기금 융자 지원 계획 공고문(안)관인.hwpx,https://www.bizinfo.go.kr/cmm/fms/getImageFile.do?atchFileId=FILE_000000000769642&fileSn=0@https://www.bizinfo.go.kr/cmm/fms/getImageFile.do?atchFileId=FILE_000000000769642&fileSn=1,중소기업 육성기금 융자추천 신청서.hwpx@중소기업 육성기금 사업계획서.hwpx,방문 접수 - 접수처 : 성북구청 8층 지역경제과,"성북구청 지역경제과 02-2241-3965 (담보 대출) 우리은행 성북구청지점 02-924-4161, 내선번호 222 (신용 대출) 서울신용보증재단 성북지점 02-2174-4579, 4580",,2026-08-19 09:55:18,"finance_all.json,finance_seoul.json",bizinfo
PBLN_000000000125499,[서울] 용산구 이태원 1ㆍ2동 대상 특별 중소기업육성기금 융자지원계획 공고,서울특별시,기초자치단체,금융,예산 소진시까지,중소기업,서울_자치구,용산구,True,"보증,소기업,소상공인,육성기금,융자","「서울특별시 용산구 중소기업 육성기금 설치 및 운용조례」제12조의 규정에 의하여 이태원 1ㆍ2동 대상 특별 중소기업육성기금 융자지원계획을 다음과 같이 공고합니다. ☞ 이태원 1ㆍ2동 내 매장형 업체를 운영 중인 중소기업자 및 소상공인 ☞ 중소기업(3억원 이내), 소상공인(1억원 이내) 융자한도 지원 ※ 자세한 지원내용 공고문 참조",https://www.bizinfo.go.kr/sii/siia/selectSIIA200Detail.do?pblancId=PBLN_000000000125499,https://www.bizinfo.go.kr/cmm/fms/getImageFile.do?atchFileId=FILE_000000000769409&fileSn=0,1_공고문.hwpx,https://www.bizinfo.go.kr/cmm/fms/getImageFile.do?atchFileId=FILE_000000000769410&fileSn=0@https://www.bizinfo.go.kr/cmm/fms/getImageFile.do?atchFileId=FILE_000000000769410&fileSn=1,2_신청서(2026).hwpx@3_중소기업 규모 기준.hwpx,"방문 접수 - 접수처 : 용산구청 우리은행 중소기업육성기금 원스톱서비스 창구 ※ 단, 신용보증서로 담보제공 시 신용보증재단 용산종합지원센터(남영역 1번출구 하차)에서 사전상담 필수 ※ 자세한 신청방법 공고문 참조","우리은행 중소기업육성기금 원스톱창구 02-795-8014, 내선 311 / 서울신용보증재단 용산종합지원센터 02-2174-4721, 4727 / 용산구청 지역경제과 지역경제팀 02- 2199-6784",,2026-08-18 09:31:08,"finance_all.json,finance_seoul.json",bizinfo
PBLN_000000000118108,[서울] 은평구 2026년 소규모 자영업자 LED간판 설치 지원사업 공고,서울특별시,기초자치단체,경영,예산 소진시까지,소상공인,서울_자치구,은평구,True,"소상공인,자영업자,자영업",불법간판을 정비하고 규정에 맞는 간판설치를 유도하여 도시미관 개선에 기여하기 위한 「2026년 소규모 자영업자 LED간판 설치 지원사업」을 다음과 같이 공고하니 많은 참여 바랍니다. ☞ 다음을 모두 충족하는 은평구 관내에 사업장이 등록된 소규모 자영업자 - 면적 기준 : 99㎡ 미만 - 은평구에 등록된 옥외광고업체를 선정해 간판 설치하는 사업자 - 2025. 1. 1. 이후 은평구에서 간판 교체 지원받은 내역이 없는 사업자 ☞ 영업장 면적 99㎡(30평) 미만 신규 및 기존 자영업자에게 에너지 절약형 LED벽면이용간판(입체형 또는 판류형) 1개 지원 - 각 업소당 800천원 이내 지원,https://www.bizinfo.go.kr/sii/siia/selectSIIA200Detail.do?pblancId=PBLN_000000000118108,https://www.bizinfo.go.kr/cmm/fms/getImageFile.do?atchFileId=FILE_000000000742602&fileSn=0,공고문.hwp,https://www.bizinfo.go.kr/cmm/fms/getImageFile.do?atchFileId=FILE_000000000742603&fileSn=0@https://www.bizinfo.go.kr/cmm/fms/getImageFile.do?atchFileId=FILE_000000000742603&fileSn=1@https://www.bizinfo.go.kr/cmm/fms/getImageFile.do?atchFileId=FILE_000000000742603&fileSn=2,붙임 1 광고물 디자인 가이드라인.hwp@붙임 2 소심의 신청서.hwp@붙임 3 보조금 신청서.hwp,방문 접수 - 접수처 : 은평구청 공간계획과(4층),"은평구 공간계획과 광고물관리팀 02-351-7443, 7439",,2026-02-03 09:35:12,management_seoul.json,bizinfo
PBLN_000000000117950,[인천] 중구 2026년 소상공인 (특례)협약보증 지원 사업 공고,인천광역시,인천신용보증재단,금융,예산 소진시까지,소상공인,서울_자치구,중구,True,"소상공인,이차보전,융자,보증","「2026년도 인천광역시 중구 소상공인 협약보증 지원 사업」을 다음과 같이 공고합니다. ☞ 인천광역시 중구 소재 사업장을 소유한 소상공인 ☞ 융자한도 총 보증금액 1억 원 이내 지원 - 대출금리 및 이차보전 : 개인신용도에 따라 다름, 區 2.5%(최초 3년간) 이차보전",https://www.bizinfo.go.kr/sii/siia/selectSIIA200Detail.do?pblancId=PBLN_000000000117950,https://www.bizinfo.go.kr/cmm/fms/getImageFile.do?atchFileId=FILE_000000000742112&fileSn=0,2026년 소상공인 (특례)협약보증 지원 사업 공고.hwp,,,방문 접수 - 접수처 : 인천신용보증재단 중부지점,인천신용보증재단 중부지점 032-766-8090~3 / 인천 중구청 경제산업과 032-760-7406,,2026-01-29 10:42:35,finance_all.json,bizinfo
PBLN_000000000117979,[인천] 중구 2026년 소상공인 특례보증 지원 사업 공고,인천광역시,인천신용보증재단,금융,예산 소진시까지,소상공인,서울_자치구,중구,True,"소상공인,특례보증,융자,보증","「2026년도 인천광역시 중구 소상공인 특례보증 지원사업」을 다음과 같이 공고합니다. ☞ 「소상공인기본법 제2조」규정에 의한 인천광역시 중구 소재 사업장을 소유한 소상공인 ☞ 시설개선자금(3천만 원 이내), 경영자금(2천만 원 이내) 융자 지원",https://www.bizinfo.go.kr/sii/siia/selectSIIA200Detail.do?pblancId=PBLN_000000000117979,https://www.bizinfo.go.kr/cmm/fms/getImageFile.do?atchFileId=FILE_000000000742093&fileSn=0,2026년 소상공인 특례보증 지원 사업 공고.hwp,,,방문 접수 - 접수처 : 인천신용보증재단 중부지점,인천신용보증재단 중부지점 032-766-8090~3 / 인천 중구청 경제산업과 032-760-7406,,2026-01-29 10:08:29,finance_all.json,bizinfo
PBLN_000000000117908,소상공인 경영안정 바우처 지원사업 시행 공고,중소벤처기업부,소상공인시장진흥공단,경영,예산 소진시까지,소상공인,전국_또는_지역미지정,,True,"소상공인,경영안정","소상공인의 경영부담 완화를 위한 「소상공인 경영안정 바우처 지원사업」 시행계획을 다음과 같이 공고합니다. ☞ '25년 연 매출액 0원 초과 1억 400만원 미만이며, 영업중인 소상공인 ☞ 소상공인 1개사당 25만원 한도로 바우처 사용 지원 - 바우처 사용처 : 공과금, 4대 보험료, 차량연료비, 전통시장 화재공제료",https://www.bizinfo.go.kr/sii/siia/selectSIIA200Detail.do?pblancId=PBLN_000000000117908,https://www.bizinfo.go.kr/cmm/fms/getImageFile.do?atchFileId=FILE_000000000741999&fileSn=0,(붙임)_(중소벤처기업부_공고_제2026-37호)_소상공인_경영안정_바우처_지원사업_시행_공고.pdf,,,"온라인 접수(소상공인 24 또는 소상공인경영안정바우처.kr) ※ (2부제 운영) 원활한 신청을 위해 2월 9일(월) ~ 10일(화), 2일간은 사업자등록번호 끝자리 기준으로 2부제 운영(홀ㆍ짝제) ※ 2월 11일(수)부터는 사업자등록번호와 관계 없이 자유롭게 신청 가능",소상공인 경영안정 바우처 전용 콜센터 1533-0600 / 소상공인시장진흥공단 통합 콜센터 1533-0100 (내선번호 2번) / 소상공인시장진흥공단 지역본부 및 센터 문의처 공고문 참조,https://voucher.sbiz24.kr/coming-soon,2026-01-28 10:16:09,management_seoul.json,bizinfo
PBLN_000000000122373,2026년 과천시 중소기업 및 소상공인 육성자금 이자차액보전 지원계획 변경 공고,경기도,기초자치단체,금융,예산 소진시까지,중소기업,타지역,,True,"소기업,소상공인,융자","「과천시 중소기업 및 소상공인 지원 조례」 제5조에 따라, 2026년 과천시 중소기업 및 소상공인 육성자금 이자차액보전 지원계획을 아래와 같이 공고합니다. ☞ 「과천시 중소기업 및 소상공인 지원 조례」에 따른 중소기업, 벤처기업, 소상공인으로서, 과천시에 사업장을 두고 운영 중인 업체 - 관내로 이전하기 위해 토지 또는 건축물을 매입ㆍ임대 등 계약을 체결하고 비용의 50% 이상 지불했거나 또는 건축허가 등을 받고 공정률이 50%이상인 업체 ※ 자세한 지원대상 공고문 참조 ☞ 중소기업 및 소상공인 융자금(중소기업 5억원, 소상공인 1억원 이내)에 대한 이자차액 보전(2.5~3%) 지원",https://www.bizinfo.go.kr/sii/siia/selectSIIA200Detail.do?pblancId=PBLN_000000000122373,https://www.bizinfo.go.kr/cmm/fms/getImageFile.do?atchFileId=FILE_000000000756910&fileSn=1,2026년+과천시+중소기업+및+소상공인+육성자금+이자차액보전+지원계획+변경공고문_서식포함+.pdf,https://www.bizinfo.go.kr/cmm/fms/getImageFile.do?atchFileId=FILE_000000000756911&fileSn=0,2026년+과천시+중소기업+및+소상공인+육성자금+이자차액보전+지원계획+변경공고문_서식포함.hwpx,"방문 접수 - 접수처 : 관내 협약은행(국민, 기업, 농협, 신한, 우리, 하나)",과천시 기업정책과 기업정책팀 02-2150-3693 및 관내 협약은행 문의처 공고문 참조,,2026-05-26 09:44:03,"finance_all.json,finance_seoul.json",bizinfo
PBLN_000000000125603,2026년 디지털커머스 전문기관(소담스퀘어 in 부산) 제품사진 촬영지원 참가기업 모집 공고,부산광역시,부산경제진흥원,경영,2026-07-01 ~ 2026-09-30,소상공인,타지역,,True,소상공인,"소상공인 온라인 판로확대 및 활성화를 위한「2026년 제품사진 촬영 지원」을 아래와 같이 공고하오니 많은 관심과 참여 바랍니다. ☞ 국내에 사업자를 둔 소상공인 ☞ 온라인 제품 상세페이지에 활용되는 제품사진 촬영, 누끼샷, 다각도 촬영 기법 등을 활용한 촬영 원본/편집본 지원",https://www.bizinfo.go.kr/sii/siia/selectSIIA200Detail.do?pblancId=PBLN_000000000125603,https://www.bizinfo.go.kr/cmm/fms/getImageFile.do?atchFileId=FILE_000000000769840&fileSn=3,[공고문] 2026년 제품사진 촬영 지원 모집공고+.pdf,,,"온라인 접수 (판판대로, 소담스퀘어 in 부산) ※ 2곳에서 ‘모두’ 신청 완료하여야 함 ※ 자세한 신청방법 공고문 참조","부산경제진흥원 소상공인지원단 051-600-1367, zmk81@bepa.kr",https://fanfandaero.kr/portal/v2/preSprtBizPbancDetail.do?sprtBizCd=202603010200&sprtBizTrgtYn=Y&groupNo=,2026-08-20 09:45:20,management_seoul.json,bizinfo
PBLN_000000000122952,2026년 영세 소상공인 중소금융권 금융비용 지원사업 재공고,전남광주통합특별시,광주경제진흥상생일자리재단,금융,2026-06-08 ~ 2026-11-30,소상공인,타지역,,True,소상공인,"고금리로 어려움을 겪는 소상공인 금융부담 완화를 위해 ‘영세 소상공인 중소금융권 금융비용 지원사업’의 참여자를 다음과 같이 모집 공고합니다. ☞ ’25. 1. 1. ~ 12. 31.까지, 제2금융권에서 신규(갱신 제외)로 사업자 대출(가계대출 제외)을 받은 광주소재 개인사업자(법인사업자제외)로서 5%이상 금리로 대출을 받은 소상공인 ☞ ’25년도 신규 대출자가 ’25~26년 납부한 이자 일부(최대 12개월분, 1인당 100만원 한도) 지원 ※ 자세한 지원내용 공고문 참조",https://www.bizinfo.go.kr/sii/siia/selectSIIA200Detail.do?pblancId=PBLN_000000000122952,https://www.bizinfo.go.kr/cmm/fms/getImageFile.do?atchFileId=FILE_000000000759035&fileSn=1,2026년+영세소상공인+중소금융권+금융비용+지원사업+재공고.hwpx,https://www.bizinfo.go.kr/cmm/fms/getImageFile.do?atchFileId=FILE_000000000759036&fileSn=1,2026년+영세소상공인+중소금융권+금융비용+지원사업+신청서식.hwpx,"온라인 접수 (광주기업지원시스템) ※ 온라인 신청 원칙, 온라인 신청 어려울 시 오프라인 신청 가능(방문 접수) - 접수처 : 광주경제진흥상생일자리재단 3층 소상공인디지털전환실",광주경제진흥상생일자리재단 소상공인디지털전환실 062-960-2636,https://gjbizinfo.or.kr,2026-06-09 14:17:45,finance_all.json,bizinfo
PBLN_000000000123709,[강원] 2026년 2차 소상공인 경영안정자금 지원사업 공고,강원특별자치도,강원신용보증재단,금융,예산 소진시까지,소상공인,타지역,,True,"소상공인,경영안정,보증","강원특별자치도 소상공인의 경영안정화를 도모하고자「강원특별자치도 소상공인 지원 조례」제6조의 규정에 의하여 2026년도 강원특별자치도 소상공인 경영안정자금 지원사업을 다음과 같이 공고합니다. ☞ 도내 소재 사업장을 둔 소상공인(개인사업자) ※ 「소상공인기본법」에 따른 소상공인 : 광업ㆍ제조ㆍ건설ㆍ운수업(10인 미만), 그 외(5인 미만) ☞ 대출금액 최대 5천만원(대출기간 5년, 일시 또는 분할상환) 지원 - 이자, 보증료 지원, 영세 소상공인 우대금리, 다자녀 소상공인 이자 추가 지원 ※ 자세한 지원내용 공고문 참조",https://www.bizinfo.go.kr/sii/siia/selectSIIA200Detail.do?pblancId=PBLN_000000000123709,https://www.bizinfo.go.kr/cmm/fms/getImageFile.do?atchFileId=FILE_000000000761918&fileSn=1,강원특별자치도 공고 2026년 소상공인 경영안정자금(2차)★.pdf,,,"온라인, 방문 접수 - 접수처 : 농협ㆍ신한ㆍ국민ㆍ우리ㆍ하나은행 영업점 방문 - 온라인 : 농협ㆍ신한ㆍ국민ㆍ우리ㆍ하나은행ㆍ카카오뱅크 은행 앱(App), 보증드림 앱(App), 웹페이지 ※ 자세한 신청방법 공고문 참조","각 은행 영업점 및 콜센터 문의처 상이, 공고문 8~9p참조",https://untact.koreg.or.kr,2026-06-29 13:19:17,finance_all.json,bizinfo
PBLN_000000000117621,[강원] 속초시 2026년 소상공인 특례보증 수수료 지원 사업 공고,강원특별자치도,기초자치단체,금융,예산 소진시까지,소상공인,타지역,,True,"소상공인,특례보증,보증","속초시 소상공인들의 경영부담 완화 및 성장 지원을 위해「속초시 소상공인 특례보증 수수료 지원 사업」을 다음과 같이 공고합니다. ​☞ 속초시에 사업장을 둔 소상공인으로 강원신용보증재단을 통해 속초시 특례보증으로 대출을 실행한 자 ☞ 특례보증 수수료 0.8%, 최대 2개년분 지원(사후지원) - 속초시 소상공인 특례보증 추천을 받아 신용보증서 담보로 대출 실행 시 특례보증액 7천만원 이내, 보증기간 5년 이내에 대한 보증 수수료 0.8% 중 최대 2개년분 - 강원신용보증재단의 특례보증 신규 취급을 위한 보증료를 2026년에 납부 완료한 신용보증 수수료만 해당",https://www.bizinfo.go.kr/sii/siia/selectSIIA200Detail.do?pblancId=PBLN_000000000117621,https://www.bizinfo.go.kr/cmm/fms/getImageFile.do?atchFileId=FILE_000000000741218&fileSn=0,2026년 속초시 소상공인 특례보증 수수료 지원 사업 공고 (1).hwp,https://www.bizinfo.go.kr/cmm/fms/getImageFile.do?atchFileId=FILE_000000000741219&fileSn=0,속초시 특례보증 보증수수료 지원 신청서식.hwp,방문 접수 - 접수처 : 속초시청 지역경제과 경제정책팀,"속초시청 지역경제과 경제정책팀 033-639-2377, 2352",,2026-01-20 10:09:48,finance_all.json,bizinfo
PBLN_000000000117624,[강원] 속초시 2026년 소상공인 특례보증 지원 계획 공고,강원특별자치도,강원신용보증재단,금융,예산 소진시까지,소상공인,타지역,,True,"소상공인,소기업,경영안정,특례보증,이차보전,보증",속초시 관내 소상공인의 경영안정 지원을 위하여 「속초시 소상공인 특례보증 지원 계획」을 다음과 같이 공고합니다. ☞ 속초시에 사업장을 둔 소상공인 ☞ 소상공인 특례보증(업체별 7천만원 이내(한도증액)) 지원 ※ 중소기업육성자금 이차보전 지원사업과 중복지원 가능,https://www.bizinfo.go.kr/sii/siia/selectSIIA200Detail.do?pblancId=PBLN_000000000117624,https://www.bizinfo.go.kr/cmm/fms/getImageFile.do?atchFileId=FILE_000000000741220&fileSn=0,★2026년 속초시 소상공인 특례보증 지원 계획 공고.hwp,https://www.bizinfo.go.kr/cmm/fms/getImageFile.do?atchFileId=FILE_000000000741241&fileSn=0@https://www.bizinfo.go.kr/cmm/fms/getImageFile.do?atchFileId=FILE_000000000741241&fileSn=1,특례보증추천서(서식).hwp@특례보증신청서(서식).hwp,방문 접수 - 속초시 추천 후 강원신용보증재단에 신청서 제출 - 접수처 : 강원신용보증재단 속초지점 ※ 강원신용보증재단 방문 상담 시 예약 必 ※ 자세한 신청방법 공고문 참조,속초시청 지역경제과 경제정책팀 033-639-2352 / 강원신용보증재단 속초지점 033-260-0071,,2026-01-20 10:24:13,finance_all.json,bizinfo
PBLN_000000000117626,[강원] 속초시 2026년 중소기업육성자금 이차보전금 지원 계획 공고,강원특별자치도,기초자치단체,금융,예산 소진시까지,중소기업,타지역,,True,"소상공인,소기업,경영안정,이차보전,융자","속초시 관내 중소기업 육성과 경영안정 지원을 위해 「속초시 중소기업육성자금 이차보전금 지원 계획」을 다음과 같이 공고합니다. ☞ 속초시 내 본사ㆍ주사무소 또는 사업장을 둔 중소기업ㆍ소상공인 ☞ 2년간 이차보전 금리 2.5% 지원 - 융자 추천 한도 : 제조업 3억원, 비제조업 7천만원, 매출증빙 불가업체 3천만원 ※ 지원 우대 : 설악동 BㆍC지구 2억원, 여성기업 1억원 이내 추가지원",https://www.bizinfo.go.kr/sii/siia/selectSIIA200Detail.do?pblancId=PBLN_000000000117626,https://www.bizinfo.go.kr/cmm/fms/getImageFile.do?atchFileId=FILE_000000000741245&fileSn=0,2026년 속초시 중소기업육성자금 이차보전금 지원 계획 공고.hwp,https://www.bizinfo.go.kr/cmm/fms/getImageFile.do?atchFileId=FILE_000000000741246&fileSn=0@https://www.bizinfo.go.kr/cmm/fms/getImageFile.do?atchFileId=FILE_000000000741246&fileSn=1,붙임2 융자추천 심사기준 및 평가표 [별표 2].hwp@붙임1 속초시 중소기업육성자금 신청서(서식).hwp,방문 접수 - 접수처: 속초시청 경제관광국 지역경제과 ※ 협약 금융기관과 사전 대출상담 후 속초시청에 서류 제출 ※ 자세한 신청방법 공고문 참조,"속초시청 경제관광국 지역경제과 경제정책팀 033-639-2352, 2377",,2026-01-20 10:40:16,finance_all.json,bizinfo
PBLN_000000000125410,[강원] 양양군 2026년 2차 소상공인 특례보증 지원사업 공고,강원특별자치도,기초자치단체,금융,예산 소진시까지,소상공인,타지역,,True,"소상공인,경영안정,특례보증,보증",양양군 소상공인의 경영안정 지원을 위하여「양양군 소상공인 특례보증 지원사업(2차)」을 다음과 같이 공고합니다. ☞ 신청일 기준 양양군에 3개월 이상 사업장과 주민등록을 두고 운영 중인 소상공인 중 개인사업자 ※ 자세한 지원대상 공고문 참조 ☞ 특례보증(업체별 5천만원 이내) 지원,https://www.bizinfo.go.kr/sii/siia/selectSIIA200Detail.do?pblancId=PBLN_000000000125410,https://www.bizinfo.go.kr/cmm/fms/getImageFile.do?atchFileId=FILE_000000000769044&fileSn=0,2026년_양양군_소상공인_특례보증_지원사업(2차)_공고.hwpx,,,"온라인, 방문 접수 - 접수처 : 강원신용보증재단 - 온라인 : 강원신용보증재단 보증드림(웹사이트, 앱) ※ 자세한 신청방법 공고문 참조",양양군청 경제에너지과 소상공인지원팀 033-670-2957 강원신용보증재단 속초지점 033-260-0071,https://untact.koreg.or.kr,2026-08-13 10:07:35,finance_all.json,bizinfo
PBLN_000000000125411,[강원] 양양군 2026년 2차 소상공인 특례보증수수료 지원사업 공고,강원특별자치도,기초자치단체,금융,예산 소진시까지,소상공인,타지역,,True,"소상공인,특례보증,보증","양양군 소상공인의 경영부담 완화 및 성장 지원을 위하여「양양군 소상공인 특례보증수수료 지원 사업(2차)」을 다음과 같이 공고합니다. ☞ 양양군에 사업장을 둔 소상공인(개인사업자)으로 강원신용보증재단을 통해 양양군 특례보증(2차)으로 대출을 실행한 자 ※ 자세한 지원대상 공고문 참조 ☞ 특례보증수수료 0.8%, 최대 2년분 지원",https://www.bizinfo.go.kr/sii/siia/selectSIIA200Detail.do?pblancId=PBLN_000000000125411,https://www.bizinfo.go.kr/cmm/fms/getImageFile.do?atchFileId=FILE_000000000769048&fileSn=1,2026년_양양군_소상공인_특례보증수수료_지원사업(2차)_공고.hwpx,,,방문 접수 - 접수처 : 양양군청 경제에너지과 소상공인지원팀,양양군청 경제에너지과 소상공인지원팀 033-670-2957,,2026-08-13 10:08:27,finance_all.json,bizinfo
PBLN_000000000117656,[강원] 양양군 2026년 중소기업육성자금 지원계획 공고,강원특별자치도,기초자치단체,금융,예산 소진시까지,중소기업,타지역,,True,"소상공인,소기업,운전자금,시설자금,융자","「양양군 지역경제 촉진 등에 관한 조례 시행규칙」제11조의 규정에 의하여 2026년도 양양군 중소기업육성자금 지원계획을 다음과 같이 공고합니다. ☞ 양양군 소재 중소기업 및 소상공인 - 법인사업체 : 양양군 관내에 본사, 주사무소 또는 사업장을 두고 있는 업체 - 개인사업자 : 양양군 관내에 사업장 및 대표자 주소를 두고 있는 자 ☞ 운전자금, 시설자금 융자 지원 ※ 자세한 사항 공고문 참조",https://www.bizinfo.go.kr/sii/siia/selectSIIA200Detail.do?pblancId=PBLN_000000000117656,https://www.bizinfo.go.kr/cmm/fms/getImageFile.do?atchFileId=FILE_000000000741304&fileSn=0,2026년 양양군 중소기업육성자금 지원계획 공고.hwp,,,"방문 접수 - 접수처: 양양군청 3층 경제에너지과 기업지원팀 ※ 협약 금융기관과 사전 대출상담 후 양양군청에 서류 제출 - 금융기관 : NH농협은행 양양군지부, 강현농협, 서광농협, 속초양양축협, 신한은행 양양지점, 양양농협, 양양새마을금고, 양양신용협동조합, 하조대농협 ※ 자세한 신청방법 공고문 참조",양양군청 경제에너지과 기업지원팀 033-670-2690,,2026-01-20 14:53:54,finance_all.json,bizinfo
PBLN_000000000120268,[강원] 원주시 2026년 소상공인 경영안정자금 지원 사업 변경 공고,강원특별자치도,기초자치단체,금융,예산 소진시까지,소상공인,타지역,,True,"소상공인,경영안정,이차보전,보증","원주시 소상공인의 경영안정 지원을 위하여 「2026년 원주시 소상공인 경영안정자금 지원 사업」을 다음과 같이 공고합니다. ☞ 신청일 현재 사업장이 원주시에 소재하고, 2025. 12. 31.까지 그 소재지로 사업자 등록을 한 소상공인 ※ 자세한 신청자격 공고문 참조 ☞ 최대 연 3.0% 이차보전(업체당 5천만 원 이하 / 최대 3년 이내), 협약보증(업체당 5천만원 이내) 지원 ※ 자세한 지원내용 공고문 참조",https://www.bizinfo.go.kr/sii/siia/selectSIIA200Detail.do?pblancId=PBLN_000000000120268,https://www.bizinfo.go.kr/cmm/fms/getImageFile.do?atchFileId=FILE_000000000749498&fileSn=0,2026년 원주시 소상공인 경영안정자금 지원 사업 공고 （변경 260327）.hwp,,,방문 접수 및 온라인 접수 - 접수처 : 원주시청 9층 경제진흥과 - 온라인 접수 : 강원신용보증재단 통합플랫폼 앱 ※ 지원내용별 상이하므로 자세한 신청방법 공고문 참조,원주시청 경제진흥과 소상공인지원팀 033-737-2936 / 강원신용보증재단 원주지점 033-260-0051,https://untact.koreg.or.kr,2026-04-01 15:50:33,finance_all.json,bizinfo
PBLN_000000000117588,[강원] 춘천시 2026년 중소기업 특례보증 지원계획 공고,강원특별자치도,강원신용보증재단,금융,예산 소진시까지,중소기업,타지역,,True,"소상공인,소기업,특례보증,보증","「춘천시 지역경제 촉진 등에 관한 조례」 제4조에 따른 춘천시 소재 중소기업에 대한 2026년도 특례보증 지원계획을 다음과 같이 공고합니다. ☞ 신청일 현재 춘천시에 사업장을 소재한 중소기업 및 소상공인 중 ① 중소기업: 제조업, 정보통신산업, 지식산업 영위 업체 ② 소상공인: 사치 및 향락 등 제외 전업종 (*붙임1 참조) ※ 자세한 지원대상 공고문 참조 ☞ 특례보증(완화된 보증심사 기준 적용) 추천을 통한 자금 대출을 위한 보증서 발급 지원 - 보증한도: 중소기업(1억원), 소상공인(5천만원) ※ 자세한 지원내용 공고문 참조",https://www.bizinfo.go.kr/sii/siia/selectSIIA200Detail.do?pblancId=PBLN_000000000117588,https://www.bizinfo.go.kr/cmm/fms/getImageFile.do?atchFileId=FILE_000000000741172&fileSn=0,2026년 춘천시 중소기업 특례보증 지원계획 공고.hwp,,,방문 및 온라인 접수 - 접수처 : 강원신용보증재단 춘천지점 - 온라인 : ‘보증드림’스마트폰 어플을 통한 온라인 신청 ※ 자세한 지원방법 공고문 참조,(중소기업 육성자금 문의) 춘천시청 기업지원과 033-250-3088 / (중소기업 특례보증 문의) 강원신용보증재단 춘천지점 033-260-0011,,2026-01-19 13:46:33,finance_all.json,bizinfo
PBLN_000000000117602,[강원] 춘천시 2026년 중소기업육성자금 지원계획 공고,강원특별자치도,기초자치단체,금융,예산 소진시까지,중소기업,타지역,,True,"소상공인,소기업,이차보전,보증","「춘천시 지역경제 촉진 등에 관한 조례」제5조의 규정에 따라 2026년도 춘천시 중소기업육성자금 지원계획을 다음과 같이 공고합니다. ☞ 신청일 현재 춘천시에 소재한 중소기업 및 소상공인으로 은행여신규정에 의한 담보능력(부동산, 신용보증서 등)이 있는 기업 ※ 본사, 주사무소 또는 사업장, 공장 춘천시 소재 기업 ☞ 중소기업 육성자금, '땡겨요' 이차보전 지원 ※ 자세한 지원사항 공고문 참조",https://www.bizinfo.go.kr/sii/siia/selectSIIA200Detail.do?pblancId=PBLN_000000000117602,https://www.bizinfo.go.kr/cmm/fms/getImageFile.do?atchFileId=FILE_000000000741178&fileSn=0,2026년 춘천시 중소기업 육성자금 지원계획 공고.hwp,https://www.bizinfo.go.kr/cmm/fms/getImageFile.do?atchFileId=FILE_000000000741179&fileSn=0,2026년 춘천시 중소기업육성자금 신청서식.hwp,상담 후 방문 접수 - 은행ㆍ보증기관 상담 - 접수처 : 춘천시청 기업지원과 기업육성팀 ※ 자세한 사항 공고문 참조,춘천시청 기업지원과 기업육성팀 033-250-3088,,2026-01-19 14:19:39,finance_all.json,bizinfo
PBLN_000000000117597,[강원] 태백시 2026년 소상공인 특례보증ㆍ이차보전 지원 계획 공고,강원특별자치도,강원신용보증재단,금융,예산 소진시까지,소상공인,타지역,,True,"소상공인,경영안정,특례보증,이차보전,보증","태백시 소상공인의 경영안정 지원을 위하여 「태백시 소상공인 특례보증ㆍ이차보전 지원 계획」을 다음과 같이 공고합니다. ☞ 신청일 기준 태백시에 3개월 이상 사업자 주소지와 주민등록을 두고 운영 중인 소상공인 - 이차보전지원 : 협약 은행에서 특례보증 신규 대출을 받은 소상공인 ※ 자세한 지원대상 공고문 참조 ☞ 소상공인 특례보증, 이차보전 지원 - (특례보증지원) 업체 당 최대 5천만 원 이내 지원 (보증수수료: 연 0.8% 고정) - (이차보전지원) 대출(금융)기관에 직접 이자 지원 (이차보전 3.5% 범위 내) ※ 자세한 지원내용 공고문 참조",https://www.bizinfo.go.kr/sii/siia/selectSIIA200Detail.do?pblancId=PBLN_000000000117597,https://www.bizinfo.go.kr/cmm/fms/getImageFile.do?atchFileId=FILE_000000000741213&fileSn=0,2026년 태백시 소상공인 특례보증 및 이차보전 지원 계획 공고.hwp,,,상담 후 방문 접수 ① 강원신용보증재단ㆍ금융기관 상담 - 온라인 상담 : 강원신용보증재단 보증드림 앱 - 오프라인 상담 : 강원신용보증재단 태백지점 ② 구비서류 제출 - 접수처 : 태백시청 경제과 ※ 자세한 지원방법 공고문 참조,강원신용보증재단 태백지점 033-260-0081 / 태백시청 경제과 경제정책팀 033-550-2101,,2026-01-20 09:30:30,finance_all.json,bizinfo
PBLN_000000000117644,[강원] 화천군 2026년 중소기업 및 소상공인 육성자금 융자추천 및 이차보전 지원계획 공고,강원특별자치도,기초자치단체,금융,예산 소진시까지,중소기업,타지역,,True,"소상공인,소기업,경영안정,운전자금,이차보전,융자","「화천군 지역경제촉진 등에 관한 조례」 제11조의 규정에 따라 화천군 중소기업 및 소상공인 육성을 위한 육성자금 융자추천 및 이차보전 계획을 다음과 같이 공고합니다. ​☞ 「중소기업기본법시행령」 제2조 및 제3조의 규정에 의한 중소기업으로서 화천군에 소재하며「부가가치세법」 제5조제1항의 규정에 의하여 사업자등록을 필한 다음 각 호의 어느 하나에 해당하는 업체 - 사업자가 화천군에 주민등록이 되어 있는 자 ☞ 경영안정에 소요되는 운전자금 융자 지원 - 제조업, 건설업, 운송업, 도선업 : 2억원 이내 - 숙박업, 일반음식점업, 이미용업, 자동차정비업, 도ㆍ소매업 : 5천만원 이내 ※ 자세한 지원내용 공고문 참조",https://www.bizinfo.go.kr/sii/siia/selectSIIA200Detail.do?pblancId=PBLN_000000000117644,https://www.bizinfo.go.kr/cmm/fms/getImageFile.do?atchFileId=FILE_000000000741272&fileSn=0,2026년 중소기업 및 소상공인 육성자금 융자추천 및 이차보전계획 공고문.hwp,,,방문 접수 - 접수처 : 화천군청 지역경제과,화천군청 지역경제과 지역경제담당 033-440-2109,,2026-01-20 13:20:21,finance_all.json,bizinfo
PBLN_000000000117630,[강원] 횡성군 2026년 인구감소지역 중소기업 특례보증 기업지원 공고,강원특별자치도,기초자치단체,금융,예산 소진시까지,중소기업,타지역,,True,"소상공인,소기업,운전자금,시설자금,특례보증,이차보전,보증","국정과제 120(지방소멸방지, 균형발전 추진체계 강화) 및「지방소멸 위기 극복을 위한 횡성군 중소기업 금융지원 업무협약」에 의거 2026년도 인구감소지역 중소기업 특례보증 기업지원을 다음과 같이 공고합니다. ☞ 인구감소(관심)지역 소재 중소기업 및 기업가형 소상공인 ☞ 운전자금 및 시설자금 지원(업체당 운전자금 최대 2억 원, 2% 이차보전) ※ 자세한 지원내용 공고문 참조",https://www.bizinfo.go.kr/sii/siia/selectSIIA200Detail.do?pblancId=PBLN_000000000117630,https://www.bizinfo.go.kr/cmm/fms/getImageFile.do?atchFileId=FILE_000000000741255&fileSn=0,2026년 인구감소지역 중소기업 특례보증 기업지원 공고.hwp,,,방문 접수 - 접수처 : 횡성군 경제정책과 기업지원팀(군청 2층),"횡성군 경제정책과 기업지원팀 033-340-2046, jhb9337@korea.kr)",,2026-01-20 11:25:14,finance_all.json,bizinfo
PBLN_000000000117634,[강원] 횡성군 2026년 중소기업육성자금 이차보전 지원 공고,강원특별자치도,기초자치단체,금융,예산 소진시까지,중소기업,타지역,,True,"소상공인,소기업,이차보전",「횡성군 지역경제 활성화 지원 등에 관한 조례」 및 시행규칙에 의거 2026년도 횡성군 중소기업 육성자금 지원을 다음과 같이 공고합니다. ☞ 관내 중소기업 및 소상공인 ☞ 대출이자 최대 4% 지원 ※ 자세한 지원내용 공고문 참조,https://www.bizinfo.go.kr/sii/siia/selectSIIA200Detail.do?pblancId=PBLN_000000000117634,https://www.bizinfo.go.kr/cmm/fms/getImageFile.do?atchFileId=FILE_000000000741257&fileSn=0,2026년 횡성군 중소기업육성자금 이차보전 지원 공고.hwp,https://www.bizinfo.go.kr/cmm/fms/getImageFile.do?atchFileId=FILE_000000000741258&fileSn=0@https://www.bizinfo.go.kr/cmm/fms/getImageFile.do?atchFileId=FILE_000000000741258&fileSn=1,[별지 2] 횡성군 중소기업 특례보증.hwp@[별지 1] 횡성군 중소기업육성자금 신청서식.hwp,방문 접수 - 접수처 : 횡성군청 2층 경제정책과 기업지원팀,횡성군 경제정책과 기업지원팀 033-340-2046 / jhb9337@korea.kr,,2026-01-20 13:06:57,finance_all.json,bizinfo
PBLN_000000000117964,[경기] 수원시 2026년 소상공인 특례보증 및 수수료 지원 계획 공고,경기도,경기신용보증재단,금융,예산 소진시까지,소상공인,타지역,,True,"소상공인,경영안정,특례보증,보증",관내 소상공인의 경영안정 도모를 위한 2026년 수원시 소상공인 특례보증 및 수수료 지원 계획을 다음과 같이 공고합니다. ☞ (소상공인 특례보증) 수원시 관내에 사업장을 두고 사업자등록일로부터 2개월이 경과한 소상공인 - (소상공인 특례보증 수수료) 수원시 소상공인 특례보증 신청자 ☞ 특례보증(업체당 최대 5천만원) 및 특례보증 수수료(업체당 최대 50만원까지) 지원 ※ 자세한 지원내용 공고문 참조,https://www.bizinfo.go.kr/sii/siia/selectSIIA200Detail.do?pblancId=PBLN_000000000117964,https://www.bizinfo.go.kr/cmm/fms/getImageFile.do?atchFileId=FILE_000000000742045&fileSn=0,2026년 수원시 소상공인 특례보증 및 수수료 지원 계획 공고문.pdf,,,방문 접수 - 접수처 : 경기신용보증재단,경기신용보증재단 1577-5900,,2026-01-28 14:20:12,finance_all.json,bizinfo
PBLN_000000000117920,[경기] 안양시 2026년 소상공인 육성 특례보증 지원계획 공고,경기도,경기신용보증재단,금융,예산 소진시까지,소상공인,타지역,,True,"소상공인,특례보증,융자,보증",안양시 소재 소상공인에 대한 2026년도 특례보증 지원계획을 다음과 같이 공고합니다. ☞ 신청일 기준 사업자등록일로부터 3개월 이상 경과한 안양시 관내에 소재한 소상공인 ☞ 업체당 최고 5천만원 이내 특례보증 융자 지원,https://www.bizinfo.go.kr/sii/siia/selectSIIA200Detail.do?pblancId=PBLN_000000000117920,https://www.bizinfo.go.kr/cmm/fms/getImageFile.do?atchFileId=FILE_000000000742033&fileSn=0,2026년 소상공인 육성 특례보증 지원 공고문.hwp,,,방문 접수 - 접수처 :경기신용보증재단 안양지점 ※ 자세한 신청방법 공고문 참조,경기신용보증재단 안양지점 031-387-3525 / 안양시청 기업경제과 031-8045-5190,,2026-01-28 13:37:44,finance_all.json,bizinfo
PBLN_000000000117918,[경기] 안양시 2026년 소상공인 이자차액 보전금 지원계획 공고,경기도,기초자치단체,금융,예산 소진시까지,소상공인,타지역,,True,"소상공인,보증","안양시 소재 소상공인에 대한 2026년도 소상공인 이자차액 보전금 지원계획을 다음과 같이 공고합니다. ☞ 안양시 관내에 사업장을 두고 신용도가 낮아 담보대출이 어려운 소상공인으로, 경기신용보증재단 보증서 발급을 받아 협약 금융기관으로부터 대출을 받은 자 ☞ 업체당 최고 2,000만원 이내 대출 지원",https://www.bizinfo.go.kr/sii/siia/selectSIIA200Detail.do?pblancId=PBLN_000000000117918,https://www.bizinfo.go.kr/cmm/fms/getImageFile.do?atchFileId=FILE_000000000742032&fileSn=0,2026년 소상공인 이자차액 보전금 지원 공고문.hwp,,,"방문 접수 - 접수처 : 관내 새마을금고 및 신협(새안양신협, 미래신협)","안양남부새마을금고 031-452-7542, 새안양신협 031-446-1101, 미래신협 031-447-3855, 안양시청 기업경제과 031-8045-5190",,2026-01-28 13:27:37,finance_all.json,bizinfo
PBLN_000000000120158,[경기] 양주시 2026년 중소기업 및 소상공인 운전자금 이차보전 지원 공고,경기도,기초자치단체,금융,예산 소진시까지,중소기업,타지역,,True,"소상공인,소기업,운전자금,이차보전",「양주시 중소기업 및 소상공인 운전자금 지원 조례」제5조의 규정에 따라 2026년 중소기업 및 소상공인 운전자금 이차보전 지원 계획을 다음과 같이 공고합니다. ☞ 신청일 현재 양주시에 소재한 중소기업기본법 제2조의 규정에 의한 중소기업으로 신청일 현재 공장등록을 필한 업체 - 양주시에 사업장을 두고 운영 중인 소상공인 - 기타 시장이 중소기업 및 소상공인 육성을 위하여 필요하다고 인정하는 기업 ☞ 중소기업 및 소상공인 운전자금 이자 중 1%~2% 지원,https://www.bizinfo.go.kr/sii/siia/selectSIIA200Detail.do?pblancId=PBLN_000000000120158,https://www.bizinfo.go.kr/cmm/fms/getImageFile.do?atchFileId=FILE_000000000749133&fileSn=0,2026년 양주시 중소기업 및 소상공인 운전자금 이차보전 지원 공고문.hwp,,,"방문 접수 - 접수처 : 양주시와 협약 맺은 6개 은행 - 협약은행 : 국민은행, 기업은행, 농협은행, 우리은행, 하나은행, 신한은행 ※ 자세한 신청방법 공고문 참조",양주시청 기업지원과 기업전문관 031-8082-6014,,2026-03-31 10:28:59,finance_all.json,bizinfo
PBLN_000000000122026,[경기] 하남시 2026년 소상공인 특례보증 지원 확대 계획 공고,경기도,경기신용보증재단,금융,예산 소진시까지,소상공인,타지역,,True,"소상공인,특례보증,보증","중동 전쟁으로 인한 대외 경제 불확실성 속에서 관내 소상공인의 자금난을 해소하고 경영 안정을 도모하고자 「2026년 하남시 소상공인 특례보증 지원 확대 계획」을 다음과 같이 공고합니다. ☞ 주 사업장이 하남시 관내에 소재하며, 사업경력이 2개월 이상 경과한 소상공인 - 금융여신 거래가능자 및 신용보증기관 심사기준에 적합한 자 ☞ 특례보증 및 보증료 지원 - 특례보증 : 업체당 최대 5천만원 이내 - 보증료 : 특례보증시 발생하는 보증료 1% 지원",https://www.bizinfo.go.kr/sii/siia/selectSIIA200Detail.do?pblancId=PBLN_000000000122026,https://www.bizinfo.go.kr/cmm/fms/getImageFile.do?atchFileId=FILE_000000000755630&fileSn=0,2026년 소상공인 특례보증 지원 확대 계획 공고.pdf,,,"방문, 온라인, 모바일 접수 - 접수처 : (13023) 경기도 하남시 검단산로 239, 경기창업혁신공간 1층 - 온라인 : 경기신용보증재단 - 모바일 : 경기신용보증재단 앱 Easy One 이용 ※ 전화 후 방문(031-690-4555, 4560, 4563)","경기신용보증재단 하남지점 031-690-4555, 4560, 4563",https://www.gcgf.or.kr/cyber/,2026-05-15 09:54:24,finance_all.json,bizinfo
PBLN_000000000117526,[경남] 2026년 소상공인 정책자금 운용계획 공고,경상남도,경남신용보증재단,금융,예산 소진시까지,소상공인,타지역,,True,"소상공인,경영안정,운전자금,보증,정책자금","도내 소상공인의 경영 안정과 경쟁력 강화를 도모하고자 2026년도 경상남도 소상공인 정책자금 운용계획을 다음과 같이 공고합니다. ☞ 경남 도내에 소재하고 있는 「소상공인기본법」 제2조에 따른 소상공인 ※ 세부사업별 지원대상 상이 (공고문 참조) ☞ 소상공인 창업 및 경영안정에 필요한 시설ㆍ운전자금 지원 - 경영안정자금 및 창업ㆍ명절 특별자금, 버팀목 특별자금, 희망두드림 특별자금, 기업가형 소상공인 특별자금, 청년창업 특별자금, 긴급경영 안정자금(신설) 등 ※ 긴급경영안정자금의 경우, 업체당 대출한도 최대 1억원 이내→대출한도 1천만원 이내로 변경됨 ※ [경남] 2026년 소상공인 정책자금 운용계획 변경 공고( ☞바로가기 ) 확인",https://www.bizinfo.go.kr/sii/siia/selectSIIA200Detail.do?pblancId=PBLN_000000000117526,https://www.bizinfo.go.kr/cmm/fms/getImageFile.do?atchFileId=FILE_000000000741036&fileSn=0,2026년+경상남도+소상공인+정책자금+운용계획+공고(최종)+v5.hwp,,,경남신용보증재단 홈페이지 보증 상담 예약신청 등 접수 ① 사업자등록일 6개월 이하 개인 및 법인사업자 → 보증 상담 예약신청 후 해당 날짜 재단 내방 ② 사업자등록일 6개월 초과 개인사업자 → 보증드림앱 등 비대면(온라인)보증 신청 ※ 자세한 신청방법 공고문 참조,"경남신용보증재단 1644-2900 및 기타 문의처 공고문(붙임2, 15P) 참조",https://www.gnsinbo.or.kr/,2026-01-16 13:27:53,finance_all.json,bizinfo
PBLN_000000000120023,[경남] 2026년 소상공인 정책자금 운용계획 변경 공고,경상남도,경남신용보증재단,금융,예산 소진시까지,소상공인,타지역,,True,"소상공인,경영안정,보증,정책자금","중동 위기에 따른 유가 급등으로 경영에 어려움을 겪고 있는 도내 육상운송 등 업종 소상공인의 경영 안정을 위하여 「2026년도 경상남도 소상공인 정책자금 운용계획」을 다음과 같이 변경 공고합니다. ☞ 경남 도내에 소재하고 있는 「소상공인기본법」 제2조에 따른 소상공인 - 도내 사업자 등록 후 영업 중인 소상공인 중 유가 급등에 따른 직접 피해가 우려되는 아래 업종 ※ 한국표준산업분류상 「육상운송 및 파이프라인 운송업(H49)」 및 「건설장비 운영업(F42600)」 다만, 택시운송업(H49231)은 제외 - 대표자 신용평점이 NICE 기준 755점 이상인 업체 - 2026년도에 지역신용보증재단(타 지역재단 포함) 보증지원을 받지 않아야 함 ☞ 긴급경영자금 업체당 1천만원 이내 지원 ※ 업체당 대출한도 최대 1억원 이내→업체당 대출한도 최대 1천만원 이내로 변경됨 ※ 다른 소상공인 정책자금의 경우, [경남] 2026년 소상공인 정책자금 운용계획 공고( ☞바로가기 ) 확인",https://www.bizinfo.go.kr/sii/siia/selectSIIA200Detail.do?pblancId=PBLN_000000000120023,https://www.bizinfo.go.kr/cmm/fms/getImageFile.do?atchFileId=FILE_000000000748720&fileSn=1,공고문(26.3.18.).hwp,,,"온라인 접수 보증드림앱(비대면) 신청원칙(아래 2가지 방법 중 택1) ① PLAY 스토어(또는 앱스토어) ‘보증드림 앱’ 다운로드 → 보증신청 ② (PC)웹 브라우저(http://untact.koreg.or.kr) 접속 → 보증신청 ※ 보증신청시 “유가급등 대응 물류안정 특별보증” 선택 ※ 다만, 공고일 기준 만 55세 이상인 소상공인 중 디지털 이용에 어려움이 있는 소상공인은 신분증을 지참하여 긴급경영안정자금 소진 시까지 재단 지점을 방문하여 대면 신청 가능","경남신용보증재단 1644-2900 및 지점별 문의처 상이, 공고문 참조",,2026-03-27 09:29:55,finance_all.json,bizinfo
PBLN_000000000117283,[경남] 거제시 2026년 저신용 소상공인 이차보전 지원사업 계획 공고,경상남도,기초자치단체,금융,예산 소진시까지,소상공인,타지역,,True,"소상공인,경영안정,이차보전","저신용 소상공인들의 경영안정 및 지역경제 활성화 도모를 위한 「2026년 거제시 저신용 소상공인 이차보전 지원사업」 계획을 다음과 같이 공고합니다. ☞ 거제시에 사업자등록을 하고 영업 중인 소상공인 ☞ 창업자금, 운영자금, 긴급생계자금 지원 - 대출 약정금리 중 2년간 3% 이내 이차보전 지원",https://www.bizinfo.go.kr/sii/siia/selectSIIA200Detail.do?pblancId=PBLN_000000000117283,https://www.bizinfo.go.kr/cmm/fms/getImageFile.do?atchFileId=FILE_000000000740291&fileSn=0,공고문(2026년 거제시 저신용 소상공인 이차보전 지원사업).hwp,,,※ 자세한 신청방법 공고문 및 문의처 참조,(사)미소금융경남거제법인 055-730-1941~3 / 거제시청 민생경제과 055-639-4114,,2026-01-09 13:12:24,finance_all.json,bizinfo
PBLN_000000000117278,[경남] 산청군 인구감소지역 소재 중소기업 특례보증 금융지원 신청 공고,경상남도,기초자치단체,금융,예산 소진시까지,중소기업,타지역,,True,"소상공인,소기업,특례보증,이차보전,보증","인구감소지역 기업지원 특례보증 신청을 다음과 같이 공고합니다. ☞ 산청군 소재 기업 ※ 자세한 지원대상 공고문 참조 ☞ 최종 산출금리에서 2.0% 이차보전 균등 지원 (3년간) - 대출한도 : 기업 최대 30억원, 기업가형 소상공인 최대 5억원",https://www.bizinfo.go.kr/sii/siia/selectSIIA200Detail.do?pblancId=PBLN_000000000117278,https://www.bizinfo.go.kr/cmm/fms/getImageFile.do?atchFileId=FILE_000000000740302&fileSn=0,공고문(인구감소지역 소재 중소기업 특례보증 금융지원 신청공고).hwp,,,방문 또는 우편 접수 - 접수처 : 산청군 미래전략담당관 인구정책담당,산청군 미래전략담당관 인구정책담당 055-970-8961,,2026-01-09 13:41:59,finance_all.json,bizinfo
PBLN_000000000117309,[경남] 함안군 2026년 소상공인 육성자금(이자) 지원계획 공고,경상남도,경남신용보증재단,금융,예산 소진시까지,소상공인,타지역,,True,"소상공인,소기업,경영안정,융자,보증","소상공인 대출자금 이자지원으로 소상공인의 건전한 육성 및 지역경제 활성화 도모를 위한 소상공인 육성자금(이자) 지원계획을 다음과 같이 공고합니다. ☞ 함안군에 사업자등록을 하고 경남신용보증재단의 신용 보증서를 발급받은 소상공인(개인 또는 법인) - 함안군 중소기업 육성자금 지원 업체, 함안군 소상공인 육성자금 융자 실행 중인 업체 - 광업ㆍ제조업ㆍ건설업 및 운수업 상시근로자 10인 미만, 그 외의 업종 상시근로자 5인 미만 ☞ 소상공인 창업자금, 소상공인 경영안정자금 지원 ※ 자세한 지원내용 공고문 참조",https://www.bizinfo.go.kr/sii/siia/selectSIIA200Detail.do?pblancId=PBLN_000000000117309,https://www.bizinfo.go.kr/cmm/fms/getImageFile.do?atchFileId=FILE_000000000740433&fileSn=0,2026년도 함안군 소상공인 육성자금(이자) 공고문.hwp,,,"방문 또는 온라인 접수 - 접수처 : 함안군 가야읍 가야로 25, 2층 경남신용보증재단 함안지점 ※ 방문 전 경남신용보증재단 홈페이지에 사전 상담예약 필수 - 온라인 : 보증드림 사이트 또는 앱 ※ 공고문 12p 참조","경남신용보증재단 함안지점 055-800-8771~3, 함안군청 경제기업과 055-580­-2694",https://www.gnsinbo.or.kr/,2026-01-12 09:34:58,finance_all.json,bizinfo
PBLN_000000000116998,[경북] 2026년 소상공인육성자금(경북버팀금융) 이차보전 지원 계획 공고,경상북도,경북신용보증재단,금융,상시 접수,소상공인,타지역,,True,"소상공인,이차보전,융자,보증","담보력이 부족한 지역 소상공인에게 신용보증을 통한 융자지원 및 대출이자 지원으로 서민경제 안정과 자생력 강화를 도모합니다. ☞ 경북도내에 소재하고 있는 「소상공인기본법 제2조(정의)」에 의한 소상공인(개인, 법인사업자) - 제조업, 건설업, 운수업, 광업 : 상시종업원 10인 미만 업체 - 도ㆍ소매업, 요식업, 서비스업 등 : 상시종업원 5인 미만 업체 ☞ 융자한도 최대 3천만원 지원 - 우대업체(5천만원 이내), 특별재난지역 내 재해피해 기업(3억원 이내)",https://www.bizinfo.go.kr/sii/siia/selectSIIA200Detail.do?pblancId=PBLN_000000000116998,https://www.bizinfo.go.kr/cmm/fms/getImageFile.do?atchFileId=FILE_000000000739320&fileSn=0,2026년도 소상공인육성자금 지원 계획.hwp,,,방문 및 온라인 접수 - 접수처 : 경북신용보증재단 사업장 소재지 관할 영업점 및 협약 대출은행 - 온라인 : ‘보증드림’스마트폰 어플을 통한 온라인 신청 ※ 자세한 지원방법 공고문 참조,기업지원과 054-880-2679 및 영업점별 문의처 공고문 p.5 참조,,2025-12-30 09:19:27,finance_all.json,bizinfo
PBLN_000000000118131,[광주] 2026년 상반기 일반경영안정자금 지원 공고,전남광주통합특별시,광주경제진흥상생일자리재단,금융,예산 소진시까지,중소기업,타지역,,True,"소기업,경영안정,육성기금","「광주광역시 중소기업육성기금 특별회계설치 및 운용조례」 제7조의 규정에 따라 2026년도 상반기 일반경영안정자금 지원 계획을 다음과 같이 공고합니다. ☞ 광주광역시 내 중소 제조업체 및 제조업 관련 서비스업체, 지식서비스업체 등 ☞ 지원 한도액 업체당 3억원 이내 일반경영안정자금 지원 ※ 프리(PRE)-명품강소기업, 명품강소기업, 일자리우수기업, 우수중소기업인, 광주형일자리기업, 산업안전보건우수기업 : 업체당 5억원 이내 - 상환 조건 : 2년거치 일시상환 - 대출 금리 : 취급은행과 신청업체 간 협의하여 적용 - 이차 보전율 : (기본) 2% ~ (최대) 4%",https://www.bizinfo.go.kr/sii/siia/selectSIIA200Detail.do?pblancId=PBLN_000000000118131,https://www.bizinfo.go.kr/cmm/fms/getImageFile.do?atchFileId=FILE_000000000742663&fileSn=0,공고문_2026년도 상반기 일반경영안정자금 지원.hwp,https://www.bizinfo.go.kr/cmm/fms/getImageFile.do?atchFileId=FILE_000000000742664&fileSn=0,신청서식_2026년도 상반기 일반경영안정자금 지원.hwp,- 접수처 : (재)광주광역시경제진흥상생일자리재단 ※ 상 온라인 접수 및 서류 제출,"광주광역시 하남혁신지원센터 일자리경제실 062-531-6332, 062-956-2647",https://harus.gjep.or.kr,2026-02-03 11:07:29,finance_all.json,bizinfo
PBLN_000000000120715,[광주] 2026년 중동사태 대응을 위한 소상공인 특례보증 지원사업 공고,전남광주통합특별시,광주신용보증재단,금융,예산 소진시까지,소상공인,타지역,,True,"소상공인,자영업자,자영업,소기업,특례보증,보증","중동사태 대응을 위한 2026년 소상공인 특례보증 지원사업을 다음과 같이 시행합니다. ☞ 광주지역 내 소기업ㆍ소상공인ㆍ자영업자 중 개인신용평점이 나이스평가정보(주)에서 산정한 CB 기준 350점 이상(350점~1000점)인 대표자 ☞ 1년간 이자지원(3~4%), 보증기업당 최대 5천만원 이내 지원",https://www.bizinfo.go.kr/sii/siia/selectSIIA200Detail.do?pblancId=PBLN_000000000120715,https://www.bizinfo.go.kr/cmm/fms/getImageFile.do?atchFileId=FILE_000000000750993&fileSn=0,중동사태 관련 2026년 광주광역시 소상공인 특례보증 리플릿.jpg,,,"온라인 접수 (보증드림 앱) 또는 광주신용보증재단 상담신청 후 심사과정을 거쳐 보증서 발급 - 신청문의 : 광주신용보증재단 상담센터 (062-950-0000, 950-0011)","광주신용보증재단 상담센터 062-950-0000, 950-0011",,2026-04-13 13:24:30,finance_all.json,bizinfo
PBLN_000000000120234,[광주] 2026년 청년창업특례보증 지원계획 공고,전남광주통합특별시,직접수행,금융,예산 소진시까지,중소기업,타지역,,True,"소상공인,소기업,특례보증,보증","2026년도 청년창업특례보증 지원계획을 다음과 같이 공고합니다. ☞ 광주광역시 소재 청년 창업기업 ※ 만 39세 이하, 업력 7년 이내인 소기업ㆍ소상공인 ☞ 총 180억원(업체당 최대 50백만원) 지원 - 이자지원 : 3%p(1년간) ※ 자세한 지원내용 공고문 참조",https://www.bizinfo.go.kr/sii/siia/selectSIIA200Detail.do?pblancId=PBLN_000000000120234,https://www.bizinfo.go.kr/cmm/fms/getImageFile.do?atchFileId=FILE_000000000749412&fileSn=1,○ 2026년도 청년창업특례보증 공고문+.pdf,,,모바일 앱(보증드림) 또는 은햅앱에서 비대면 보증 신청 ※ 법인의 경우 영업점 통화 후 내방하여 접수,광주광역시 경제창업국 창업진흥과 062-613-4083 / (재단 영업점 문의) 광산지점 062-950-0080 및 영업점별 문의처 공고문 참조,,2026-04-01 13:17:22,finance_all.json,bizinfo
PBLN_000000000118067,[대구] 2026년 동구 소상공인 경영안정자금 지원사업 공고,대구광역시,대구신용보증재단,금융,예산 소진시까지,소상공인,타지역,,True,"소상공인,경영안정,이차보전,보증","동구 소재 소상공인의 경영 안정을 돕고자 「2026년 대구광역시 동구 소상공인 경영안정자금 지원사업」을 다음과 같이 공고합니다. ☞ 동구에 3개월 이상 영업 중인 소상공인 ☞ 대출한도 기업당 3천만원 이내, 이차보전 2년 간 대출이자 2% 지원",https://www.bizinfo.go.kr/sii/siia/selectSIIA200Detail.do?pblancId=PBLN_000000000118067,https://www.bizinfo.go.kr/cmm/fms/getImageFile.do?atchFileId=FILE_000000000742478&fileSn=0,2026년 대구광역시 동구 소상공인 경영안정자금 지원사업 공고.hwp,,,방문 접수 - 접수처 : 대구신용보증재단 동지점,(구비서류 문의) 대구신용보증재단 053-982-7500 (기타문의) 동구청 민생경제과 053-662-4713,,2026-02-02 09:41:08,finance_all.json,bizinfo
PBLN_000000000119892,[대구] 2026년 중소기업경영안정자금 지원계획 변경 공고(이자지원),대구광역시,대구신용보증재단,금융,예산 소진시까지,중소기업,타지역,,True,"소상공인,소기업,경영안정,보증","「대구광역시 중소기업경영안정자금 지원 및 운용조례」 제6조에 의거 2026년도 대구광역시 중소기업경영안정자금 지원계획을 다음과 같이 변경 공고합니다. ☞ 대구 내 운영중인 사업장(사업자등록증명원의 소재지)을 둔 중소기업, 소상공인, 중견기업 ☞ 중소기업경영안정자금 지원 - 일반창업기업 지원자금, 성장기업 지원자금, 수출기업 지원자금, 중견기업 지원자금, 소상공인 지원자금, 특별경영안정자금, 긴급경영안정자금 등 ※ 자세한 지원내용 공고문 참조",https://www.bizinfo.go.kr/sii/siia/selectSIIA200Detail.do?pblancId=PBLN_000000000119892,https://www.bizinfo.go.kr/cmm/fms/getImageFile.do?atchFileId=FILE_000000000748204&fileSn=1,(공고문) 2026년 대구광역시 중소기업 경영안정자금 지원계획 변경 공고(안).hwp,https://www.bizinfo.go.kr/cmm/fms/getImageFile.do?atchFileId=FILE_000000000748205&fileSn=1,(신청서식)2026년 대구광역시 중소기업경영안정자금신청서 및 정보활용동의서 서식(변경).hwp,"방문 접수 ※ 접수처 자금별 상이, 공고문 참조",대구시 경제정책관 053-803-3401 / 대구신용보증재단 기업성장지원센터 053-564-2900,,2026-03-24 15:02:07,finance_all.json,bizinfo
PBLN_000000000118064,[대구] 달성군 2026년 소상공인 경영안정자금 지원사업 공고,대구광역시,대구신용보증재단,금융,예산 소진시까지,소상공인,타지역,,True,"소상공인,경영안정,특례보증,이차보전,보증","「대구광역시 달성군 소상공인 지원에 관한 조례」에 따라 경기침체와 고금리로 경영에 어려움을 겪고 있는 소상공인들에게 특례보증을 통한 경영안정자금 대출 및 이자 지원을 위한 「2026년 소상공인 경영안정자금 지원사업」을 아래와 같이 공고합니다. ☞ 사업장 주소가 달성군에 있고 관할 세무서에 사업자등록을 하고 영업행위를 하는 소상공인 ☞ 특례보증(같은 기업당 한도 7천만원), 이차보전 2년간 대출이자 중 2% 지원",https://www.bizinfo.go.kr/sii/siia/selectSIIA200Detail.do?pblancId=PBLN_000000000118064,https://www.bizinfo.go.kr/cmm/fms/getImageFile.do?atchFileId=FILE_000000000742463&fileSn=0,2026년 소상공인 경영안정자금 지원사업 공고.hwp,,,대구신용보증재단 홈페이지 보증상담 예약 후 신청,대구신용보증재단 053-560-6300 / 달성군청 경제산업과 053-668-2643 및 금융기관 대출문의 (공고문 참조),https://www.dgsinbo.or.kr/,2026-02-02 09:30:25,finance_all.json,bizinfo
PBLN_000000000124560,[대구] 북구 2026년 하반기 소상공인 경영안정자금 지원사업 공고,대구광역시,대구신용보증재단,금융,예산 소진시까지,소상공인,타지역,,True,"소상공인,경영안정,보증",「대구광역시 북구 소상공인 지원에 관한 조례」에 따라 경영자금 확보에 어려움을 겪고 있는 소상공인에게 저금리의 경영안정 자금 대출 및 이자를 지원하기 위한 「2026년 하반기 소상공인 경영안정자금 지원사업」을 아래와 같이 공고합니다. ☞ 북구에 사업장을 두고 3개월 이상 영업 중인 소상공인 ☞ 대출한도 업체당 5천만원 이내 지원 ※ 자세한 지원내용 공고문 참조,https://www.bizinfo.go.kr/sii/siia/selectSIIA200Detail.do?pblancId=PBLN_000000000124560,https://www.bizinfo.go.kr/cmm/fms/getImageFile.do?atchFileId=FILE_000000000765323&fileSn=0,[공고문]2026년 하반기 소상공인 경영안정자금 지원사업 공고문.hwpx,,,온라인 또는 방문 접수 - 접수처 : 대구신용보증재단 북지점 ※ 대구신용보증재단 홈페이지(http://www.dgsinbo.or.kr)에서 사전 예약 후 방문 (예약없이 방문 시 상담이 어려울 수 있습니다) - 온라인 : 보증드림 앱,"대구신용보증재단 북지점 053-601-5255 / iM뱅크 북구청지점 053-663-7028, 7032, 7034 / 북구청 민생경제과 053-665-2657",,2026-07-21 14:36:06,finance_all.json,bizinfo
PBLN_000000000117223,[대전] 2026년 1차 소상공인 초저금리 특별자금 지원 계획 공고,대전광역시,대전신용보증재단,금융,예산 소진시까지,소상공인,타지역,,True,"소상공인,보증","대전광역시 소상공인 지원에 관한 조례 제6조에 의한 소상공인 지원을 위해 2026년도 1차 소상공인 초저금리 특별자금 지원계획을 다음과 같이 공고합니다. ☞ 대전지역에 소재하고 있는 「소상공인기본법」에 의한 소상공인(개인 또는 법인사업자)으로 사업자등록증상 '사업개시년월일'이 지난 업체 ☞ 대출금리 중 2.7%에 대한 이자를 2년간 대전광역시에서 지원 (업체당 최대 7천만원 이내) - (대출은행) 대전시 내 13개 협약은행 : KB국민, IBK기업, 농협은행, 부산, 새 마을금고, 수협은행, 신한, 신협, 우리, 전북, 지역농축협, 카카오뱅크, 하나 - 카카오뱅크의 경우 개인사업자에 한하여 취급가능",https://www.bizinfo.go.kr/sii/siia/selectSIIA200Detail.do?pblancId=PBLN_000000000117223,https://www.bizinfo.go.kr/cmm/fms/getImageFile.do?atchFileId=FILE_000000000740037&fileSn=0,(26년1차)대전형_초저금리_특별자금_공고문.pdf,https://www.bizinfo.go.kr/cmm/fms/getImageFile.do?atchFileId=FILE_000000000740038&fileSn=0,(26년1차)대전형_초저금리_특별자금_공고문.hwp,"방문 접수 - 접수처 : 대전시 내 13개 협약은행 - KB국민, IBK기업, 농협은행, 부산, 새 마을금고, 수협은행, 신한, 신협, 우리, 전북, 지역농축협, 카카오뱅크, 하나 ※ 비대면취약계층에 한하여 대면접수 허용 ※ Track2 대환 신청 시, 중도상환에 따른 수수료 발생여부 은행 문의 필요 ※ 자세한 신청방법 공고문 참조",대전신용보증재단 중구지점 042-380-3802 / 서구지점 042-380-3806 / 동구지점 042-380-3805 / 대덕지점 042-380-3804 / 유성지점 042-380-3807,,2026-01-07 14:33:05,finance_all.json,bizinfo
PBLN_000000000117096,[대전] 서구 2026년 소상공인 경영안정자금 지원사업 공고,대전광역시,중소기업중앙회,금융,예산 소진시까지,중소기업,타지역,,True,"소상공인,소기업,경영안정,보증","지역 소상공인의 경영 부담을 완화하고 경영 안정화를 도모하고자 대전광역시 서구 소상공인 경영안정자금 지원 사업을 다음과 같이 공고합니다. ☞ 대전광역시 서구에 사업장을 두고 3개월 이상 영업 중인 소상공인 ☞ 보증한도 업체당 최대 3천만원 이내 / 신용보증 수수료 연 1.1%, 2년분 일괄지원 / 이자 연 3%, 2년간 지원 ※ 자세한 지원내용 공고문 참조",https://www.bizinfo.go.kr/sii/siia/selectSIIA200Detail.do?pblancId=PBLN_000000000117096,https://www.bizinfo.go.kr/cmm/fms/getImageFile.do?atchFileId=FILE_000000000739769&fileSn=1,2026년 대전 서구 소상공인 경영안정자금 지원사업 공고(정정).hwp,,,온라인 접수 (보증드림 어플 또는 하나은행 어플) ※ 만 70세이상 고령자 대면 접수 가능(대전 내 하나은행 또는 재단 영업점 방문),대전광역시 서구청 지역경제과 042-288-2433 / 대전신용보증재단 서구지점 042-380-3806,,2026-01-05 14:13:46,finance_all.json,bizinfo
PBLN_000000000117221,[대전] 소상공인 경영위기극복 특례보증 지원 공고,대전광역시,대전신용보증재단,금융,예산 소진시까지,소상공인,타지역,,True,"소상공인,특례보증,보증","대전광역시「소상공인 경영위기극복 특례보증」운영계획을 다음과 같이 공고합니다. ☞ 우리시 관내에 사업장이 소재하고 있는「소상공인기본법」에 따른 소상공인(개인, 법인 사업자)으로서 사업자등록증상‘사업개시연월일’이 지난 정상 영업 중인 업체로 아래 어느 하나에 해당하는 경우 - (T1 청년소상공인) 보증접수일 현재 대표자 나이가 만39세 이하인 소상공인 - (T2 생활밀접업종) 5대 생활밀접업종을 영위하는 소상공인 (도매업, 소매업, 음식점업, 숙박업, 서비스업) - (T3 일반소상공인) 그 외 소상공인 ☞ 대출금리 중 2.7%에 대한 이자를 2년간 대전광역시에서 지원 (업체당 최대 7천만원 이내) - (대출은행) 6개 협약은행 : KB국민은행, 농협은행, 우리은행, 신한은행, 카카오뱅크, 하나은행 - 카카오뱅크의 경우 개인사업자에 한하여 취급가능",https://www.bizinfo.go.kr/sii/siia/selectSIIA200Detail.do?pblancId=PBLN_000000000117221,https://www.bizinfo.go.kr/cmm/fms/getImageFile.do?atchFileId=FILE_000000000740031&fileSn=0,대전시_경영위기극복_특례보증_공고문.pdf,https://www.bizinfo.go.kr/cmm/fms/getImageFile.do?atchFileId=FILE_000000000740032&fileSn=0,대전시_경영위기극복_특례보증_공고문.hwp,"온라인 접수(지역신용보증재단 통합플랫폼 웹사이트 또는 보증드림 앱) - 대출기관 영업점 선택 시, 대전광역시 내 금융기관 영업점으로 선택 ※ 만 70세 이상 고령자 대면접수 허용 - 대출은행 (대전광역시 내 금융기관 영업점), 카카오뱅크로 희망 시, 대전신용보증재단 영업점에서 대면 접수 가능 ※ 자세한 신청방법 공고문 참조",대전신용보증재단 중구지점 042-380-3802 / 서구지점 042-380-3806 / 동구지점 042-380-3805 / 대덕지점 042-380-3804 / 유성지점 042-380-3807,https://untact.koreg.or.kr/web/index.do,2026-01-07 14:06:56,finance_all.json,bizinfo
PBLN_000000000117103,[대전] 유성구 2026년 소상공인 특례보증 지원사업 공고,대전광역시,대전신용보증재단,금융,예산 소진시까지,소상공인,타지역,,True,"소상공인,특례보증,보증","장기화된 경기침체 및 소비심리 위축 등으로 피해가 극심한 소상공인의 경영애로를 해소하고 경영정상화를 도모하고자 추진하는 2026년 유성구 소상공인 특례보증 지원사업을 아래와 같이 공고합니다 ☞ 유성구에 사업장을 두고 3개월 이상 영업중인 일반 소상공인, 개업일 기준 만 3년 미만의 창업기업 ※ 자세한 지원대상 공고문 참조 ☞ 1업체당 최대 3천만원 한도 이내(보증심사를 거쳐 보증금액 확정) 보증(대출) 지원, 보증수수료 2년치 전액 지원(보증금액의 연 1.1%) ※ 자세한 지원내용 공고문 참조",https://www.bizinfo.go.kr/sii/siia/selectSIIA200Detail.do?pblancId=PBLN_000000000117103,https://www.bizinfo.go.kr/cmm/fms/getImageFile.do?atchFileId=FILE_000000000739704&fileSn=0,2026년 유성구 소상공인 특례보증 지원사업 공고.hwp,,,온라인 접수(보증드림 앱 또는 하나은행 앱) ※ 만 70세이상 고령자 대면 접수 가능(대전 내 하나은행 또는 신용보증재단 영업점 방문),"유성구 일자리정책과(042-611-2099), 대전신용보증재단 유성지점(042-380-3807), 하나은행 전 지점(042-863-1111)",,2026-01-02 14:44:03,finance_all.json,bizinfo
PBLN_000000000123160,[부산] 2026년 9차 중소기업 자금지원계획 변경 공고,부산광역시,부산경제진흥원,금융,예산 소진시까지,중소기업,타지역,,True,"소상공인,소기업,육성기금,특례보증,이차보전,융자,보증","「부산광역시 중소기업육성기금 조례」제10조에 따라, 2026년도 부산광역시 중소기업 자금지원계획을 다음과 같이 공고합니다. ☞ 부산시 소재 중소기업 ※ 세부사업별 지원대상 상이, 공고문 참조 ☞ 이차보전, 저금리 융자, 특례보증(경영위기 중소기업 및 소상공인 보증) 지원 ※ 자세한 지원내용 공고문 참조",https://www.bizinfo.go.kr/sii/siia/selectSIIA200Detail.do?pblancId=PBLN_000000000123160,https://www.bizinfo.go.kr/cmm/fms/getImageFile.do?atchFileId=FILE_000000000759815&fileSn=0,2026년도 부산광역시 중소기업 자금지원계획 9차 변경 공고(260612)+.pdf,https://www.bizinfo.go.kr/cmm/fms/getImageFile.do?atchFileId=FILE_000000000759816&fileSn=0,2026년도 부산광역시 중소기업 자금지원계획 9차 변경 공고(260612).hwpx,"온라인 및 방문 접수 - 온라인 : 부산경제진흥원 중소기업 자금지원 - 방문 : 기술ㆍ신용보증기금 및 부산신용보증재단 등 ※ 세부사업별 신청방법 상이(공고문 6, 7p 참조)",부산경제진흥원 051-728-8046 및 자금지원 관련 문의기관 공고문 6p 참조,https://capital.bepa.kr/bepa/main/main.do?mId=1,2026-06-15 11:38:03,finance_all.json,bizinfo
PBLN_000000000117071,[부산] 사상구 2026년 소상공인 보증료 지원사업 대상자 모집 공고,부산광역시,기초자치단체,금융,예산 소진시까지,소상공인,타지역,,True,"소상공인,특례보증,보증","「부산광역시 사상구 소상공인 지원에 관한 조례」 제6조(창업 및 경영 안정 지원), 제7조(특례보증 또는 보증료 지원)에 따라 「2026년 소상공인 보증료 지원사업」대상자를 다음과 같이 모집하오니 많은 참여 바랍니다. ☞ 사상구 관내 소상공인(아래 요건을 모두 충족하는 자) -「소상공인기본법」 제2조에 따른 소상공인 - 우리 구에 사업장을 두고「소득세법」제168조 또는「부가가치세법」제8조에 따라 관할 세무서에 사업자 등록을 하고 영업행위를 하는 소상공인 ☞ 신용보증기관을 통한 대출 진행 시 보증료 일부 지원 - 소상공인 1명당 5천만원 이내 / 최초 1년치 보증료 지원",https://www.bizinfo.go.kr/sii/siia/selectSIIA200Detail.do?pblancId=PBLN_000000000117071,https://www.bizinfo.go.kr/cmm/fms/getImageFile.do?atchFileId=FILE_000000000739660&fileSn=0,공고문(2026년 소상공인 보증료 지원사업).hwp,,,온라인 및 방문 접수 - 온라인 : 구 홈페이지 - 접수처 : 부상광역시 사상구청 일자리경제과,사상구청 일자리경제과 051-310-4616,https://www.sasang.go.kr/index.sasang?menuCd=DOM_000000109007000000,2026-01-02 10:14:32,finance_all.json,bizinfo
PBLN_000000000120684,[세종] 2026년 식품진흥기금 융자사업 시행 공고,세종특별자치시,직접수행,금융,예산 소진시까지,소상공인,타지역,,True,"소상공인,융자",식품위생법 제89조(식품진흥기금) 제3항 및 세종특별자치시 식품진흥기금 운용조례 제10조(융자계획)에 따라 2026년 세종특별자치시 식품진흥기금 융자사업을 다음과 같이 공고합니다. ☞ 「세종특별자치시 식품진흥기금 운용조례」제2조 제1호에 의한 영업자 중 세종특별자치시에서 1년 이상 식품위생 영업을 하고 있는 업소 - 「어린이 식생활안전관리 특별법」 제7조 제3항에 따라 어린이 기호식품 우수판매업소로 지정 받은 업소 중 개ㆍ보수 하려는 업소 ☞ 시설개선자금 업종별 1천만원 ~ 2천만원 이내 지원 ※ 자세한 지원내용 공고문 참조,https://www.bizinfo.go.kr/sii/siia/selectSIIA200Detail.do?pblancId=PBLN_000000000120684,https://www.bizinfo.go.kr/cmm/fms/getImageFile.do?atchFileId=FILE_000000000750857&fileSn=1,2026년 식품진흥기금 융자사업 시행공고(세종시)+.pdf,https://www.bizinfo.go.kr/cmm/fms/getImageFile.do?atchFileId=FILE_000000000750858&fileSn=0,식품진흥기금 융자사업 신청서식.hwp,"방문 및 우편접수 - 접수처 : 세종특별자치시 한누리대로 2130, 세종시청 보건정책과 식품안전팀(3층 310호) ※ 신청 전 하나은행에서 신청금액 대출가능 여부 확인 후 신청",세종특별자치시 보건정책과 식품안전팀 044-300-5732,,2026-04-10 14:54:44,finance_all.json,bizinfo
PBLN_000000000120828,[울산] 2026년 2차 소상공인 경영안정자금 긴급 융자 지원계획 공고,울산광역시,직접수행,금융,선착순 접수,소상공인,타지역,,True,"소상공인,소기업,경영안정,육성기금,융자,보증",「소상공인기본법」제3조 및「울산광역시 중소기업육성기금 조례」제12조의 규정에 따라 ″2026년도 울산광역시 2차 소상공인 경영안정자금″ 융자지원계획을 아래와 같이 공고합니다. ☞ 울산 소재 사업장을 둔 소상공인 ☞ 대출한도 : 8천만원 이내 - 업체별 융자금에 대한 2~4년간 대출이자 중 일부지원(2.5%이내) ※ 자세한 지원내용 공고문 참조,https://www.bizinfo.go.kr/sii/siia/selectSIIA200Detail.do?pblancId=PBLN_000000000120828,https://www.bizinfo.go.kr/cmm/fms/getImageFile.do?atchFileId=FILE_000000000751382&fileSn=0,★2026년 2차 울산광역시 소상공인 경영안정자금 융자 긴급 융자지원계획 공고.hwp,,,온라인 접수 (울산신용보증재단),(상담 및 문의) 울산신용보증재단 본점 052-289-2300 및 지점별 문의처 상이 공고문 3p 참조 / 울산경제일자리진흥원 052-283-7135,https://www.ulsanshinbo.co.kr/main/,2026-04-15 13:36:59,finance_all.json,bizinfo
PBLN_000000000121777,[울산] 2026년 소상공인 산재보험료 지원사업 공고,울산광역시,울산경제일자리진흥원,금융,2026-05-06 ~ 2026-12-10,소상공인,타지역,,True,"소상공인,자영업자,자영업,소기업","울산광역시 소상공인 산재보험료 일부 지원을 통한 산재보험 가입 촉진으로 자영업자의 사회안전망 확충하기 위한「2026년​ 소상공인 산재보험료 지원사업」을 다음과 같이 공고합니다. ☞ 중소기업 사업주 산재보험 가입 후 보험료를 납입한「소상공인기본법」 제2조에 따른 소상공인 사업주 ☞ 산재보험료 납부액의 30~50% 환급 지원 (1~4등급 50%, 5~8등급 40%, 9~12등급 30%)",https://www.bizinfo.go.kr/sii/siia/selectSIIA200Detail.do?pblancId=PBLN_000000000121777,https://www.bizinfo.go.kr/cmm/fms/getImageFile.do?atchFileId=FILE_000000000754643&fileSn=0,2026년 소상공인 산재보험료 지원사업 공고문.pdf,https://www.bizinfo.go.kr/cmm/fms/getImageFile.do?atchFileId=FILE_000000000754644&fileSn=0,2026년 소상공인 산재보험료 지원사업 공고문.hwp,방문 접수 - 접수처 : 울산경제일자리진흥원 일자리지원부,(소상공인 산재보험료 지원사업 관련 문의) 울산경제일자리진흥원 일자리지원부 052-283-7195 (중소기업 사업주 산재보험 가입 및 납부 관련 문의) 근로복지공단 1588-0075,,2026-05-08 14:47:36,finance_all.json,bizinfo
PBLN_000000000120829,[울산] 2026년 소상공인 재기지원자금 긴급 융자 지원계획 공고,울산광역시,직접수행,금융,선착순 접수,소상공인,타지역,,True,"소상공인,소기업,육성기금,재기지원,폐업,융자,보증","「소상공인기본법」제3조 및「울산광역시 중소기업육성기금 조례」제12조의 규정에 따라 ″2026년도 울산광역시 소상공인 긴급 재기지원자금″ 융자지원계획을 아래와 같이 공고합니다. ☞ 아래 ①, ②를 모두 충족하는 소상공인 ① 접수일 현재 사업자 등록 후 영업 중이며 2020. 1. 1. 이후 폐업 후 재창업 또는 휴업 후 영업을 재개한 울산광역시 소재 소상공인 ② 2025. 1. 1 이후 울산신용보증재단의 소상공인 행복드림센터 교육 또는 소상공인진흥공단의 희망리턴패키지 재창업 교육 수료자 ☞ 대출한도 : 8천만원 이내 - 업체별 융자금에 대한 2~4년간 대출이자 중 일부지원(2.5%이내) ※ 자세한 지원내용 공고문 참조",https://www.bizinfo.go.kr/sii/siia/selectSIIA200Detail.do?pblancId=PBLN_000000000120829,https://www.bizinfo.go.kr/cmm/fms/getImageFile.do?atchFileId=FILE_000000000751384&fileSn=0,★2026년 울산광역시 소상공인 재기지원자금 긴급 융자지원계획 공고.hwp,,,온라인 접수 (울산신용보증재단),(상담 및 문의) 울산신용보증재단 본점 052-289-2300 및 지점별 문의처 상이 공고문 3p 참조 / 울산경제일자리진흥원 052-283-7135,https://www.ulsanshinbo.co.kr/main/,2026-04-15 13:44:31,finance_all.json,bizinfo
PBLN_000000000120241,[인천] 2026년 2단계 희망 소상공인 경영안정자금 지원 사업 공고,인천광역시,직접수행,금융,예산 소진시까지,소상공인,타지역,,True,"소상공인,경영안정,특례보증,이차보전,융자,보증","소상공인기본법 제3조에 따라 「2026년 2단계 희망인천 소상공인 경영안정자금」지원 사업을 다음과 같이 공고합니다. ☞ 인천 소재 소상공인 ☞ 업체당 5천만원 이내 지원 - 융자기간 : 6년 - 이차보전 : (최초 1년간) 연 2.0%, (이후 2년간) 연 1.5% 인천시 지원 ※ 자세한 지원내용 공고문 참조",https://www.bizinfo.go.kr/sii/siia/selectSIIA200Detail.do?pblancId=PBLN_000000000120241,https://www.bizinfo.go.kr/cmm/fms/getImageFile.do?atchFileId=FILE_000000000749426&fileSn=2,공고문(2단계).pdf,https://www.bizinfo.go.kr/cmm/fms/getImageFile.do?atchFileId=FILE_000000000749506&fileSn=1,공고문(2단계).hwp,온라인 및 방문 접수 - 온라인 : 「보증드림」App 접속 후 “보증신청하기” 클릭 > 2026년 희망인천 특례보증 선택(직접ㆍ자동심사)하여 보증 신청 - 접수처 : 담당지역별 주소 공고문 3p 참조,"인천신용보증재단 1577-3790, www.icsinbo.or.kr / 담당지역별 문의처 상이 공고문 3p 참조",,2026-04-01 13:49:30,finance_all.json,bizinfo
PBLN_000000000118881,[인천] 2026년 소공인 경영안정 및 성장지원을 위한 소공인 지원 특례보증 지원사업 공고,인천광역시,인천신용보증재단,금융,예산 소진시까지,소상공인,타지역,,True,"소상공인,경영안정,특례보증,이차보전,융자,보증","소상공인기본법 제3조에 따라 소공인의 경영안정과 성장지원을 위한 「2026년 인천광역시 소공인 지원 특례보증 지원사업」을 다음과 같이 공고합니다. ☞ 인천광역시 소재 상시 근로자 10인 미만으로 제조업을 영위하고 있는 소공인 ※ 동일인이 다수사업자 겸영 시 중복지원 불가 ☞ 융자한도 2억원 이내, 융자기간 1년(1년 단위 5년까지 연장가능) 또는 5년(1년 거치 4년 매월분할상환), 이차보전 연 1.5% 지원 (최초 3년간, 인천광역시 지원), 보증료율 연 0.8% 지원 ※ 이차보전 3년 이후부터는 이차보전 없이 신청 소공인 이자 부담",https://www.bizinfo.go.kr/sii/siia/selectSIIA200Detail.do?pblancId=PBLN_000000000118881,https://www.bizinfo.go.kr/cmm/fms/getImageFile.do?atchFileId=FILE_000000000744668&fileSn=1,공고문(2026년 소공인).hwp,,,온라인 또는 방문 접수 - 온라인 : 보증드림 App 접속 - 접수처 : 지점 방문 ※ 지점별 주소 및 문의처 공고문 참조 ※ 자세한 신청방법 공고문 참조,인천신용보증재단 1577-3790 및 지점별 문의처 공고문 참조,,2026-02-25 15:28:14,finance_all.json,bizinfo
PBLN_000000000122346,[인천] 2026년 원도심ㆍ지역상권 활성화를 위한 상권 활성화 특례보증 지원사업 공고,인천광역시,인천신용보증재단,금융,예산 소진시까지,소상공인,타지역,,True,"소상공인,골목상권,특례보증,이차보전,점포,융자,보증","소상공인기본법 제3조에 따라 도시정비사업 구역 등 상권 위축 지역 및 골목상권과 중동 사태 장기화로 인한 고유가 피해 소상공인 지원을 위해 「2026년 인천광역시 상권 활성화 특례보증 지원사업」을 다음과 같이 공고합니다. ☞ 인천광역시 소재 소상공인 - 인천광역시 내 도시정비사업 구역ㆍ재정비촉진지구(해제지역포함) 및 인근 지역에 사업장을 둔 소상공인(무점포 소매업(479)은 지원대상에서 제외) - 인천광역시에 사업장을 둔 아래 업종(한국표준산업분류 기준)을 영위하는 소상공인(※ 홈플러스 폐점 피해기업 등 포함) ㆍ 음식점업, 도소매업(단, 무점포 소매업 제외), 교육서비스업, 여가관련 서비스업, 개인 서비스업 - 인천광역시 전통시장 등에 소재하여 영업중인 소상공인 - 중동 사태에 따른 고유가 피해 업종(한국표준산업분류 기준)을 영위하는 인천광역시 사업장 소재 소상공인(운수 및 창고업, 건설장비 운영업, 여행사업) ☞ 융자한도 최대 3천만원 이내, 융자기간 5년(1년 거치 4년 매월분할상환), 이차보전 연 1.5% 지원 (최초 3년간, 인천광역시 지원) ※ 자세한 지원내용 공고문 참조",https://www.bizinfo.go.kr/sii/siia/selectSIIA200Detail.do?pblancId=PBLN_000000000122346,https://www.bizinfo.go.kr/cmm/fms/getImageFile.do?atchFileId=FILE_000000000756710&fileSn=0,공고문(26년 상권 활성화).hwpx,,,온라인 또는 방문 접수 - 온라인 : 보증드립 APP - 접수처 : 지점방문(디지털 소외계층에 한함) ※ 자세한 신청방법 공고문 참조,인천신용보증재단 1577-3790 및 지점별 문의처 공고문 참조,,2026-05-22 13:10:19,finance_all.json,bizinfo
PBLN_000000000118880,[인천] 2026년 지역 내 소상공인 고용창출 확대를 위한 일자리 창출 특례보증 지원사업 공고,인천광역시,인천신용보증재단,금융,예산 소진시까지,소상공인,타지역,,True,"소상공인,특례보증,이차보전,융자,보증","소상공인기본법 제3조에 따라 소상공인의 고용 여력 제고 및 지역 내 일자리 창출 지원을 위한 「2026년 일자리 창출 특례보증 지원사업」을 다음과 같이 공고합니다. ☞ 인천광역시에 사업장을 둔 소상공인 - 최근 1년 이내 신규인력 고용 또는 유지 기업 - 신규 창업 3년 이내 기업 - 제대군인 고용 우수기업 등 인증 받은 기업(제대군인 지원에 관한 법률에 따른 고용우수 인증기업) - 인천시 일자리 창출 우수기업으로 선정된 기업 - 인천시 일하기 좋은 뿌리기업으로 선정된 기업 - 지역건설산업 유공자 표창을 받은 기업 또는 대표가 영위하는 기업 ☞ 융자한도 3천만원 이내, 융자기간 5년(1년 거치 4년 매월분할상환) , 이차보전 연 1.5 ~ 2.0% 지원 (최초 3년간, 인천광역시 지원), 보증료율 연 0.8% 지원",https://www.bizinfo.go.kr/sii/siia/selectSIIA200Detail.do?pblancId=PBLN_000000000118880,https://www.bizinfo.go.kr/cmm/fms/getImageFile.do?atchFileId=FILE_000000000744664&fileSn=0,공고문(2026 일자리창출).hwp,,,온라인 또는 방문 접수 - 온라인 : 보증드림 App 접속 - 접수처 : 지점 방문 ※ 지점별 주소 및 문의처 공고문 참조 ※ 자세한 신청방법 공고문 참조,인천신용보증재단 1577-3790 및 지점별 문의처 공고문 참조,,2026-02-25 15:27:45,finance_all.json,bizinfo
PBLN_000000000118879,[인천] 2026년 청년 창업가 육성 및 지원을 위한 청년창업 특례보증 지원사업 공고,인천광역시,인천신용보증재단,금융,예산 소진시까지,소상공인,타지역,,True,"소상공인,특례보증,이차보전,융자,보증","소상공인기본법 제3조에 따라 청년 소상공인 육성을 위한 「2026년 인천광역시 청년창업 특례보증 지원사업」을 다음과 같이 공고합니다. ☞ 인천광역시에 사업장을 둔 39세 이하 소상공인(창업 후 5년 이내인 기업에 한함) ※ 주민등록번호 기준 생년월일이 1986년 1월 1일 이후인 자 ☞ 융자한도 최대 3천만원 이내, 융자기간 5년(1년 거치 4년 매월분할상환), 이차보전 연 1.5%(최초 3년간, 인천광역시 지원), 보증료율 연 0.8% 지원",https://www.bizinfo.go.kr/sii/siia/selectSIIA200Detail.do?pblancId=PBLN_000000000118879,https://www.bizinfo.go.kr/cmm/fms/getImageFile.do?atchFileId=FILE_000000000744662&fileSn=0,공고문(2026 청년창업).hwp,,,온라인 또는 방문 접수 - 온라인 : 보증드림 App 접속 - 접수처 : 지점 방문 ※ 지점별 주소 및 문의처 공고문 참조 ※ 자세한 신청방법 공고문 참조,인천신용보증재단 1577-3790 및 지점별 문의처 공고문 참조,,2026-02-25 15:23:16,finance_all.json,bizinfo
PBLN_000000000124246,[인천] 2026년 하반기 소상공인시장진흥자금 융자 계획 공고,인천광역시,인천신용보증재단,금융,예산 소진시까지,소상공인,타지역,,True,"소상공인,점포,융자,보증","인천 관내 소상공인을 위한 2026년도 하반기 소상공인시장진흥자금 융자 계획을 아래와 같이 공고합니다. ☞ 인천 관내 소상공인(단, 신용보증의 경우 무점포기업은 업력 6개월 이상일 것) ☞ 점포시설개선 또는 운영자금 지원 - 업체당 5천만원(신용보증서는 2천만원한도) 이내 지원 ※ 자세한 지원내용 공고문 참조",https://www.bizinfo.go.kr/sii/siia/selectSIIA200Detail.do?pblancId=PBLN_000000000124246,https://www.bizinfo.go.kr/cmm/fms/getImageFile.do?atchFileId=FILE_000000000764039&fileSn=1,공고문 및 신청서식(1~3).hwpx,,,"- 접수처 : 인천신용보증재단 - (접수, 신용보증서 발급 등) 인천 신용보증재단 - (부동산담보, 기타담보 문의) 가까운 신한은행 지점 상담창구 방문",인천신용보증재단 남동지점 032-429-7982~4 및 지점별 문의처 공고문 2p 참조,,2026-07-10 14:03:25,finance_all.json,bizinfo
PBLN_000000000117791,[인천] 2026년 희망인천 특례보증 1단계 공고,인천광역시,인천신용보증재단,금융,예산 소진시까지,소상공인,타지역,,True,"소상공인,소기업,경영안정,특례보증,보증","인천지역 소상공인의 경영안정을 지원하고 민생경제 회복과 성장을 위해 인천신용보증재단에서 2026년 희망인천 특례보증(1단계)를 아래와 같이 시행합니다. ☞ (인천광역시 소재) 소기업ㆍ소상공인 (홈플러스 폐점 피해기업 등 포함) ☞ 특례보증(업체당 5천만원 이내) 지원 - 보증기간 : 6년 (1년 거치 5년 분할 상환) - 이자지원 : 최초 1년 간 연 2% 지원, 이후 2년 간 1.5% 이자 지원 (총 3년간 지원)",https://www.bizinfo.go.kr/sii/siia/selectSIIA200Detail.do?pblancId=PBLN_000000000117791,https://www.bizinfo.go.kr/cmm/fms/getImageFile.do?atchFileId=FILE_000000000741664&fileSn=0,희망인천 특례보증 안내.png,,,온라인 또는 방문 접수(중복신청 불가) - 온라인 : 인천신용보증재단 홈페이지 - 접수처 : 「보증드림」앱을 통한 대면 상담예약자 또는 온라인 신청이 불가한 디지털 소외계층의 경우 신청기간 중 예약없이 관할 지점을 방문하여 신청 ※ 자세한 사항 공고문 참고,인천신용보증재단 대표번호 1577-3790,https://www.icsinbo.or.kr/home/reserve.do?menu_cd=000095,2026-01-23 13:13:42,finance_all.json,bizinfo
PBLN_000000000123711,[전남] 2026년 소상공인 육성자금 지원계획 변경 공고,전남광주통합특별시,전남신용보증재단,금융,예산 소진시까지,소상공인,타지역,,True,"소상공인,소기업,경영안정,육성기금,보증","「전라남도 중소기업 육성기금 조례」제12조의 규정에 따라 2026년도 전라남도 소상공인 육성자금 지원계획을 다음과 같이 공고합니다. ☞ 전남 소재 소상공인 ※ 세부사업별 지원대상 공고문 참조 ☞ 소상공인 창업자금, 소상공인 경영안정자금 지원 ※ 자세한 지원내용 공고문 참조",https://www.bizinfo.go.kr/sii/siia/selectSIIA200Detail.do?pblancId=PBLN_000000000123711,https://www.bizinfo.go.kr/cmm/fms/getImageFile.do?atchFileId=FILE_000000000761928&fileSn=1,전라남도 소상공인 육성자금지원계획 공고.hwpx,,,방문 또는 온라인 접수 - 방문 : 전남신용보증재단 각 지점 (※ 공고문 참조) - 온라인 : 보증드림’ 사이트 또는 앱 ※ 자세한 신청방법 공고문 참조,"전남신용보증재단 각 지점별 문의처 상이, 공고문 참조",https://untact.koreg.or.kr/web/index.do,2026-06-29 13:25:24,finance_all.json,bizinfo
PBLN_000000000120889,[전남] 목포시 2026년 소상공인 융자금 이차보전 지원 정정 공고,전남광주통합특별시,전남신용보증재단,금융,예산 소진시까지,소상공인,타지역,,True,"소상공인,경영안정,이차보전,융자,보증","소상공인의 경영안정과 자생력 강화를 위한 2026년 목포시 소상공인 융자금 이차보전 지원계획을 「목포시 소상공인 지원조례」 제12조(이차보전)의 규정에 의하여 다음과 같이 정정 공고합니다. ☞ 「소상공인 보호 및 지원에 관한 법률」제2조 및 「소상공인기본법」제2조 제1항에서 정한 사업자 ☞ 융자 추천 한도 업체당 3,000만원 이내 지원 - 융자조건 : 2년거치 일시상환 - 이차보전 : 약정 이자율 중 연 3% 이내 지원 - 지원기간 : 대출일로부터 2년",https://www.bizinfo.go.kr/sii/siia/selectSIIA200Detail.do?pblancId=PBLN_000000000120889,https://www.bizinfo.go.kr/cmm/fms/getImageFile.do?atchFileId=FILE_000000000751562&fileSn=0,2026년 소상공인 융자금 이차보전 지원사업 정정 공고문.hwp,,,방문 접수 - 접수처 : 전남신용보증재단 목포지점 - 보증서발급여부 및 구비서류 문의 : 전남신용보증재단 목포지점(061-285-0745) ※ 접수처 방문 전에 반드시 대출가능여부 및 보증서발급여부 전화 상담 바람,"목포시청 지역경제과 소상공인팀 061-270-8827, 전남신용보증재단 목포지점 061-285-0745",,2026-04-16 14:04:09,finance_all.json,bizinfo
PBLN_000000000124179,[전남광주] 여수시 2026년 소상공인 융자금 이차보전 지원 계획 변경 공고,전남광주통합특별시,기초자치단체,금융,예산 소진시까지,소상공인,타지역,,True,"소상공인,이차보전,융자","여수시 소상공인 지원에 관한 조례 제5조(이차보전)의 규정에 의하여 2026년 여수시 소상공인 융자금 이차보전 지원계획을 다음과 같이 변경 공고합니다. ☞ 「소상공인 보호 및 지원에 관한 법률」제2조에 해당하는 자 - 여수시에 사업장이 있고 3개월 이상 영업을 유지하고 있는 소상공인 - 시와 협약된 금융기관에서 담보 및 신용대출이 가능한 소상공인 ☞ 융자추천 한도 업체당 5,000만원 이내, 융자조건 2년 거치 일시상환, 이차보전 대출금리 연 4.0%(2년간) 지원",https://www.bizinfo.go.kr/sii/siia/selectSIIA200Detail.do?pblancId=PBLN_000000000124179,https://www.bizinfo.go.kr/cmm/fms/getImageFile.do?atchFileId=FILE_000000000763784&fileSn=2,(공고문)2026년 여수시 소상공인 융자금 이차보전 지원 계획 변경 공고.pdf,https://www.bizinfo.go.kr/cmm/fms/getImageFile.do?atchFileId=FILE_000000000763787&fileSn=1,(공고문)2026년 여수시 소상공인 융자금 이차보전 지원 계획 변경 공고.hwpx,"방문 접수 - 접수처 : 전남광주통합특별시 여수시 좌수영로 962-12, 여수상공회의소 내 여수시 소상공인원스톱지원센터",여수시 경제일자리과 소상공인팀 061-659-3607 / 여수시 소상공인원스톱지원센터 061-659-5765,,2026-07-09 14:01:51,finance_all.json,bizinfo
PBLN_000000000117495,[전북] 무주군 2026년 소상공인 특례보증 및 이차보전금 지원 사업 공고,전북특별자치도,전북신용보증재단,금융,예산 소진시까지,소상공인,타지역,,True,"소상공인,특례보증,이차보전,보증","「무주군 소상공인 지원에 관한 조례」 제3조에 따라 2026년 무주군 소상공인 특례보증 지원 사업을 아래와 같이 공고합니다. ☞ 무주군에 사업장을 두고 3개월 이상 사업을 영위하고 최근 5개월 이내 연체 대출금 보유사실이 없는 소상공인 - 광업, 제조업, 건설업 및 운수업 : 상시근로자수 10인 미만 - 그 밖의 업종(도ㆍ소매업, 음식점업, 숙박업 등) : 상시근로자수 5인 미만 ☞ 무주군 소상공인 특례보증 대출(최대 3천만원 및 이차보전금 지원(연 5%, 5년 이내)",https://www.bizinfo.go.kr/sii/siia/selectSIIA200Detail.do?pblancId=PBLN_000000000117495,https://www.bizinfo.go.kr/cmm/fms/getImageFile.do?atchFileId=FILE_000000000740994&fileSn=0,2026년 무주군 소상공인 특례보증 및 이차보전 지원 사업 공고.hwp,,,방문 접수 - 접수처 : 전북신용보증재단 무주출장소 및 무진장지점(진안) ※ 자세한 신청방법 공고문 참조,"(전북신용보증재단) 063-433-8402, 8405 / (무주군청 산업경제과 지역경제팀) 063-320-2357 및 기타 문의처 공고문 참조",,2026-01-16 10:07:01,finance_all.json,bizinfo
PBLN_000000000117510,[전북] 진안군 2026년 상공업 육성자금 대출 지원사업 공고,전북특별자치도,기초자치단체,금융,예산 소진시까지,중소기업,타지역,,True,"소상공인,소기업,운전자금","진안군 상공업육성자금 지원에 관한 조례에 따라 진안군 상공업육성자금 대출지원 계획을 아래와 같이 공고합니다. ☞ 진안군 상공업 육성자금 지원에 관한 조례 제3조에 따른 진안군 내에서 1년 이상 사업자로 등록되어 영업 중인 소상공인, 중소기업 ☞ 경영운전자금 (재료비, 기계ㆍ장비 구입비, 인건비, 사업장수리비 등) 일반 소상공인 최대 1억원, 공장 등록된 제조업체 최대 3억원 지원",https://www.bizinfo.go.kr/sii/siia/selectSIIA200Detail.do?pblancId=PBLN_000000000117510,https://www.bizinfo.go.kr/cmm/fms/getImageFile.do?atchFileId=FILE_000000000740990&fileSn=0,2026년 상공업육성자금 대출 지원 사업 공고.hwp,,,"방문 접수 - 금융기관 : 농협은행 진안군지부, 전북은행 진안지점, 진안새마을금고, 진안동부새마을금고 - 제출처 : 진안군 진안읍 진무로 702-30 농업기술센터 2층 진안군 농산촌미래국 농촌활력과 민생경제팀 ※ 금융기관 상담 후 군청으로 서류제출",진안군 농산촌미래국 농촌활력과 민생경제팀 063-430-8052,,2026-01-16 09:45:10,finance_all.json,bizinfo
PBLN_000000000125335,[제주] 2026년 중소기업육성자금 융자지원계획 변경 공고,제주특별자치도,제주특별자치도경제통상진흥원,금융,예산 소진시까지,중소기업,타지역,,True,"소상공인,소기업,경영안정,육성기금,융자","「제주특별자치도 중소기업육성기금 조례」제6조에 따른 “2026년 제주특별자치도 중소기업육성자금 융자지원계획”을 다음과 같이 변경 공고합니다. ☞ 제주특별자치도에 사업장을 둔 중소기업ㆍ소상공인 ※ 자세한 지원대상 공고문 참조 ☞ 시설투자자금, 경영안정자금, 청년창업기업 금리 지원 ※ 자세한 지원내용 공고문 참조",https://www.bizinfo.go.kr/sii/siia/selectSIIA200Detail.do?pblancId=PBLN_000000000125335,https://www.bizinfo.go.kr/cmm/fms/getImageFile.do?atchFileId=FILE_000000000768693&fileSn=1,2026년 제주특별자치도 중소기업육성자금 융자지원계획 변경공고(2026.8.10.).hwpx,,,접수처 - 제주시 : 제주시 연삼로 473 경제통상진흥원 지하1층 - 서귀포시 : 서귀포시 일주동로 8532 축산업협동조합 3층,제주특별자치도 소상공인과 064-710-3905~6 / 제주특별자치도경제통상진흥원 자금지원팀 (제주시) 064-805-3370 (서귀포시) 064-805-3380,,2026-08-11 13:45:56,finance_all.json,bizinfo
PBLN_000000000125737,[제주] 소상공인 저금리 대환대출 특별보증 한시적 이차보전금 지원 공고,제주특별자치도,제주신용보증재단,금융,예산 소진시까지,소상공인,타지역,,True,"소상공인,경영안정,이차보전,융자,보증","최근 고금리와 경기침체 등으로 금융비용 부담이 커진 도내 중ㆍ저신용 소상공인의 이자부담을 완화하고 경영안정 지원을 위해「소상공인 저금리 대환대출 특별보증」한시적 이차보전금 지원 계획을 다음과 같이 공고합니다. ☞ 고금리(7%) 기업대출(신용대출에 한함)을 이용중인 중ㆍ저신용 도내 소상공인(법인 제외) ☞「소상공인 저금리 대환대출 특별보증」융자(업체당 한도 최대 1천만원, 1년 거치 4년 분할상환)에 대한 이차보전",https://www.bizinfo.go.kr/sii/siia/selectSIIA200Detail.do?pblancId=PBLN_000000000125737,https://www.bizinfo.go.kr/cmm/fms/getImageFile.do?atchFileId=FILE_000000000770373&fileSn=0,(260819) 소상공인 저금리 대환대출 특별보증 이차보전금 지원 공고문★.hwpx,,,온라인 접수(제주신용보증재단),"제주특별자치도 소상공인과 064-710-3905, 3906 제주신용보증재단 (본점) 064-750-4800 (서귀포지점) 064-733-8133 (동제주지점) 064-758-8020",https://untact.koreg.or.kr/web/index.do,2026-08-24 14:10:48,finance_all.json,bizinfo
PBLN_000000000117094,[충남] 2026년 소상공인자금 융자 지원계획 공고,충청남도,충남신용보증재단,금융,예산 소진시까지,소상공인,타지역,,True,"소상공인,소기업,육성기금,융자,보증","「충청남도 중소기업육성기금 설치 및 운용 조례」 제20조 및 같은 조례 시행규칙 제4조의 규정에 따라 2026년도 충청남도 소상공인자금 융자 지원계획을 다음과 같이 공고합니다. ☞ 충청남도에 사업장이 소재하는 소기업ㆍ소상공인 ☞ 소상공인자금 융자한도 최대 1.5억원 이내, 1.5% 이자보전 지원 ※ 자세한 지원내용 공고문 참조",https://www.bizinfo.go.kr/sii/siia/selectSIIA200Detail.do?pblancId=PBLN_000000000117094,https://www.bizinfo.go.kr/cmm/fms/getImageFile.do?atchFileId=FILE_000000000739764&fileSn=1,2026년 충청남도 소상공인자금 융자 지원계획 공고.hwp,,,"온라인 및 방문 접수 - 온라인 : 신용보증재단 보증드림 앱(App) 또는 각 은행 앱(App), 충남신용보증재단 - 방문 : 충남신용보증재단 각 영업점(공고문 9p 참조)",충남 신용보증재단 본점 1588-7310 영업점별 문의처 공고문 9p 참조,https://www.cnsinbo.co.kr/intro.html,2026-01-05 13:46:53,finance_all.json,bizinfo
PBLN_000000000117751,[충남] 2026년 중소기업육성자금 융자 지원계획 공고,충청남도,충남경제진흥원,금융,예산 소진시까지,중소기업,타지역,,True,"소상공인,소기업,경영안정,육성기금,융자,보증","「충청남도 중소기업육성기금 설치 및 운용 조례」 제20조 및 같은 조례 시행규칙 제4조의 규정에 따라 2026년도 충청남도 중소기업육성자금 융자 지원계획을 다음과 같이 공고합니다. ☞ 충청남도에 사업장이 소재하는 중소기업 및 소상공인 ※ 자금별 지원대상 상이, 자세한 사항 공고문 참조 ☞ 중소기업육성자금 융자 지원 - 창업 및 경쟁력 강화 자금, 혁신형 자금, 재난지원자금, 회생기업 경영안정자금, 제조업 경영안정자금, 기술혁신형 경영안정자금, ESG 경영안정자금, 중소기업 보증자금, 우대금리자금 ※ 자금별 융자한도 및 자세한 사항 공고문 참조",https://www.bizinfo.go.kr/sii/siia/selectSIIA200Detail.do?pblancId=PBLN_000000000117751,https://www.bizinfo.go.kr/cmm/fms/getImageFile.do?atchFileId=FILE_000000000741553&fileSn=2,2026년 충청남도 중소기업육성자금 융자 지원계획 공고.hwp,,,※ 자금별 신청방법 상이 공고문 참조,충남신용보증재단 본점 1588-7310 및 금융지원센터별 문의처 공고문 참조,,2026-01-22 13:35:29,finance_all.json,bizinfo
PBLN_000000000117498,[충남] 공주시 2026년 소상공인 특례보증 지원계획 공고,충청남도,충남신용보증재단,금융,예산 소진시까지,소상공인,타지역,,True,"소상공인,특례보증,보증","「공주시 소상공인 특례보증 지원에 관한 조례」제4조에 따라 2026년도 공주시 소상공인 특례보증 지원계획을 아래와 같이 공고합니다. ☞공주시에 사업장을 두고 사업을 영위중인 소상공인 - 건설ㆍ제조업ㆍ광업ㆍ운송업 : 상시종업원 10인 미만 - 도ㆍ소매업, 각종 서비스업 : 상시종업원 5인 미만 - 신용보증재단의 신용보증관련 제 규정 및 기준에 충족되는 자 ※ 자세한 지원대상 공고문 참조 ☞ 1업체당 5천만원 한도 이내 대출금의 100% 전액보증 지원 (보증료율 연 0.9%이내, 보증기간 7년 이내) ※ 자세한 지원내용 공고문 참조",https://www.bizinfo.go.kr/sii/siia/selectSIIA200Detail.do?pblancId=PBLN_000000000117498,https://www.bizinfo.go.kr/cmm/fms/getImageFile.do?atchFileId=FILE_000000000741023&fileSn=0,소상공인 특례보증 지원계획 공고(2026년).hwp,https://www.bizinfo.go.kr/cmm/fms/getImageFile.do?atchFileId=FILE_000000000741024&fileSn=0,소상공인자금 지원제외 대상 업종.hwp,"방문 접수 - 접수처 : 공주시 신관로 38, 6층(신관동 599-1번지) 충남신용보증재단 공주지점","충남신용보증재단 공주지점 041-850-9100, 공주시청 경제과 041-840-8291",,2026-01-16 10:59:40,finance_all.json,bizinfo
PBLN_000000000117534,[충남] 태안군 2026년 소상공인 특례보증 신청 공고,충청남도,충남신용보증재단,금융,예산 소진시까지,소상공인,타지역,,True,"소상공인,소기업,특례보증,보증",관내 영세 소상공인의 건전한 육성발전을 위하여 2026년 태안군 소상공인 특례보증 지원 사업을 다음과 같이 공고합니다. ☞ 태안군에 사업 등록된 소기업ㆍ소상공인 ☞ 업체당 최대 5천만원 이내 보증(대출) 지원,https://www.bizinfo.go.kr/sii/siia/selectSIIA200Detail.do?pblancId=PBLN_000000000117534,https://www.bizinfo.go.kr/cmm/fms/getImageFile.do?atchFileId=FILE_000000000741059&fileSn=0,태안군 소상공인 특례보증 금융지원 신청 공고.pdf,,,온라인 접수(보증드림 앱),충남 신용보증재단 서산지점 041-671-5555,,2026-01-16 14:59:08,finance_all.json,bizinfo
PBLN_000000000125705,[충북] 2026년 2차 중소기업육성자금 융자(이차보전) 지원계획 변경 공고,충청북도,충청북도기업진흥원,금융,예산 소진시까지,중소기업,타지역,,True,"소기업,경영안정,육성기금,이차보전,융자","충청북도 공고 제2025-1914호(2025.12.30.), 제2026-1111호(2026.07.16.) 「2026년도 충청북도 중소기업육성자금 융자(이차보전) 지원계획 변경공고」와 관련, 지원규모 및 기업부담금리가 변경되어 다음과 같이 변경 공고합니다. ☞ 충청북도에 사업장을 둔「중소기업기본법」의 적용을 받는 중소기업 ※ 자세한 지원대상 공고문 참조 ☞ 은행협약자금, 중소기업 육성기금 지원 - 은행협약자금 : 창업 및 경쟁력강화 자금, 기업정주여건(기숙사)조성, 경영안정지원자금, 고용창출기업특별지원자금, 영세기업 일자리안정 특별자금 - 중소기업육성기금 : 가족친화기업특별자금, 소기업특별지원자금, 벤처ㆍ지식산업지원자금, 청년창업지원자금, 디지털ㆍ저탄소전환촉진자금, 특별경영안정지원자금 ※ 자세한 지원내용 공고문 참조",https://www.bizinfo.go.kr/sii/siia/selectSIIA200Detail.do?pblancId=PBLN_000000000125705,https://www.bizinfo.go.kr/cmm/fms/getImageFile.do?atchFileId=FILE_000000000770281&fileSn=1,2026년 중소기업육성자금 융자(이차보전) 지원계획 변경(2차) 공고문+.pdf,https://www.bizinfo.go.kr/cmm/fms/getImageFile.do?atchFileId=FILE_000000000770282&fileSn=1@https://www.bizinfo.go.kr/cmm/fms/getImageFile.do?atchFileId=FILE_000000000770282&fileSn=2,참고.업종코드-표준산업분류 연계표_.xlsx@2026년 중소기업육성자금 융자(이차보전) 지원계획 변경(2차) 공고문.hwp,"방문, 우편 접수 - 접수처 : (28399) 충북 청주시 흥덕구 풍산로 50 충청북도기업진흥원 2층 기업지원부","충청북도기업진흥원 기업지원부 043-230-9751, 9729",,2026-08-24 10:01:43,finance_all.json,bizinfo
PBLN_000000000117038,[충북] 2026년 소상공인 육성자금 지원계획 공고,충청북도,충북신용보증재단,금융,예산 소진시까지,소상공인,타지역,,True,"소상공인,운전자금,보증","2026년도 충청북도 소상공인 육성자금 지원계획을 다음과 같이 공고합니다. ☞ 도내 사업장을 둔 소상공인 ☞ 신규창업자의 초기 운전자금, 기존사업자의 경영에 필요한 운전자금 및 시설개보수자금 지원 - 대출한도 : 7천만원 이내(기 지원금액 포함)",https://www.bizinfo.go.kr/sii/siia/selectSIIA200Detail.do?pblancId=PBLN_000000000117038,https://www.bizinfo.go.kr/cmm/fms/getImageFile.do?atchFileId=FILE_000000000739536&fileSn=0,2026년 충청북도 소상공인 육성자금 지원계획 공고문-1.hwp,,,보증드림 앱 또는 온라인 접속 후 상담 예약 접수 ※ 디지털 취약계층 : 패스트트랙(無예약) 및 찾아가는 보증드림 ※ 자세한 신청방법 공고문 참조,충북신용보증재단 043-249-5700,https://www.cbsinbo.or.kr/,2025-12-31 09:21:39,finance_all.json,bizinfo
PBLN_000000000117576,[충북] 괴산군 2026년 저신용 소상공인 대출이자 지원사업 공고,충청북도,기초자치단체,금융,예산 소진시까지,소상공인,타지역,,True,"소상공인,경영안정","저신용 소상공인의 경영안정 도모를 위한 2026년 저신용 소상공인 대출이자 지원 계획을 다음과 같이 공고합니다. ☞ 괴산군에 사업장을 운영하고 있는 저신용 소상공인(개인사업자) - 신용평점 KCB 700점 또는 NICE 749점 이하인 자 및 차상위계층 이하 자 또는 근로장려금 수급자 ☞ 대출한도 2천만원 이내, 대출 금리 4.5%, 대출기간 5년 이내 지원 - 이자지원 : 연리 3%를 최대 5년간 지원",https://www.bizinfo.go.kr/sii/siia/selectSIIA200Detail.do?pblancId=PBLN_000000000117576,https://www.bizinfo.go.kr/cmm/fms/getImageFile.do?atchFileId=FILE_000000000741140&fileSn=0,2026년 괴산군 저신용 소상공인 대출이자 지원사업 공고.hwp,,,접수처 : 미소금융 충북청주법인,"미소금융 충북청주법인 (043-225-0014, 0027, 0029)",,2026-01-19 11:19:05,finance_all.json,bizinfo
PBLN_000000000117579,[충북] 단양군 2026년 소상공인 융자금 이차보전 지원사업 공고,충청북도,충북신용보증재단,금융,예산 소진시까지,소상공인,타지역,,True,"소상공인,경영안정,이차보전,융자,보증","소상공인의 경영안정을 위해 「단양군 소상공인 및 유통산업 발전을 위한 지원 조례」제3조에 따라 2026년도 소상공인 융자금 이차보전 지원계획을 다음과 같이 공고합니다. ☞「소상공인기본법」제2조 제1항에서 정한 사업자 - 광업ㆍ제조업ㆍ건설업 및 운수업(상시 근로자 10인 미만인 사업자 ) - 도ㆍ소매업 , 음식업, 서비스업 등 그 밖의 업종(상시 근로자 5인 미만인 사업자) - 단양군에 사업장을 두고 관할 세무서에 사업자등록이 되어 있는 사업자 - 충북신용보증재단의 신용보증 및 군과 협약된 금융기관의 대출 취급이 가능한 소상공인 ☞ 융자한도 업체당 최대 7천만원 이내 지원 ※ 자세한 지원내용 공고문 참조",https://www.bizinfo.go.kr/sii/siia/selectSIIA200Detail.do?pblancId=PBLN_000000000117579,https://www.bizinfo.go.kr/cmm/fms/getImageFile.do?atchFileId=FILE_000000000741154&fileSn=0,공고문(2026년 단양군 소상공인 이차보전).hwp,,,방문 및 온라인 접수 - 접수처 : 충북신용보증재단 제천지점 - 온라인 : ‘보증드림’스마트폰 어플을 통한 온라인 신청 ※ 자세한 신청방법 공고문 참조,충북신용보증재단 제천지점 043-249-5790,,2026-01-19 13:27:57,finance_all.json,bizinfo
PBLN_000000000119434,2026년 (예비)사회적기업 이차보전 지원계획 공고,고용노동부,한국사회적기업진흥원,금융,예산 소진시까지,사회적기업,전국_또는_지역미지정,,False,"보증,운전자금,이차보전",본 사업은 협약은행의 보증부 대출에 대해 진흥원의 이차보전 (이자 일부지원)을 통해 (예비)사회적기업의 금융 비용 부담을 완화하는 사업입니다. ☞ (예비)사회적기업 ☞ 운전자금 대출에 대해 이자차액 2.5%p 지원 ※ 자세한 지원내용 공고문 참조,https://www.bizinfo.go.kr/sii/siia/selectSIIA200Detail.do?pblancId=PBLN_000000000119434,https://www.bizinfo.go.kr/cmm/fms/getImageFile.do?atchFileId=FILE_000000000746586&fileSn=0,[공고문] 2026년 (예비)사회적기업 이차보전 지원사업 공고.hwp,,,신용보증기금 영업점 방문ㆍ전화 상담 및 온라인 접수 ※ 자세한 영업점 장소 공고문 p4 참조,(보증상담 및 접수 문의) 신용보증기금 1588-6565 / 한국사회적기업진흥원 성장지원팀 031-697-7764,,2026-03-12 14:40:45,"finance_all.json,finance_seoul.json",bizinfo
PBLN_000000000123260,2026년 1차 지역산업위기대응 이차보전 지원사업 변경 공고,산업통상부,한국산업기술진흥원,금융,2026-02-10 ~ 2026-11-13,중소기업,전국_또는_지역미지정,,False,"소기업,이차보전",「지역산업위기대응 이차보전 지원사업 운영규정(산업통상부고시 제2026-008호)」(이하 “운영규정”이라 한다) 제8조에 따라 2026년도 지역산업위기대응 이차보전 지원사업을 다음과 같이 공고합니다. ☞ 산업위기지역의 주된산업 또는 이와 밀접한 전ㆍ후방 연관 산업(거래증빙必)을 영위하고 있는 중소ㆍ중견기업 ☞ 산업위기지역 소재 중소ㆍ중견기업의 경영 안정을 위한 이차보전 지원 ※ 자세한 지원내용 공고문 참조,https://www.bizinfo.go.kr/sii/siia/selectSIIA200Detail.do?pblancId=PBLN_000000000123260,https://www.bizinfo.go.kr/cmm/fms/getImageFile.do?atchFileId=FILE_000000000760243&fileSn=0,2026년도 지역산업위기대응 이차보전 지원사업 1차 변경공고(산업통상부공고 제2026-440호)_최종+.pdf,https://www.bizinfo.go.kr/cmm/fms/getImageFile.do?atchFileId=FILE_000000000760244&fileSn=0@https://www.bizinfo.go.kr/cmm/fms/getImageFile.do?atchFileId=FILE_000000000760244&fileSn=1,[붙임1] 2026년도 지역산업위기대응 이차보전 지원사업 신청서식.hwpx@[붙임2] 2026 지역산업위기대응 이차보전 지원사업 FAQ.pdf,"이메일 접수 - (전남 여수시)전남지역산업진흥원 jnriia@riia.or.kr - (경북 포항시)포항테크노파크 2cha@ptp.or.kr - (충남 서산시)서산상공회의소 seosancci@naver.com - (전남 광양시)전남지역산업진흥원 jnriiagy@riia.or.kr - (울산시 남구, 충남 당진시)한국산업기술진흥원 vsvm11@kiat.or.kr ※ 메일 신청 후 접수처로부터 ‘접수 완료 확인 메일’을 받아야 최종 접수가 인정됩니다.","한국산업기술진흥원 지역거점지원실 02-6009-4241, 4245 및 산업위기지역별 접수기관 문의처 상이(공고문 8p 참조)",,2026-06-17 09:50:07,"finance_all.json,finance_seoul.json",bizinfo
PBLN_000000000121611,2026년 2차 EU CBAM 대응 기업지원 컨설팅 공고,기후에너지환경부,한국환경공단,경영,모집 완료시,중소기업,전국_또는_지역미지정,,False,소기업,"수출기업의 유럽 탄소국경조정제(EU CBAM) 대응지원을 위한 「2026년 EU CBAM 대응 기업지원 컨설팅」을 다음과 같이 공고하오니 지원을 희망하는 기업은 신청하여 주시기 바랍니다. ☞ 중소기업, 중견기업 - (지원품목) 철강, 알루미늄, 시멘트, 비료, 수소 등 아래 CN코드(또는 HS code) 품목과 관련된 제품을 생산하는 공정을 보유한 기업 ☞ (현장교육) 기업 담당자 역량강화를 위한 EU CBAM 대응 교육 - (검증대응) EU CBAM 검증 대응을 위한 관리체계 지원 - (배출량 산정ㆍ보고) CBAM 대상 제품 배출량 산정 및 보고서 작성 관련 기술지원, 활용된 활동자료의 적절성 검토 - (기타) 배출량 산정ㆍ보고ㆍ검증(MRV) 외 제도대응에 필요한 사항 지원",https://www.bizinfo.go.kr/sii/siia/selectSIIA200Detail.do?pblancId=PBLN_000000000121611,https://www.bizinfo.go.kr/cmm/fms/getImageFile.do?atchFileId=FILE_000000000754079&fileSn=0,2026년 EU CBAM 대응 기업지원 컨설팅 2차 공고문+.pdf,https://www.bizinfo.go.kr/cmm/fms/getImageFile.do?atchFileId=FILE_000000000754080&fileSn=0,2026년 EU CBAM 대응 기업지원 컨설팅 2차 모음.zip,이메일 접수 (CBAM-Help@keco.or.kr),(신청 문의) EU CBAM 헬프데스크 1551-3213 + 내선1 / (사업 문의) 한국환경공단 배출권관리처 032-590-5635,,2026-05-06 10:40:35,management_seoul.json,bizinfo
PBLN_000000000124783,2026년 2차 친환경인증선박 보급지원사업 공고,해양수산부,한국해양교통안전공단,경영,2026-07-27 ~ 2026-10-30,중소기업,전국_또는_지역미지정,,False,소기업,"2026년 친환경인증선박 보급지원사업의 시행과 관련하여 목적, 지원규모 및 대상, 선정 기준, 사업신청 구비서류, 지원대상자 선정 일정 등을 다음과 같이 공고합니다. ☞ 신청 자격을 갖춘 자로서 사업 공고일(’26.7.27.) 기준 당해연도 또는 전년도에 국내조선소와 친환경인증선박 건조계약을 체결하여, 선박을 건조 중이거나 건조를 완료한 자 ※ 자세한 신청자격 공고문 참조 ☞ 국내 친환경인증선박 신조 수요 등을 고려하여 ’26년 예산의 범위 내에서 지원 - 선박 건조가격을 기준으로 보조금 차등지원 ※ 자세한 지원내용 공고문 참조",https://www.bizinfo.go.kr/sii/siia/selectSIIA200Detail.do?pblancId=PBLN_000000000124783,https://www.bizinfo.go.kr/cmm/fms/getImageFile.do?atchFileId=FILE_000000000766307&fileSn=1,2026년 친환경인증선박 보급지원사업 제2차 공고.hwpx,https://www.bizinfo.go.kr/cmm/fms/getImageFile.do?atchFileId=FILE_000000000766308&fileSn=1,친환경인증선박 보급지원사업 시행지침 260713 .hwpx,"우편 또는 온라인 접수 - 접수처 : (30153) 세종특별자치시 한누리대로 2281, SM메디컬센터 6층 한국해양교통안전공단 검사본부 미래사업실 - 온라인 : 친환경선박 통합지원시스템","해양수산부 해사산업기술과 051-773-5839 / 한국해양교통안전공단 미래사업실 044-330-2733, 2736",https://www.xn--289a040awxdftq9mj.kr/main.do,2026-07-28 10:35:42,management_seoul.json,bizinfo
PBLN_000000000125237,2026년 2차 해외산림자원개발 이차보전 사업 공고,산림청,산림조합중앙회,금융,2026-08-10 ~ 2026-09-11,중소기업,전국_또는_지역미지정,,False,"소기업,융자,이차보전","「해외농업ㆍ산림자원 개발협력법」 제25조, 「산림사업종합자금 운용규정」, 「산림사업종합자금 이차보전 규정」에 따라 ‘2026년 해외산림자원개발 이차보전 사업’을 다음과 같이 공고합니다. ☞「해외농업ㆍ산림자원 개발협력법」제2조 규정에 의한 해외산림자원을 개발하기 위하여 같은 법 제7조 규정에 의하여 해외산림자원개발 사업계획 신고가 수리된 자 ※ 자세한 지원대상 공고문 참조 ☞ 해외산림자원개발에 필요한 사업 자금 융자 지원 - 신규 대출규모 : 3,664백만원 ※ 자세한 지원내용 공고문 참조",https://www.bizinfo.go.kr/sii/siia/selectSIIA200Detail.do?pblancId=PBLN_000000000125237,https://www.bizinfo.go.kr/cmm/fms/getImageFile.do?atchFileId=FILE_000000000768244&fileSn=1,2026년 제2차 해외산림자원개발 융자(이차보전) 사업자 모집 공고.pdf,https://www.bizinfo.go.kr/cmm/fms/getImageFile.do?atchFileId=FILE_000000000768245&fileSn=1@https://www.bizinfo.go.kr/cmm/fms/getImageFile.do?atchFileId=FILE_000000000768245&fileSn=2,[본문] 2026년 제2차 해외산림자원개발 이차보전 사업 공고 알림.pdf@신청서식.zip,우편 또는 방문 접수 - 접수처 : (우편번호 07570) 서울특별시 강서구 공항대로 475 한국임업진흥원 산림산업지원본부 국제산림협력실,한국임업진흥원 산업지원본부 해외산림협력실 02-6393-2703 / (대출 및 담보관련 문의) 산림조합중앙회 상호금융여신부 02-3434-7236,,2026-08-07 14:18:44,"finance_all.json,finance_seoul.json",bizinfo
PBLN_000000000125336,2026년 3분기 국내 저온 저장시설 보관 지원업체 모집 공고,해양수산부,한국수산무역협회,경영,2026-08-10 ~ 2026-08-31,중소기업,전국_또는_지역미지정,,False,소기업,우리 수출 수산물의 해외시장 경쟁력 향상을 위해 2026년 국내 저온 저장시설 지원업체를 아래와 같이 모집하오니 관심 있는 업체의 많은 신청 바랍니다. ☞ 수산물 수출업체(중소ㆍ중견 기업) - 지원품목 : 냉장ㆍ냉동 수산물 및 수산가공식품 ☞ 저온 저장시설 보관비 최대 80% 지원(업체당 최대 20백만원) ※ 자세한 지원내용 공고문 참조,https://www.bizinfo.go.kr/sii/siia/selectSIIA200Detail.do?pblancId=PBLN_000000000125336,https://www.bizinfo.go.kr/cmm/fms/getImageFile.do?atchFileId=FILE_000000000768707&fileSn=1,붙임._2026년_국내_저온_저장시설_보관_지원업체_모집공고(3분기)_및_신청서+.pdf,https://www.bizinfo.go.kr/cmm/fms/getImageFile.do?atchFileId=FILE_000000000768708&fileSn=1,붙임._2026년_국내_저온_저장시설_보관_지원업체_모집공고(3분기)_및_신청서.hwp,온라인 접수 (온라인 사업 신청 통합시스템),"한국수산무역협회 수출지원부 02-6300-8704, 8706 / kfta@kfta.net",https://biz.k-seafoodtrade.kr/apply/export_view.php?biz_data=aWR4PTEwMDgyNiZiaXpfc3RhdHVzPSZzdGFydFBhZ2U9MCZsaXN0Tm89MTQmdGFibGU9Y3NfYml6JnNlYXJjaF9pdGVtX2Noaz0mc2VhcmNoX21lbV9pdGVtPSZzZWFyY2hfYml6X2l0ZW09JnNlYXJjaF9vcmRlcj0mc2VhcmNoX2RheT0mc2VhcmNoX2RheV9zdHI9JnBhcnRfaWR4PTMmcGc9||,2026-08-11 13:47:59,management_seoul.json,bizinfo
PBLN_000000000120355,2026년 3차 미래환경산업육성융자(오염방지시설자금) 지원사업 공고,기후에너지환경부,한국환경산업기술원,금융,2026-03-31 ~ 2026-10-30,중소기업,전국_또는_지역미지정,,False,"소기업,시설자금,융자","「2026년 제3차 미래환경산업육성융자 (오염방지시설자금) 지원사업」계획을 다음과 같이 공고하오니, 본 사업 참여를 희망하는 기업은 지원 분야별 접수 일정에 맞추어 신청하여 주시기 바랍니다. ☞ 중소ㆍ중견 기업, 비영리 법인 ※ 중소ㆍ중견기업이 입주한 산업단지를 관리하는 비영리법인(제5조제1항에 따른 녹색전환 분야에 한함) ☞ 미래환경산업육성융자 시설 관련 융자금 지원 - (융자금 사용기간) 융자 예비승인일 ~ 180일까지 ※ 단, 승인액 200억 원 이상, 시설 설치기간 1년 이상인 융자사업은 차년도 하반기 내로 부여받을 수 있음 - (대출금리) 기후부 분기별 고시금리(※2026년 1분기 현재 2.01%)",https://www.bizinfo.go.kr/sii/siia/selectSIIA200Detail.do?pblancId=PBLN_000000000120355,https://www.bizinfo.go.kr/cmm/fms/getImageFile.do?atchFileId=FILE_000000000749802&fileSn=1,[붙임_1-1]_2026년_제3차_미래환경산업육성융자_오염방지시설자금_접수_공고문.pdf,https://www.bizinfo.go.kr/cmm/fms/getImageFile.do?atchFileId=FILE_000000000749803&fileSn=1@https://www.bizinfo.go.kr/cmm/fms/getImageFile.do?atchFileId=FILE_000000000749803&fileSn=2,[붙임_1-2]_2026년도_미래환경산업융성융자_사업_안내서.pdf@[붙임_1-4]_서식_사전상담확인서_서약서_및_확약서.zip,온라인 접수(환경기술산업 원스톱 서비스) ※ 우편 접수(서면) 및 이메일 접수 불가,"한국환경산업기술원 기업육성실 (사업문의-오염방지시설자금) 032-540-2215 / (시스템문의-회원가입, 로그인 등) 02-2284-1486",https://ecosq.or.kr/websquare.do#w2xPath=/cm/main/index.xml,2026-04-03 13:22:57,"finance_all.json,finance_seoul.json",bizinfo
PBLN_000000000125326,2026년 3차 방산 중소기업 컨설팅 지원사업 지원대상기업 모집 공고,방위사업청,한국방위산업진흥회,경영,2026-08-11 ~ 2026-08-31,중소기업,전국_또는_지역미지정,,False,소기업,"「방위산업 진입을 위한 지원사업 공통운영규정」(방위사업청 훈령 제808호) 및「방산 중소기업 컨설팅 지원사업 세부운영규정」(국방기술진흥연구소 규정)에 따라,「’26-3차 방산 중소기업 컨설팅 지원사업」의 지원대상기업 모집 및 선정 계획을 다음과 같이 공고합니다. ☞ 방산 중소기업 또는 방산분야 진출을 희망하는 중소기업 중 기술력을 갖춘 중소기업 ☞ 전문가 컨설팅 비용의 75% 이내(기업당 1개 과제, 3천만 원 한도) 지원 - 지원분야 : 기업의 컨설팅 수요에 따라 맞춤식으로 지원(기술 분야, 경영 분야, 법률 분야, 행정 분야)",https://www.bizinfo.go.kr/sii/siia/selectSIIA200Detail.do?pblancId=PBLN_000000000125326,https://www.bizinfo.go.kr/cmm/fms/getImageFile.do?atchFileId=FILE_000000000768568&fileSn=1,붙임 1. 26-3차 방산 중소기업 컨설팅 지원사업 지원기업 모집 공고문.hwpx,https://www.bizinfo.go.kr/cmm/fms/getImageFile.do?atchFileId=FILE_000000000768569&fileSn=1@https://www.bizinfo.go.kr/cmm/fms/getImageFile.do?atchFileId=FILE_000000000768569&fileSn=2@https://www.bizinfo.go.kr/cmm/fms/getImageFile.do?atchFileId=FILE_000000000768569&fileSn=3@https://www.bizinfo.go.kr/cmm/fms/getImageFile.do?atchFileId=FILE_000000000768569&fileSn=4,붙임 2. 26-3차 필수 제출서류 (방산 중소기업 컨설팅 지원 사업).hwpx@붙임 3. 과제수행계획서 양식(컨설턴트용).hwpx@붙임 4. 컨설팅 수행시간 및 산출물 인정 기준 (참고자료).hwpx@20260811_26년3차_방산중소기업컨설팅지원사업_잡지광고_3차-2.pdf,이메일 접수 (consul@kdia.or.kr),"(신청 및 사업운영 관련 문의) 한국방위산업진흥회 방산지원팀 02-3270-6098, 6012, consul@kdia.or.kr / (지원사업 규정 관련 문의) 국방기술진흥연구소 방산성장지원팀 055-751-4863",,2026-08-11 13:18:43,management_seoul.json,bizinfo
PBLN_000000000123814,2026년 3차 온실가스 국제감축사업(투자지원사업) 모집 공고,기후에너지환경부,한국환경공단,경영,2026-07-01 ~ 2026-08-31,중소기업,전국_또는_지역미지정,,False,소기업,"온실가스 국제감축사업 발굴 및 추진 역량이 있는 기업 대상으로「2026년 온실가스 국제감축사업」다음과 같이 참여기업을 모집하오니 많은 참여 바랍니다. ☞ 국내기업 등(국가기관, 지방자치단체, 공공기관, 기업, 비영리법인, 그 밖의 법인, 국내기업 등이 지분을 보유하고 있는 자회사(외국법인), 대한민국 정부가 출자한 국제기구) ☞ 협력국 내 환경분야(기후변화 대응, 에너지전환, 재생에너지, 폐기물, 자원순환 등)를 포함하는 국제감축사업의 감축설비 투자지원 - 투자지원사업(온실가스 감축설비 설치를 위한 투자비용) 지원",https://www.bizinfo.go.kr/sii/siia/selectSIIA200Detail.do?pblancId=PBLN_000000000123814,https://www.bizinfo.go.kr/cmm/fms/getImageFile.do?atchFileId=FILE_000000000762361&fileSn=0,1. (공고문) 2026년 온실가스 국제감축사업_투자지원사업 3차.hwpx,https://www.bizinfo.go.kr/cmm/fms/getImageFile.do?atchFileId=FILE_000000000762362&fileSn=0@https://www.bizinfo.go.kr/cmm/fms/getImageFile.do?atchFileId=FILE_000000000762362&fileSn=1@https://www.bizinfo.go.kr/cmm/fms/getImageFile.do?atchFileId=FILE_000000000762362&fileSn=2@https://www.bizinfo.go.kr/cmm/fms/getImageFile.do?atchFileId=FILE_000000000762362&fileSn=3,2. (관리지침) 온실가스 국제감축사업 관리지침(2026.3.)_수정.hwpx@3. (투자지원) 온실가스 국제감축사업 신청서_수정.hwpx@4. (기타양식) 사업비 사용계획서 등.zip@5. (참고) 국제감축사업 참여자를 위한 파리협정 제6조 해설 및 사업 수행 가이드라인_기후에너지환경부.pdf,이메일 접수(ghg@keco.or.kr),"한국환경공단 글로벌협력처 국제환경협력사업부 ghg@keco.or.kr / 032-590-3157, 3179, 3178 ※ 문의ㆍ상담 등은 이메일을 통해 사전 문의 필수",,2026-07-01 13:10:50,management_seoul.json,bizinfo
PBLN_000000000124607,2026년 5차 국민체육진흥기금 스포츠산업 융자(튼튼론) 신청 공고,문화체육관광부,서울올림픽기념국민체육진흥공단,금융,2026-07-01 ~ 2026-09-01,중소기업,전국_또는_지역미지정,,False,"소기업,운전자금,융자","서울올림픽기념국민체육진흥공단에서는 우리나라 21세기 신성장 동력인 스포츠산업의 육성 및 발전을 위하여 2026년 민간스포츠기업 대상 융자사업(튼튼론)을 다음과 같이 시행합니다. ☞ 민간체육시설업체, 체육용구생산업체, 스포츠서비스업체 - 민간체육시설업체 :「체육시설의 설치ㆍ이용에 관한 법률」에서 정한 체육시설을 운영하고 있거나 설치하려는 자(단, 고가의 회원제 체육시설은 제외) - 체육용구생산업체 :「국민체육진흥법 시행령」 및 스포츠산업 특수분류표에서 정한 체육용구등 생산업체 - 스포츠서비스업체 : 스포츠산업 특수분류표에서 정한 스포츠서비스업체(단, 법정 사행산업인 베팅업 제외) ☞ 시설설치자금, 개ㆍ보수자금, 설비자금, 연구개발자금, 운전자금 등 최대 85억원 한도 지원 - 융자이율 : 공공자금관리기금 융자계정 변동금리 ('26년 3/4분기 3.80%, 분기별 변동금리) ※ 자세한 지원내용 공고문 참조",https://www.bizinfo.go.kr/sii/siia/selectSIIA200Detail.do?pblancId=PBLN_000000000124607,https://www.bizinfo.go.kr/cmm/fms/getImageFile.do?atchFileId=FILE_000000000765543&fileSn=1,★2026년+스포츠산업+융자+지원사업+공고문_.pdf,https://www.bizinfo.go.kr/cmm/fms/getImageFile.do?atchFileId=FILE_000000000765544&fileSn=1@https://www.bizinfo.go.kr/cmm/fms/getImageFile.do?atchFileId=FILE_000000000765544&fileSn=2,(공통양식1)_모음.zip@★2026년+스포츠산업+융자+지원사업+세부안내.pdf,온라인 접수 (국민체육진흥공단),"튼튼론 상담센터 1566-4573, tuntun@kspo.or.kr, 카카오톡 ‘튼튼론’채널",https://spobiz.kspo.or.kr/front/sportsHistory/sportsBissMng/sportsBissNoticeDetail.do?suppBusiInfoSeq=1676,2026-07-22 14:04:10,"finance_all.json,finance_seoul.json",bizinfo
PBLN_000000000124832,2026년 5차 재취업지원서비스 기업컨설팅 지원 사업장 모집 변경 공고,고용노동부,노사발전재단,경영,2026-07-27 ~ 2026-08-31,중소기업,전국_또는_지역미지정,,False,소기업,"노사발전재단은 기업 내 안정적인 재취업지원서비스 제도 안착을 위해「2026년 재취업지원서비스 기업컨설팅」지원사업장 모집에 관한 사항을 다음과 같이 공고합니다. ☞ 재취업지원서비스 의무대상기업 및 제도 도입ㆍ개선 희망 기업 ※ 자세한 지원대상 공고문 참조 ☞ 컨설팅수행기관을 통해 사업장의 재취업지원서비스 제도 도입 및 설계, 운영 방식 및 성과관리체계 등 관련 컨설팅 지원 - 기초ㆍ전문 컨설팅 지원 ※ 자세한 지원내용 공고문 참조",https://www.bizinfo.go.kr/sii/siia/selectSIIA200Detail.do?pblancId=PBLN_000000000124832,https://www.bizinfo.go.kr/cmm/fms/getImageFile.do?atchFileId=FILE_000000000766489&fileSn=2,1. 재취업지원서비스 기업컨설팅 지원 5차 모집공고(변경).hwp,https://www.bizinfo.go.kr/cmm/fms/getImageFile.do?atchFileId=FILE_000000000766490&fileSn=3@https://www.bizinfo.go.kr/cmm/fms/getImageFile.do?atchFileId=FILE_000000000766490&fileSn=4,2. 재취업지원서비스 원하청 중소산단 공동컨설팅 신청서(양식).hwp@3. 재취업지원서비스 기업컨설팅 신청 매뉴얼(사업장).pdf,"온라인 접수 및 이메일 접수(※단일, 공동 신청방법 상이) ① 단일기업 온라인 접수 - 온라인 : 노사발전재단 ② 원ㆍ하청 등 관계사 공동 및 중소 산단 기업 공동 신청 이메일 접수 - 이메일 : newstart@nosa.or.kr ※ 자세한 신청방법 공고문 참조","노사발전재단 전직지원팀 02-6021-1135, 1157",https://www.nosa.or.kr/portal/,2026-07-28 14:58:56,management_seoul.json,bizinfo
PBLN_000000000125914,2026년 6차 예술산업보증 9월 공고,문화체육관광부,예술경영지원센터,금융,2026-09-01 ~ 2026-09-10,중소기업,전국_또는_지역미지정,,False,"보증,소기업","문화체육관광부, (재)예술경영지원센터, 기술보증기금은 예술기업 대상으로 보증지원을 추진하여 예술산업의 지속가능한 성장 및 미래 경쟁력을 제고하고자 을 진행합니다. 관심 있는 예술기업의 많은 참여 바랍니다. ☞ 예술산업분야 예술기업 및 예술 프로젝트 - 분야 : 공연예술, 시각예술, 문학, 그 외 예술 일반 등 ☞ 예술기업 보증, 예술 프로젝트 보증(기업당 최대 통합 한도는 10억 원 이내) 지원 ※ 자세한 지원내용 공고문 참조",https://www.bizinfo.go.kr/sii/siia/selectSIIA200Detail.do?pblancId=PBLN_000000000125914,https://www.bizinfo.go.kr/cmm/fms/getImageFile.do?atchFileId=FILE_000000000771089&fileSn=1,[공모] 2026 예술산업보증 공모요강월.pdf,https://www.bizinfo.go.kr/cmm/fms/getImageFile.do?atchFileId=FILE_000000000771090&fileSn=1@https://www.bizinfo.go.kr/cmm/fms/getImageFile.do?atchFileId=FILE_000000000771090&fileSn=2@https://www.bizinfo.go.kr/cmm/fms/getImageFile.do?atchFileId=FILE_000000000771090&fileSn=3@https://www.bizinfo.go.kr/cmm/fms/getImageFile.do?atchFileId=FILE_000000000771090&fileSn=4,붙임 1. 신청서 및 기술사업계획서예술기업 보증월.hwp@붙임 2. 신청서 및 기술사업계획서예술프로젝트 보증월.hwp@붙임 3. 자주 묻는 질문(FAQ)보증월.pdf@붙임 4. NCAS 사업신청 방법보증월.pdf,온라인 접수 (국가문화예술지원시스템),"(신청 문의) 예술경영지원센터 예술경제본부 금융지원팀 02-708-2267, 2268 / artsfinance@gokams.or.kr (NCAS사용 문의) NCAS고객만족센터 1577-8751 (보증 문의) 기술보증기금 문화콘텐츠금융센터 (서울) 02-3297-8500 및 센터별 문의처 공고문 7p 참조",https://www.ncas.or.kr/,2026-08-28 13:02:00,"finance_all.json,finance_seoul.json",bizinfo
PBLN_000000000123338,2026년 IP투자연계 지식재산평가 지원사업 공고,지식재산처,한국발명진흥회,경영,상시 접수,중소기업,전국_또는_지역미지정,,False,소기업,"우수 지식재산(IP)을 보유한 중소ㆍ초기 중견기업에 대한 투자심의 시, 투자기관이 공인된 평가기관의 지식재산 평가 보고서를 활용할 수 있도록 평가비용을 지원하는「2026년 IP투자연계 지식재산 평가 지원사업」을 다음과 같이 공고합니다. ☞ 신청일 현재 공개된 출원 또는 등록된 특허권, 등록된 상표권을 보유하고 투자를 유치함에 있어 - 중소기업기본법 제2조에 따른 중소기업 - 중견기업 성장촉진 및 경쟁력 강화에 관한 특별법 제2조에 따른 중견기업으로서 중소기업기본법 제2조제3항에서 정한 기간이 종료된 연도의 다음 연도부터 3년 이내의 기업(단, 직전연도 매출액이 3,000억원 이상인 기업 제외) - 신청일 현재 공개된 출원 또는 등록된 특허권, 등록된 상표권을 보유한 중소ㆍ초기 중견기업을 대상으로 투자를 검토하는 투자기관 ☞ 지식재산처ㆍ한국발명진흥회는 발명진흥법 제28조에 따라 지정된 발명 등의 평가기관이「투자용 IP가치평가 실무가이드」를 준수하여 수행하는 지식재산가치평가에 소요되는 평가비용을 지원",https://www.bizinfo.go.kr/sii/siia/selectSIIA200Detail.do?pblancId=PBLN_000000000123338,https://www.bizinfo.go.kr/cmm/fms/getImageFile.do?atchFileId=FILE_000000000760512&fileSn=0,2026년_IP투자연계_지식재산평가_지원사업_재공고.pdf,https://www.bizinfo.go.kr/cmm/fms/getImageFile.do?atchFileId=FILE_000000000760513&fileSn=0,2026년 IP투자연계 지식재산평가 지원사업.pdf,온라인 접수(IP금융관리시스템),"(사업관리) 한국발명진흥회 지식재산평가지원실 02-3459-2942, 2923 및 IP투자용 지식재산 평가기관 문의처 공고문 참조",https://www.iphub.or.kr/ipfis/login/,2026-06-18 11:26:40,management_seoul.json,bizinfo
PBLN_000000000121664,2026년 IP투자연계 지식재산평가 지원사업 공고,지식재산처,한국발명진흥회,경영,예산 소진시까지,중소기업,전국_또는_지역미지정,,False,소기업,"우수 지식재산(IP)을 보유한 중소ㆍ초기 중견기업에 대한 투자심의 시, 투자기관이 공인된 평가기관의 지식재산 평가 보고서를 활용할 수 있도록 평가비용을 지원하는 「2026년 IP투자연계 지식재산 평가 지원사업」을 다음과 같이 공고합니다. ☞ 신청일 현재 공개된 출원 또는 등록된 특허권, 등록된 상표권을 보유하고 투자를 유치하려는 중소ㆍ중견기업 - 출원 또는 등록된 특허권, 등록된 상표권을 보유한 중소ㆍ초기 중견기업을 대상으로 투자를 검토하는 투자기관 ☞ 발명진흥법 제28조에 따라 지정된 발명 등의 평가기관이 「투자용 IP가치평가 실무가이드」를 준수하여 수행하는 지식재산가치평가에 소요되는 평가비용을 지원 - 지식재산가치평가 1건당 평가비용 이내에서 80% 지원",https://www.bizinfo.go.kr/sii/siia/selectSIIA200Detail.do?pblancId=PBLN_000000000121664,https://www.bizinfo.go.kr/cmm/fms/getImageFile.do?atchFileId=FILE_000000000754224&fileSn=0,2026년_IP투자연계_지식재산평가_지원사업_재공고_최종_hwp.pdf,https://www.bizinfo.go.kr/cmm/fms/getImageFile.do?atchFileId=FILE_000000000754225&fileSn=0,2026년_IP투자연계_지식재산평가_지원사업_재공고_최종_hwp.hwp,온라인 접수 (지식재산 평가정보체계),"한국발명진흥회 지식재산평가지원실 02-3459-2942, 2923 및 발명 등의 평가기관별 연락처 공고문 5, 6p 참조",https://www.iphub.or.kr/,2026-05-06 15:22:52,management_seoul.json,bizinfo
PBLN_000000000119515,2026년 M&A 활성화 지원사업 공고,중소벤처기업부,한국벤처캐피탈협회,경영,상시 접수,중소기업,전국_또는_지역미지정,,False,소기업,"중소ㆍ벤처기업의 M&A 지원을 위한 2026년도 중소ㆍ벤처기업 ‘M&A 활성화 지원사업’을 다음과 같이 공고하오니, 동 사업에 참여하고자 하는 기업과 M&A 정보망 등록 M&A 자문기관은 아래 내용을 참고하시기 바랍니다. ☞ M&A 희망 중소ㆍ벤처기업 및 M&A 활성화 지원사업 등록 자문기관 등 ☞ M&A 비용지원, M&A 인식개선 사업 운영, 자문기관 등록ㆍ관리 및 M&A 정보망 운영 등 지원",https://www.bizinfo.go.kr/sii/siia/selectSIIA200Detail.do?pblancId=PBLN_000000000119515,https://www.bizinfo.go.kr/cmm/fms/getImageFile.do?atchFileId=FILE_000000000746877&fileSn=0,★2026년도_M&A_활성화_지원사업_공고.hwpx,https://www.bizinfo.go.kr/cmm/fms/getImageFile.do?atchFileId=FILE_000000000746878&fileSn=0,★2026년도_M&A_활성화_지원사업_공고.pdf,이메일 접수(mna@kvca.or.kr),"(M&A 비용지원, 자문기관 등록, M&A 정보망 운영 및 인식개선 사업 문의) 한국벤처캐피탈협회 M&A 지원센터 02-3017-7046, mna@kvca.or.kr / (M&A 중개(M&A 파트너스), M&A 자금지원(보증)문의) 기술보증기금 M&A 지원센터 02-3215-5999, 5997 / mna@kibo.or.kr",,2026-03-16 10:49:32,management_seoul.json,bizinfo
PBLN_000000000123544,2026년 가족친화인증기업 대상 직장문화개선 컨설팅 참여기업 모집 공고,성평등가족부,한국건강가정진흥원,경영,예산 소진시까지,중소기업,전국_또는_지역미지정,,False,소기업,"가족친화인증을 획득한 기업 및 기관이 인증 후에도 조직에 맞는 새로운 제도와 프로그램을 계속적으로 발굴ㆍ운영하도록 하여 가족친화문화정착을 지원하는 컨설팅입니다. 많은 관심과 신청 바랍니다. ☞ 가족친화인증을 획득한 기업(관) 중 가족친화제도 검토 및 가족친화문화 형성에 대한 개선을 희망하는 기업(관) ※ 선정기준 : 가족친화인증기업(관) 중 비수도권 소재 중소기업 우선 선정 ※ 중소기업의 경우 가족친화인증 재인증 심사시 가점 인정 ☞ 컨설팅(기초, 심화) 지원 ※ 컨설팅비용 : 전액 무료 - A : 기업에 맞는 제도도입 및 정착 지원 - B : 제도이용 및 가족친화적 조직문화 활성화 지원 - 돌봄친화 : 육아친화적 조직문화 조성 지원 - 성평등친화 : 다양성과 포용 등 성평등한 조직문화 조성 지원 - 가족친화형ESG : ESG(‘S’)지표를 연계한 가족친화인증기업 강점 강화",https://www.bizinfo.go.kr/sii/siia/selectSIIA200Detail.do?pblancId=PBLN_000000000123544,https://www.bizinfo.go.kr/cmm/fms/getImageFile.do?atchFileId=FILE_000000000761312&fileSn=1,2026년 가족친화인증기업 대상 직장문화개선 컨설팅 참여기업 모집공고.pdf,,,온라인 접수 (가족친화지원사업),"한국건강가정진흥원 가족친화지원센터 02-3479-7673, 7676",https://www.ffsb.kr/consulting/consultingAfterGuide.do?menuSeq=4177,2026-06-24 11:20:37,management_seoul.json,bizinfo
PBLN_000000000125570,2026년 공개SW 및 SW안전 유공자 표창 계획 공고,과학기술정보통신부,정보통신산업진흥원,경영,2026-08-18 ~ 2026-09-14,중소기업,전국_또는_지역미지정,,False,소기업,"과학기술정보통신부는 공개SW 및 SW 안전 분야 산업발전에 기여한 유공자를 표창하고자 다음과 같이 「2026년도 공개SW 및 SW안전 유공자 표창 계획」을 공고하오니 많은 참여와 추천 바랍니다. ☞ 공개SW 및 SW안전 분야 산업발전에 기여한 단체 등 추천 ※ 상세 자격요건은 공고문 참조 ☞ 분야별(공개SW, SW안전) 총 8점 표창 지원",https://www.bizinfo.go.kr/sii/siia/selectSIIA200Detail.do?pblancId=PBLN_000000000125570,https://www.bizinfo.go.kr/cmm/fms/getImageFile.do?atchFileId=FILE_000000000769689&fileSn=1,붙임1. (공고문) 2026년도 공개SW 및 SW안전 유공자 표창 공고문.hwp,https://www.bizinfo.go.kr/cmm/fms/getImageFile.do?atchFileId=FILE_000000000769690&fileSn=1@https://www.bizinfo.go.kr/cmm/fms/getImageFile.do?atchFileId=FILE_000000000769690&fileSn=2@https://www.bizinfo.go.kr/cmm/fms/getImageFile.do?atchFileId=FILE_000000000769690&fileSn=3,붙임2. (계획안) 2026년도 공개SW 및 SW안전 유공자 표창 계획.hwp@붙임1. (공고문) 2026년도 공개SW 및 SW안전 유공자 표창 공고문.hwpx@붙임2. (계획안) 2026년도 공개SW 및 SW안전 유공자 표창 계획.hwpx,이메일 접수 (cgy@nipa.kr) ※ 원본 한글파일(HWP)과 서명 스캔본(PDF) 모두 제출 ※ 파일명은 양식별로 ‘서식번호. 제출서류명_소속_성명’으로 작성하여 제출,정보통신산업진흥원 043-931-5379,,2026-08-19 11:23:19,management_seoul.json,bizinfo
PBLN_000000000117127,2026년 관광진흥개발기금 신용보증부 운영자금 특별융자 지원 지침 공고,문화체육관광부,신용보증재단중앙회,금융,2026-01-02 ~ 2026-11-13,중소기업,전국_또는_지역미지정,,False,"보증,소기업,융자",관광진흥개발기금법 제5조 및 관광진흥개발기금 관리 및 운용요령 제2조의 규정에 따라 담보력이 취약한 중소관광업체를 지원하고자 2026년 관광진흥개발기금 신용보증부 운영자금 특별융자 지원 지침을 공고합니다. ☞ 아래에 해당하는 중소기업 - (일반지원) 「관광진흥법」 상 관광사업 등을 운영중인 「중소기업기본법」상 중소기업 - (소액지원) 일반지원 대상기업 중 신청금액 2천만원 이하인 중소기업 ☞ 최대 2억원 특별융자 지원 - 대출기간 : 3년 거치 3년 분할상환 ※ 자세한 지원내용 공고문 참조,https://www.bizinfo.go.kr/sii/siia/selectSIIA200Detail.do?pblancId=PBLN_000000000117127,https://www.bizinfo.go.kr/cmm/fms/getImageFile.do?atchFileId=FILE_000000000739830&fileSn=0,26년 관광기금 신용보증부 운영자금 특별융자 지원 지침.hwp,https://www.bizinfo.go.kr/cmm/fms/getImageFile.do?atchFileId=FILE_000000000739841&fileSn=0,(양식) 관광기금 신용보증부 운영자금 특별융자 신청서.hwp,방문 접수 - 접수처 : 지역신용보증재단 영업점 ※ 지역신용보증재단 본점 또는 콜센터(1588-7365)를 통해 관할 영업점을 확인하고 예약 후 방문 바람,문화체육관광부 관광정책과 044-203-2826 / 지역신용보증재단 본점 연락처 공고문 참조,,2026-01-06 09:45:12,"finance_all.json,finance_seoul.json",bizinfo
PBLN_000000000117131,2026년 구조혁신지원사업 참여기업 모집 공고,중소벤처기업부,중소벤처기업진흥공단,경영,예산 소진시까지,중소기업,전국_또는_지역미지정,,False,소기업,"산업 구조전환 과정에서 발생하는 중소벤처기업의 구조적 애로를 통합 지원하기 위하여, 2026년도「구조혁신지원사업」지원계획을 다음과 같이 공고하오니 사업 참여를 희망하는 기업은 신청하여 주시기 바랍니다. ​☞ 「중소기업기본법」 제2조 및 시행령 제3조에 따른 중소기업 - 신청일 현재 상시근로자수 5인 이상이며 사업ㆍ디지털ㆍ일자리전환을 추진하고자 하는 기업 ☞ 구조혁신 유형별 전문가를 활용하여 기업 상황을 진단 하고, 이를 바탕으로 맞춤형 컨설팅 제공 및 연계 지원 - (진단)빅데이터 기반 기업의 현 수준 진단, 컨설팅 방향 제시 - (컨설팅)사업ㆍ디지털ㆍ일자리 전환 유형별 전문가를 통해 구조혁신 이행계획(로드맵)수립 등을 지원 - (연계지원)중기부,고용부 등 부처별 연계지원 사업을 탐색ㆍ추천",https://www.bizinfo.go.kr/sii/siia/selectSIIA200Detail.do?pblancId=PBLN_000000000117131,https://www.bizinfo.go.kr/cmm/fms/getImageFile.do?atchFileId=FILE_000000000739846&fileSn=0,2026년도 구조혁신지원사업 참여기업 모집공고.pdf,,,온라인 접수 (중소벤처기업진흥공단 구조혁신지원사업 홈페이지),중소기업 통합콜센터 국번없이 1357 및 공고문 5~6p 참조,https://www.kosmes.or.kr/3t/portal/Main,2026-01-06 10:10:33,management_seoul.json,bizinfo
PBLN_000000000125842,2026년 권역별 선도서점 육성 사업 컨설팅(경영ㆍ마케팅ㆍ디지털) 참여서점 모집 공고,문화체육관광부,한국출판문화산업진흥원,경영,지원분야별 상이,중소기업,전국_또는_지역미지정,,False,소기업,"지역서점의 경쟁력을 강화하여 서점이 지역사회와 긴밀하게 연결된 독서 문화 공간으로 자리 잡을 수 있도록「2026년 권역별 선도서점 육성 사업 컨설팅 참여서점 모집」을 다음과 같이 공고합니다. 지역서점 관계자 여러분의 많은 관심과 참여를 부탁드립니다. ☞ 아래 2가지 조건 모두 충족 ① 「출판문화산업 진흥법」제7조의2에 따른 지역서점의 요건을 갖추고, 정상적으로 영업 중인 오프라인 매장 서점 ② e나라도움 사용가능 서점 ☞ 선도서점 아카데미(공통 교육과정, Track1)와 심화 컨설팅(Track2) 지원 ※ 자세한 지원내용 공고문 참조",https://www.bizinfo.go.kr/sii/siia/selectSIIA200Detail.do?pblancId=PBLN_000000000125842,https://www.bizinfo.go.kr/cmm/fms/getImageFile.do?atchFileId=FILE_000000000770784&fileSn=0,붙임1. 2026년 권역별 선도서점 육성 사업 컨설팅 참여서점 모집 공고문.pdf,https://www.bizinfo.go.kr/cmm/fms/getImageFile.do?atchFileId=FILE_000000000770785&fileSn=0@https://www.bizinfo.go.kr/cmm/fms/getImageFile.do?atchFileId=FILE_000000000770785&fileSn=1@https://www.bizinfo.go.kr/cmm/fms/getImageFile.do?atchFileId=FILE_000000000770785&fileSn=2@https://www.bizinfo.go.kr/cmm/fms/getImageFile.do?atchFileId=FILE_000000000770785&fileSn=3,붙임2. 사업 수행 계획서.hwp@붙임3. 선도서점 아카데미공통 교육과정 운영 계획.pdf@붙임4. 심화 컨설팅 운영 계획.pdf@붙임5. 정산 안내문.pdf,"온라인 접수 - 선도서점 아카데미(공통 교육과정, Track1) : 구글폼 - 심화 컨설팅(Track2) : 서점 ON(https://bookshop.or.kr/home/bbs/20017/boardView.do?idx=3229)","(한국능률협회컨설팅) 권역별 선도서점 컨설팅 운영사무국 02-3786-0394, bookstore@kmac.co.kr, 카카오톡 채널. 권역별선도서점26 (@bookstore26) (한국출판문화산업진흥원) 서점책방상생팀 063-219-2788, 2805 / young77@kpipa.or.kr, ji-07@kpipa.or.kr",https://docs.google.com/forms/d/e/1FAIpQLScG8WybJlZgH4Zm9gox-QtUTkaMzts9MtiL0UuPpuNVdqub9w/viewform,2026-08-26 14:33:13,management_seoul.json,bizinfo
PBLN_000000000124966,2026년 기업승계 M&A 활성화를 위한 컨설팅 지원사업 시행계획 (변경 공고),중소벤처기업부,기술보증기금,경영,예산 소진시까지,중소기업,전국_또는_지역미지정,,False,"소기업,보증","2026년도 기업승계 M&A 활성화를 위한 컨설팅 지원사업 시행계획을 다음과 같이 변경공고하오니, 동 사업에 참여를 희망하는 기업은 공고 내용에 따라 신청하여 주시기 바랍니다. ☞ M&A를 통한 기업승계를 희망하는 중소기업(매도희망기업) 또는 기업승계를 희망하는 기업을 인수할 의향이 있는 중소기업(매수희망기업) - 매도희망기업: 대표자 연령이 만 55세 이상 및 업력 만 5년 이상일 것 - 매수희망기업: 기업승계 희망기업 인수를 검토 중일 것 ※ 자세한 지원대상 공고문 참조 ☞ 기초컨설팅 : (매도희망기업) M&A 추진을 위한 기초자료 작성 등에 대한 컨설팅, (매수희망기업) 인수대상 탐색, 자금조달방안 등에 대한 컨설팅 - 종합컨설팅 : (매도희망기업) 기업실사, 기업가치평가 등에 대한 컨설팅, (매수희망기업) 인수가격협상, 기업실사 등에 대한 컨설팅",https://www.bizinfo.go.kr/sii/siia/selectSIIA200Detail.do?pblancId=PBLN_000000000124966,https://www.bizinfo.go.kr/cmm/fms/getImageFile.do?atchFileId=FILE_000000000767109&fileSn=1,(붙임1) 2026년도 컨설팅 지원사업 시행계획 변경공고+.pdf,https://www.bizinfo.go.kr/cmm/fms/getImageFile.do?atchFileId=FILE_000000000767110&fileSn=1,(붙임2) 2026년도 컨설팅 지원사업 시행계획 공고 첨부서식.hwp,온라인 접수 (스마트 테크브릿지),"(사업 문의) 기술보증기금 M&A지원센터 02-3215-5917, 5999, 5995, mna@kibo.or.kr / (온라인 신청 문의) 기술보증기금 기술거래보호부 플랫폼팀 051-606-7429, 7431, 7699",https://tb.kibo.or.kr/ktbs/index.do,2026-07-31 13:39:54,management_seoul.json,bizinfo
PBLN_000000000120342,2026년 기업승계 M&A 활성화를 위한 컨설팅 지원사업 시행계획 공고,중소벤처기업부,기술보증기금,경영,예산 소진시까지,중소기업,전국_또는_지역미지정,,False,"소기업,보증","2026년도 기업승계 M&A 활성화를 위한 컨설팅 지원사업 시행계획을 다음과 같이 공고하오니, 동 사업에 참여를 희망하는 기업은 공고 내용에 따라 신청하여 주시기 바랍니다. ☞ 기초컨설팅(M&A 교섭 대상이 없는 기업), 종합컨설팅(M&A 교섭 대상이 있는 기업) - 매도희망기업: 대표자 연령이 만 55세 이상 및 업력 만 5년 이상인 중소기업 - 매수희망기업: 중소기업 인수를 희망하는 중소기업 또는 개인 ※ 자세한 지원대상 공고문 참조 ☞ 기초컨설팅 : (매도희망기업) M&A 추진을 위한 기초자료 작성 등에 대한 컨설팅, (매수희망기업) 인수대상 탐색, 자금조달방안 등에 대한 컨설팅 - 종합컨설팅 : (매도희망기업) 기업실사, 기업가치평가 등에 대한 컨설팅, (매수희망기업) 인수가격협상, 기업실사 등에 대한 컨설팅",https://www.bizinfo.go.kr/sii/siia/selectSIIA200Detail.do?pblancId=PBLN_000000000120342,https://www.bizinfo.go.kr/cmm/fms/getImageFile.do?atchFileId=FILE_000000000749749&fileSn=0,(붙임1) 2026년도 컨설팅 지원사업 시행계획 공고.hwp,https://www.bizinfo.go.kr/cmm/fms/getImageFile.do?atchFileId=FILE_000000000749750&fileSn=0,(붙임2) 2026년도 컨설팅 지원사업 시행계획 공고 첨부서식.hwp,온라인 접수 (스마트 테크브릿지),"(사업 문의) 기술보증기금 M&A지원센터 02-3215-5917, 5999, 5995, mna@kibo.or.kr / (온라인 신청 문의) 기술보증기금 기술거래보호부 플랫폼팀 051-606-7429, 7431, 7699",https://tb.kibo.or.kr/ktbs/index.do,2026-04-03 11:09:01,management_seoul.json,bizinfo
PBLN_000000000125719,2026년 납품대금 연동 우수기업 포상 공고,중소벤처기업부,대중소기업농어업협력재단,경영,2026-08-24 ~ 2026-10-08,중소기업,전국_또는_지역미지정,,False,소기업,납품대금 연동제를 모범적으로 실천하여 대ㆍ중소기업 간 공정한 거래 문화 정착에 기여한 기업의 사기를 진작하고자 「2026년 납품대금 연동 우수기업 포상」 포상 계획을 아래와 같이 공고하오니 많은 참여 바랍니다. ☞ 위탁기업(원사업자) 또는 수탁기업(수급사업자) ① 포상 공고 마감일 기준 수탁기업(수급사업자)과 납품대금 연동 약정을 체결한 기업 ② 연동계약에 따른 대금조정 실적이 우수한 기업 ③ 연동 확산 홍보 등 연동제 현장 안착을 위한 실적이 우수한 기업 ☞ 중소벤처기업부 장관 표창 10점 및 포상 우대혜택 지원 ※ 자세한 지원내용 공고문 참조,https://www.bizinfo.go.kr/sii/siia/selectSIIA200Detail.do?pblancId=PBLN_000000000125719,https://www.bizinfo.go.kr/cmm/fms/getImageFile.do?atchFileId=FILE_000000000770327&fileSn=1,★26년_납품대금_연동_우수기업_포상_모집_공고.pdf,https://www.bizinfo.go.kr/cmm/fms/getImageFile.do?atchFileId=FILE_000000000770328&fileSn=1,★26년_납품대금_연동_우수기업_포상_모집_공고.hwpx,이메일 접수 (pis@win-win.or.kr),"대ㆍ중소기업ㆍ농어업협력재단 02-368-8929, 8920",,2026-08-24 13:21:30,management_seoul.json,bizinfo
PBLN_000000000125793,2026년 녹색금융 우수기업 시상 공모,기후에너지환경부,한국환경산업기술원,경영,2026-08-24 ~ 2026-09-11,중소기업,전국_또는_지역미지정,,False,소기업,"기후에너지환경부와 한국환경산업기술원은 녹색금융 활성화에 현저히 공헌한 기업ㆍ개인을 대상으로 다음과 같이 「2026년 녹색금융 우수기업 시상」 을 공모하오니 많은 참여 부탁드립니다. ☞ ’25.8.30.부터 공고 마감일까지 한국형 녹색채권 발행한 기업, 녹색자산유동화증권에 편입된 기업 및 녹색금융 활성화에 기여한 개인 ☞ 시상 및 포상 지원",https://www.bizinfo.go.kr/sii/siia/selectSIIA200Detail.do?pblancId=PBLN_000000000125793,https://www.bizinfo.go.kr/cmm/fms/getImageFile.do?atchFileId=FILE_000000000770586&fileSn=1,2026년_녹색금융_우수기업_시상식_공모_안내서(배포용).pdf,https://www.bizinfo.go.kr/cmm/fms/getImageFile.do?atchFileId=FILE_000000000770587&fileSn=1,2026년_녹색금융_우수기업_시상식_공모_안내서(배포용).hwp,온라인 접수 (환경책임투자 종합플랫폼),"녹색투자지원실 한국환경산업기술원 02-2284-1981, hjkim1021@keiti.re.kr",https://www.gmi.go.kr/mainPage.do,2026-08-25 13:48:46,management_seoul.json,bizinfo
PBLN_000000000125086,2026년 녹색자산유동화증권 이차보전 지원사업(기보2차) 공고,기후에너지환경부,한국환경산업기술원,금융,2026-08-03 ~ 2026-09-09,중소기업,전국_또는_지역미지정,,False,"소기업,이차보전","「2026년 녹색자산유동화증권 이차보전 지원사업」시행계획을 다음과 같이 공고하오니, 본 지원사업 참여를 희망하는 중소ㆍ중견기업은 아래 내용을 참고하여 신청하여 주시기 바랍니다. ☞ 한국형 녹색분류체계에 부합하는 자산(회사채)을 기초로 한 유동화증권 발행에 편입된 중소ㆍ중견기업 ☞ 녹색자산유동화증권 발행 시 발생하는 이자비용 일부 지원 ※ 자세한 지원내용 공고문 참조",https://www.bizinfo.go.kr/sii/siia/selectSIIA200Detail.do?pblancId=PBLN_000000000125086,https://www.bizinfo.go.kr/cmm/fms/getImageFile.do?atchFileId=FILE_000000000767588&fileSn=1,녹색자산유동화증권_발행_지원사업(가보2차)_공고문.hwp,https://www.bizinfo.go.kr/cmm/fms/getImageFile.do?atchFileId=FILE_000000000767589&fileSn=1@https://www.bizinfo.go.kr/cmm/fms/getImageFile.do?atchFileId=FILE_000000000767589&fileSn=2@https://www.bizinfo.go.kr/cmm/fms/getImageFile.do?atchFileId=FILE_000000000767589&fileSn=3,녹색자산유동화증권_발행_지원사업(가보2차)_사업안내서.hwp@녹색자산유동화증권__발행_지원사업_운영규정_전문.pdf@한국형_녹색분류체계_가이드라인_2026.pdf,온라인 접수 - 온라인 : 환경책임투자 종합플랫폼 ※ 필요 시 전자우편(gabs@keiti.re.kr)으로 신청서류 제출 가능 ※ 자세한 신청방법 공고문 참조,"한국환경산업기술원 녹색투자지원실 02-2284-1989, 1974",https://www.gmi.go.kr/gb/newGreenAssetBackedSecurities.do,2026-08-04 13:54:36,"finance_all.json,finance_seoul.json",bizinfo
PBLN_000000000125291,2026년 녹색자산유동화증권 이차보전 지원사업(신보5차) 공고,기후에너지환경부,한국환경산업기술원,금융,2026-08-10 ~ 2026-09-01,중소기업,전국_또는_지역미지정,,False,"소기업,이차보전","「2026년 녹색자산유동화증권 이차보전 지원사업」시행계획을 다음과 같이 공고하오니, 본 지원사업 참여를 희망하는 중소ㆍ중견기업은 아래 내용을 참고하여 신청하여 주시기 바랍니다. ☞ 한국형 녹색분류체계에 부합하는 자산(회사채)을 기초로 한 유동화증권 발행에 편입된 중소ㆍ중견기업 ☞ 녹색자산유동화증권 발행 시 발생하는 이자비용 일부 지원 ※ 자세한 지원내용 공고문 참조",https://www.bizinfo.go.kr/sii/siia/selectSIIA200Detail.do?pblancId=PBLN_000000000125291,https://www.bizinfo.go.kr/cmm/fms/getImageFile.do?atchFileId=FILE_000000000768472&fileSn=1,「2026년 녹색자산유동화증권 이차보전 지원사업」(신보5차) 공고.pdf,https://www.bizinfo.go.kr/cmm/fms/getImageFile.do?atchFileId=FILE_000000000768473&fileSn=1@https://www.bizinfo.go.kr/cmm/fms/getImageFile.do?atchFileId=FILE_000000000768473&fileSn=2@https://www.bizinfo.go.kr/cmm/fms/getImageFile.do?atchFileId=FILE_000000000768473&fileSn=3,붙임1._사업안내서.hwp@붙임2._녹색자산유동화증권__발행_지원사업_운영규정.pdf@붙임3._한국형_녹색분류체계_가이드라인.pdf,온라인 접수 (환경책임투자종합플랫폼 사이트) ※ 필요시 전자우편(gabs@keiti.re.kr)으로 신청서류 제출 가능,"한국환경산업기술원 녹색투자지원실 02-2284-1989, 1974",https://gmi.go.kr/mainPage.do,2026-08-10 14:37:48,"finance_all.json,finance_seoul.json",bizinfo
PBLN_000000000119324,2026년 농산업 수출활성화사업 맞춤형 컨설팅 참가기업 모집 공고,농림축산식품부,한국농어촌공사,경영,2026-03-03 ~ 2026-12-31,중소기업,전국_또는_지역미지정,,False,소기업,"농기자재 관련 기업을 대상으로 기업별 수출 역량진단을 통해 수출에 필요한 맞춤형 컨설팅 지원해드리는 사업입니다. ☞ (개별)농기자재 8개 품목 수출(예정)업체 / (단체)농기자재 8개 품목 관련 운영기관 - 농기자재 8개 품목 : 농기계, 비료, 농약, 종자, 시설자재, 친환경농자재, 사료, 동물용의약품 ☞ 맞춤형 컨설팅(시장수요 분석, 경쟁력 진단, 진입장벽 대응, 잠재고객 조사) 지원 - 컨설팅 전문업체의 기업별 전담 컨설턴트를 통해 진행",https://www.bizinfo.go.kr/sii/siia/selectSIIA200Detail.do?pblancId=PBLN_000000000119324,https://www.bizinfo.go.kr/cmm/fms/getImageFile.do?atchFileId=FILE_000000000746187&fileSn=0,2026년 맞춤형 컨설팅 참가기업 모집공고.pdf,https://www.bizinfo.go.kr/cmm/fms/getImageFile.do?atchFileId=FILE_000000000746188&fileSn=0@https://www.bizinfo.go.kr/cmm/fms/getImageFile.do?atchFileId=FILE_000000000746188&fileSn=1@https://www.bizinfo.go.kr/cmm/fms/getImageFile.do?atchFileId=FILE_000000000746188&fileSn=2,2026년 맞춤형 컨설팅 참가기업 모집공고.hwp@2026년 맞춤형 컨설팅 단체참가 사업계획서(양식).hwp@개인정보 수집이용 및 제3자 제공 동의서(공통양식).hwp,온라인 접수 (농산업수출종합지원시스템),한국농어촌공사 스마트농업지원단 061-338-5743,https://www.agroex.or.kr/sprtBiz/pbancAplyDetail.do?menuId=MN-010401&pageIndex=1&bzCd=AA&applySn=490000000&srchStartDate=&srchEndDate=&applySearch=applynm&searchName=,2026-03-10 14:21:49,management_seoul.json,bizinfo
PBLN_000000000125804,2026년 농식품 중소기업 기술보호 컨설팅 지원사업 참여기업 모집 연장 공고,농림축산식품부,농림식품기술기획평가원,경영,2026-08-06 ~ 2026-09-04,중소기업,전국_또는_지역미지정,,False,소기업,"농림식품기술기획평가원에서는 농식품 중소기업 기술보호 컨설팅 지원사업을 다음과 같이 추진하오니, 자격 요건에 해당하는 기업에서는 많은 관심과 참여를 부탁드립니다. ☞ 농식품 R&D 수행, 신기술ㆍ녹색인증 획득 및 혁신제품 지정 기업 등 농림식품 관련 산업 종사 중소기업 ☞ 농식품 중소기업 핵심기술 보호전략 수립 및 실무교육 지원 - 기술보호 심층컨설팅 : 레시피, 공정관리 등 핵심기술 보호를 위한 IP-MAX 전략 수립, 기술자료 임치 등 중점 지원 - 기술보호 실무교육 : IP-MAX 전략의 구체적 실천방안을 비롯, 업종별 맞춤형 탈취ㆍ유출사고 예방 및 대응을 위한 전문교육 지원 - 기술자료 임치지원 : 기업의 핵심기술자료 및 영업비밀을 공식 보호 기관(상생협력재단)에 보관할 수 있도록 절차안내 및 수수료 지원",https://www.bizinfo.go.kr/sii/siia/selectSIIA200Detail.do?pblancId=PBLN_000000000125804,https://www.bizinfo.go.kr/cmm/fms/getImageFile.do?atchFileId=FILE_000000000770606&fileSn=2,(모집연장공고) 「2026년도 농식품 중소기업 기술보호 컨설팅 지원사업」 참여기업 모집 공고(연장).pdf,https://www.bizinfo.go.kr/cmm/fms/getImageFile.do?atchFileId=FILE_000000000770607&fileSn=1@https://www.bizinfo.go.kr/cmm/fms/getImageFile.do?atchFileId=FILE_000000000770607&fileSn=2,(모집연장공고) 「2026년도 농식품 중소기업 기술보호 컨설팅 지원사업」 참여기업 모집 공고(연장).hwp@(신청가이드) 상생누리 플랫폼 신청 방법 안내.pdf,온라인 접수(상생누리플랫폼),"농림식품기술기획평가원 기획조정실 061-338-9718, ksh5360@ipet.re.kr",https://www.winwinnuri.or.kr/cm/mainView.do,2026-08-25 14:22:03,management_seoul.json,bizinfo
PBLN_000000000118210,2026년 리스크안전망 구축 지원업체 모집 공고,해양수산부,한국수산무역협회,금융,예산 소진시까지,중소기업,전국_또는_지역미지정,,False,"보증,소기업","우리 수산물의 경쟁력 향상을 위해 2026년 리스크안전망 구축 지원업체를 아래와 같이 모집하오니 관심 있는 업체의 많은 신청 바랍니다. ☞ 수산물 수출입 업체(중소ㆍ중견기업) ☞ 업체당 최대 70,000천원 (구축비용의 90~100%) 지원 - 단체보험, 환변동보험, 수출보험, 수입보험, 신용보증",https://www.bizinfo.go.kr/sii/siia/selectSIIA200Detail.do?pblancId=PBLN_000000000118210,https://www.bizinfo.go.kr/cmm/fms/getImageFile.do?atchFileId=FILE_000000000742877&fileSn=0,붙임._2026년_리스크안전망_구축_지원업체_모집공고_및_신청서.hwp,,,온라인 접수 (온라인 사업신청 통합시스템),"한국수산무역협회 수출지원부 02-6300-8703, 2 / kfta@kfta.net",https://biz.k-seafoodtrade.kr/apply/export_view.php?biz_data=aWR4PTEwMDA2MCZiaXpfc3RhdHVzPSZzdGFydFBhZ2U9Jmxpc3RObz0mdGFibGU9Y3NfYml6JnNlYXJjaF9pdGVtX2Noaz0mc2VhcmNoX21lbV9pdGVtPSZzZWFyY2hfYml6X2l0ZW09JnNlYXJjaF9vcmRlcj0mc2VhcmNoX2RheT0mc2VhcmNoX2RheV9zdHI9JnBhcnRfaWR4PTQ=||,2026-02-04 13:48:49,"finance_all.json,finance_seoul.json",bizinfo
PBLN_000000000123973,2026년 마이데이터 전문가 상시자문 지원 공고,과학기술정보통신부,한국데이터산업진흥원,경영,2026-05-11 ~ 2026-12-18,중소기업,전국_또는_지역미지정,,False,소기업,"마이데이터 산업생태계 지원을 위해, 과학기술정보통신부 주관 한국데이터산업진흥원이 추진하는「2026년 마이데이터 전문가 상시자문」을 아래와 같이 실시합니다. ☞ 마이데이터 사업화 추진 기업 및 개인(예비 창업자) ☞ 법ㆍ제도, 사업화, 기술 등 분야별 전문가가 개인ㆍ기업의 마이데이터 관련 문의사항에 맞춰 상황별 원포인트 솔루션 지원",https://www.bizinfo.go.kr/sii/siia/selectSIIA200Detail.do?pblancId=PBLN_000000000123973,https://www.bizinfo.go.kr/cmm/fms/getImageFile.do?atchFileId=FILE_000000000762989&fileSn=0,붙임. 2026년 마이데이터 전문가 상시자문 지원 안내문.pdf,,,온라인 접수(마이데이터),"한국데이터산업진흥원 기업지원ㆍ글로벌팀 02-3708-5384, mydata_biz@kdata.or.kr",https://www.kdata.or.kr/mydata/www/board/counsel/boardList.do,2026-07-06 10:51:48,management_seoul.json,bizinfo
PBLN_000000000125613,2026년 마이데이터 컨설팅 및 교육 지원 사업 공고,과학기술정보통신부,한국데이터산업진흥원,경영,2026-08-18 ~ 2026-09-11,중소기업,전국_또는_지역미지정,,False,소기업,"마이데이터 서비스 기획, 사업화 등을 추진하는 기업ㆍ개인데이터 보유ㆍ활용기관의 마이데이터 비즈니스 경쟁력 제고를 지원하기 위한 「2026년 마이데이터 컨설팅 및 교육」 지원 사업을 아래와 같이 안내합니다. ☞ 마이데이터 활용 서비스를 준비ㆍ운영 중이거나 보유한 기업ㆍ개인 데이터 기반 사업화를 추진하는 기업 및 기관 ※ 국가ㆍ공공기관, 지자체, 대ㆍ중소ㆍ중견기업, 학교, 협회, 비영리기관, 개인사업자 등 신청 가능 ☞ 컨설팅, 비즈니스 교육 지원 - 컨설팅 : 마이데이터 사업 기획, 서비스 운영에 필요한 법ㆍ제도 진단, 환경분석, 세부 실행전략, 벤치마킹 사례 등 사업화 특화 컨설팅 지원 - 비즈니스 교육 : 마이데이터 컨설팅 참여기업 대상 데이터 활용 역량 제고를 위한 분야별 전문교육 지원 ※ 자세한 지원내용 공고문 참조",https://www.bizinfo.go.kr/sii/siia/selectSIIA200Detail.do?pblancId=PBLN_000000000125613,https://www.bizinfo.go.kr/cmm/fms/getImageFile.do?atchFileId=FILE_000000000769872&fileSn=1,2026년 마이데이터 컨설팅 및 교육 지원 사업 안내문.hwp,https://www.bizinfo.go.kr/cmm/fms/getImageFile.do?atchFileId=FILE_000000000769873&fileSn=1@https://www.bizinfo.go.kr/cmm/fms/getImageFile.do?atchFileId=FILE_000000000769873&fileSn=2,양식. 2026년 마이데이터 컨설팅 및 교육 지원 사업 신청서.hwp@3. 마이데이터 게시글.pdf,온라인 접수 (마이데이터 원스톱 통합지원 서비스),"한국데이터산업진흥원 마이데이터 컨설팅 운영사무국 02-3786-0409, mydata@kmac.co.kr",https://www.kdata.or.kr/mydata/www/application/applicationView.do?appIdx=46,2026-08-20 10:28:06,management_seoul.json,bizinfo
PBLN_000000000117297,2026년 무료 직무발명제도 컨설팅 신청 공고,지식재산처,한국발명진흥회,경영,2026-01-05 ~ 2026-11-30,중소기업,전국_또는_지역미지정,,False,소기업,"한국발명진흥회에서 2026년 무료 직무발명제도 컨설팅 신청을 공고합니다. ​ ​☞ 직무발명제도 도입을 희망, 제정 중이거나 곧 시행 예정인 기업 - 직무발명제도 운영에 애로사항이 있는 기업 - 직무발명보상 우수기업 인증제 희망 또는 미선정 기업 ☞ 중소기업 컨설팅 무료 지원",https://www.bizinfo.go.kr/sii/siia/selectSIIA200Detail.do?pblancId=PBLN_000000000117297,https://www.bizinfo.go.kr/cmm/fms/getImageFile.do?atchFileId=FILE_000000000740331&fileSn=0,2026년 상반기 무료 직무발명제도 컨설팅 신청 안내.jpg,,,온라인 접수(직무발명제도홈페이지),"한국발명진흥회 발명진흥실 02-3459-2847, 2844, 2793 / 2845@kipa.org",https://www.kipa.org/ip-job/index.jsp,2026-01-09 15:10:19,management_seoul.json,bizinfo
PBLN_000000000122625,2026년 무탄소에너지보증사업(해상풍력 맞춤형 보증지원) 공고,기후에너지환경부,한국에너지공단,금융,예산 소진시까지,중소기업,전국_또는_지역미지정,,False,"보증,소기업","“2026년도 무탄소에너지보증사업(해상풍력 맞춤형 보증지원)”을 시행하기 위하여「신ㆍ재생에너지 설비의 지원 등에 관한 규정(기후에너지환경부 고시)」에 따라 동 사업의 지원내용을 다음과 같이 공고합니다. ☞「전기사업법」제7조에 의한 발전사업 허가를 득한 자 ※ 자세한 지원대상 공고문 참조 ☞ 보증지원 대상금액의 100% 이내 최고 보증지원 한도 4,000억원/건 지원",https://www.bizinfo.go.kr/sii/siia/selectSIIA200Detail.do?pblancId=PBLN_000000000122625,https://www.bizinfo.go.kr/cmm/fms/getImageFile.do?atchFileId=FILE_000000000757791&fileSn=0,2026년도 해상풍력 맞춤형 보증지원 사업 공고.pdf,https://www.bizinfo.go.kr/cmm/fms/getImageFile.do?atchFileId=FILE_000000000757792&fileSn=0@https://www.bizinfo.go.kr/cmm/fms/getImageFile.do?atchFileId=FILE_000000000757792&fileSn=1,[별첨1] 해상풍력 맞춤형 보증지원 대상사업 확인(신청)서.hwpx@[별첨2] 해상풍력 맞춤형 보증지원사업 사업내역서.hwpx,이메일 접수 (yink@energy.or.kr),(대상확인 관련 문의) 한국에너지공단 해상풍력사업처 052-920-0744 / (보증심사 관련 문의) 신용보증기금 혁신금융부 053-430-6858,,2026-06-01 10:58:04,"finance_all.json,finance_seoul.json",bizinfo
PBLN_000000000117599,2026년 미국 현지 변호사 및 관세사와 1:1 온라인 상담 지원 공고,산업통상부,대한무역투자진흥공사,경영,2026-01-16 ~ 2026-11-30,중소기업,전국_또는_지역미지정,,False,소기업,"대한무역투자진흥공사(KOTRA)에서 미국관세 조치로 수출 애로가 있는 중소ㆍ중견기업 등을 대상으로 미국 현지 법무법인 및 관세법인 대표 변호사/관세사들과 1:1 온라인 심층 컨설팅을 지원해드리는 사업입니다. ☞ 미국 관세 조치로 수출 애로가 있는 중소ㆍ중견기업 ☞ 미국 현지 변호사ㆍ관세사와 1:1 매칭하여 심층 온라인 상담(1시간 내외) 지원 - 미국 현지 통관절차, 서류 작성법, 검증 대응, 원산지 판정 등 관세조치 제반 사항",https://www.bizinfo.go.kr/sii/siia/selectSIIA200Detail.do?pblancId=PBLN_000000000117599,https://www.bizinfo.go.kr/cmm/fms/getImageFile.do?atchFileId=FILE_000000000741228&fileSn=0,2026 미국 현지 변호사 및 관세사와 온라인 상담.png,https://www.bizinfo.go.kr/cmm/fms/getImageFile.do?atchFileId=FILE_000000000741229&fileSn=0,미국 현지 전문가 온라인 상담 공고문.hwp,온라인 접수 (KOTRA 홈페이지) ※ 미국과의 시차를 고려하여 상담 희망일 5일전 신청 필수,"KOTRA 해외진출상담센터 02-3460-7157, hong0613@kotra.or.kr",https://kotra.or.kr/subList/20000020753/subhome/bizAply/selectBizMntInfoDetail.do?dtlBizMntNo=26PC001&cpbizYn=N,2026-01-20 09:46:24,management_seoul.json,bizinfo
PBLN_000000000119499,2026년 방사선 기술 IP보증연계 지식재산평가 지원사업 공고,과학기술정보통신부,한국방사선진흥협회,금융,예산 소진시까지,중소기업,전국_또는_지역미지정,,False,"보증,소기업","방사선 기업이 보유한 지식재산(IP)의 가치를 평가하고 그 결과를 사업자금 확보(보증ㆍ대출)에 활용할 수 있도록 평가비용을 지원하는「2026년 방사선 기술 IP보증연계 지식재산평가 지원사업」을 아래와 같이 공고합니다. ☞ 신청일 기준, 방사선 또는 방사성동위원소 분야 출원 특허 또는 등록된 특허권을 보유한 국내 등록된 사업자로서 다음의 어느 하나에 해당하는 자 - 「중소기업기본법 제2조」에 따른 중소기업 - 「중견기업 성장촉진 및 경쟁력 강화에 관한 특별법 제2조」에 따른 중견기업으로서 「중소기업기본법 제2조3항」에서 정한 기간이 종료된 연도의 다음 연도부터 3년 이내의 기업(단, 평균매출액이 3,000억원 이상인 기업은 제외) ☞ 방사선 기업이 보유한 지식재산(IP)의 가치를 평가하고, 그 결과를 사업자금 확보를 위한 보증ㆍ대출에 활용할 수 있도록 평가비용 지원 (5백만원/건 지원)",https://www.bizinfo.go.kr/sii/siia/selectSIIA200Detail.do?pblancId=PBLN_000000000119499,https://www.bizinfo.go.kr/cmm/fms/getImageFile.do?atchFileId=FILE_000000000746829&fileSn=0,2026 KARA-KIBO IP보증연계 지식재산평가 지원 사업 공고문 및 신청 서식.hwp,,,이메일 접수(joonhee@ri.or.kr),"(사업문의) 한국방사선진흥협회 기술사업화추진실 02-3490-7112, joonhee@ri.or.kr / (평가 및 보증문의) 기술보증기금 기술평가부 평가확산팀 051-606-7398, 2774@kibo.or.kr",,2026-03-16 09:48:03,"finance_all.json,finance_seoul.json",bizinfo
PBLN_000000000121191,2026년 산업 분야 온실가스 국제감축사업 공고,산업통상부,대한무역투자진흥공사,경영,세부사업별 상이,중소기업,전국_또는_지역미지정,,False,소기업,"국가 온실가스 감축목표 달성을 위한「2026년 온실가스 국제감축사업」을 공고하오니, 동 사업에 지원할 자격과 역량을 갖춘 우리 기업(국내 법인 또는 기관)은 절차 및 관련 규정에 따라 신청하여 주시기 바랍니다. ☞ 운영지침 제2조에 따른「국내법인 또는 기관」 ※ 자세한 지원대상 공고문 참조 ☞ 투자지원, 타당성조사지원 - (투자지원) 감축설비 투자비의 최대 50% (단, 100억원 이하) - (타당성조사지원) 설계, 방법론 검토 등 최대 90% (단, 4억원 이하)",https://www.bizinfo.go.kr/sii/siia/selectSIIA200Detail.do?pblancId=PBLN_000000000121191,https://www.bizinfo.go.kr/cmm/fms/getImageFile.do?atchFileId=FILE_000000000752596&fileSn=0,2026년 산업 분야 온실가스 국제감축사업 공고문.hwpx,,,"우편 접수 - 접수처 : (06792)서울시 서초구 헌릉로 13, 대한무역투자진흥공사 기후에너지산업팀 ① 전자파일(1본): 양식, 파일명, 확장자 규칙 등을 준수하여 USB에 저장 ② 인쇄본(3부): 전자파일과 동일한 서류의 인쇄본 ※ ①+② 동봉하여 발송",대한무역투자진흥공사 기후에너지산업팀 help@itmo.gov-dooray.com ※ 모든 문의ㆍ상담은 이메일을 통해 응대,,2026-04-23 11:29:37,management_seoul.json,bizinfo
PBLN_000000000120215,2026년 산업ㆍ일자리전환 컨설팅 참여기업 모집 공고,고용노동부,한국표준협회,경영,상시 접수,중소기업,전국_또는_지역미지정,,False,소기업,"급변하는 산업환경에 대응하고 기업의 지속가능한 성장을 지원하기 위한「2026년 산업ㆍ일자리전환 컨설팅」참여기업을 모집합니다. ☞ 자동차, 석유화학, 철강 등 탄소배출 업종, 석탄화력발전소 폐쇄에 따른 산업전환 직면기업, AI도입, 공정자동화 등 디지털 전환 기업 등 (20인 이상 사업장) ☞ 맞춤형 무료 컨설팅, 지원사업 최적화 매칭, DX,ESG 1day 교육, 통합미디어 홍보지원, 산업전환 세미나 초청 지원",https://www.bizinfo.go.kr/sii/siia/selectSIIA200Detail.do?pblancId=PBLN_000000000120215,https://www.bizinfo.go.kr/cmm/fms/getImageFile.do?atchFileId=FILE_000000000749361&fileSn=0,포스터_2026년 산업일자리전환 컨설팅_KSA.pdf,https://www.bizinfo.go.kr/cmm/fms/getImageFile.do?atchFileId=FILE_000000000749362&fileSn=0@https://www.bizinfo.go.kr/cmm/fms/getImageFile.do?atchFileId=FILE_000000000749362&fileSn=1,신청서_2026년 산업일자리전환 컨설팅_KSA.hwp@리플릿_2026년 산업일자리전환 컨설팅_KSA.pdf,온라인 접수(한국표준협회 산업일자리전환지원센터),"한국표준협회 일터혁신센터 02-6240-4805, 4818, 4811 / ksawork02@ksa.or.kr",https://xn--oy2b91kspeg1b4c.kr/,2026-04-01 10:28:07,management_seoul.json,bizinfo
PBLN_000000000124120,2026년 산업부 혁신제품 지정 컨설팅 지원사업 참여기업 공고,산업통상부,한국남부발전,경영,2026-07-06 ~ 2026-10-31,중소기업,전국_또는_지역미지정,,False,소기업,"우리 기관은 중소기업이 개발한 우수한 연구개발 제품의 공공시장 진입을 지원하기 위하여 산업부 혁신제품 신청에 어려움을 겪는 중소기업에게 전문기관 컨설팅을 지원하고자 하오니 관심있는 기업은 많은 신청 바랍니다. ☞ 산업부 혁신제품 신청이 가능한 중소기업 연구개발 제품 ※ 산업부 혁신제품 이외에 조달청, 과기부 등 타부처 혁신제품 인증 지원도 가능 ※ 자세한 지원대상 공고문 참조 ☞ 정부 혁신제품 지정 신청을 위한 컨설팅 지원(50만원/건, 기업당 최대 2회) - 중소기업기술마켓 미인증 제품의 경우 기술마켓 등록, 기업당 1회 이상 방문하여 1:1 맞춤형 컨설팅 수행 지원",https://www.bizinfo.go.kr/sii/siia/selectSIIA200Detail.do?pblancId=PBLN_000000000124120,https://www.bizinfo.go.kr/cmm/fms/getImageFile.do?atchFileId=FILE_000000000763547&fileSn=0,2026년 산업부 혁신제품 지정 컨설팅 지원사업 참여기업 모집공고+.pdf,https://www.bizinfo.go.kr/cmm/fms/getImageFile.do?atchFileId=FILE_000000000763548&fileSn=0,2026년 산업부 혁신제품 지정 컨설팅 지원사업 참여기업 모집공고.hwp,온라인 접수 - 온라인 ㆍ 동반성장통합플랫폼 : https://9988.kospo.co.kr ㆍ 상생누리 : http://winwinnuri.or.kr,"(사업문의) 한국남부발전 기술마켓지원센터 070-7713-8941, 8946 / pjc11@kospo.co.kr, shape34@kospo.co.kr",https://9988.kospo.co.kr,2026-07-08 13:35:01,management_seoul.json,bizinfo
PBLN_000000000125208,2026년 산업융합 혁신품목 및 산업융합 선도기업 선정 계획 공고,산업통상부,국가산업융합센터,경영,2026-08-06 ~ 2026-09-02,중소기업,전국_또는_지역미지정,,False,소기업,"「산업융합 선도기업 선정 및 지원에 관한 요령」(산업통상부 고시 제2020-40호) 제5조의 규정에 따라 2026년 산업융합 혁신품목 및 산업융합 선도기업 선정계획을 아래와 같이 공고합니다. ☞ 산업융합 중소중견기업이 개발 및 자체생산하는 도전적ㆍ혁신적 품목(첨단기술융합ㆍ융합성과확산)으로, 융합을 통해 국내외 최초 개발 또는 기존기술을 혁신적으로 개선한 품목 ☞ ‘산업융합 선도기업’으로 선정된 중소ㆍ중견기업의 경쟁력 강화를 위해 필요한 지원시책을 패키지(기술확보, 금융, 컨설팅, 네트워크, 전시회)로 지원 ※ 자세한 지원내용 공고문 참조",https://www.bizinfo.go.kr/sii/siia/selectSIIA200Detail.do?pblancId=PBLN_000000000125208,https://www.bizinfo.go.kr/cmm/fms/getImageFile.do?atchFileId=FILE_000000000768147&fileSn=1,2026년 산업융합 혁신품목 및 산업융합 선도기업 선정 계획 공고문+.pdf,https://www.bizinfo.go.kr/cmm/fms/getImageFile.do?atchFileId=FILE_000000000768148&fileSn=1,2026년 산업융합 혁신품목 및 산업융합 선도기업 선정 계획 공고문.hwpx,"온라인, 우편 접수 - 온라인 : 국가산업융합센터 - 우편 : (우)15588 경기도 안산시 상록구 항가울로 143(사동 1271-18번지)한국생산기술연구원 융복합동(D동) 국가산업융합센터 210호 ※ 전산접수 후 관련자료 우편 제출 ※ 우편물 표지에 전산 접수번호 및 기업명 필히 기재","국가산업융합센터 산업융합정책실 산업융합 혁신품목ㆍ선도기업 담당자 031-8040-6789, 6797 / amber11@kitech.re.kr",https://www.knicc.re.kr/page/support_lead.html,2026-08-07 10:23:09,management_seoul.json,bizinfo
PBLN_000000000117130,2026년 상반기 관광진흥개발기금 이차보전 지원 지침 공고,문화체육관광부,한국관광협회중앙회,금융,예산 소진시까지,중소기업,전국_또는_지역미지정,,False,"소기업,시설자금,이차보전","관광진흥개발기금법 제5조 및 관광진흥개발기금 관리 및 운용요령 제2조의 규정에 따라 2026년 상반기 관광진흥개발기금 이차보전 지원 지침을 공고합니다. ☞ 관광진흥법에 따른 관광사업체 등 ※ 구체적인 이차보전 지원대상 해당 여부는 ‘업종별 신청자격(7~62p)’ 참조 ☞ 관광사업자가 은행자금으로 대출받고, 문화체육관광부에서 대출이자 중 일부 지원 - 운영자금 : 최근 1년간 영업비용의 50%, 30억원 이내 / 시설자금 : 2026년 상반기 소요자금 100%, 150억원 이내 ※ 자세한 지원내용 공고문 참조",https://www.bizinfo.go.kr/sii/siia/selectSIIA200Detail.do?pblancId=PBLN_000000000117130,https://www.bizinfo.go.kr/cmm/fms/getImageFile.do?atchFileId=FILE_000000000739844&fileSn=0,26년 상반기 관광기금 이차보전 지원 지침.hwp,https://www.bizinfo.go.kr/cmm/fms/getImageFile.do?atchFileId=FILE_000000000739845&fileSn=0@https://www.bizinfo.go.kr/cmm/fms/getImageFile.do?atchFileId=FILE_000000000739845&fileSn=1@https://www.bizinfo.go.kr/cmm/fms/getImageFile.do?atchFileId=FILE_000000000739845&fileSn=2,(양식3) 대출심사 사전확인서.hwp@(양식2) 시설ㆍ운영자금 소요내역서.hwp@(양식1) 이차보전 신청서.hwp,"방문 또는 우편 접수 - 접수처 : 서울시 종로구 인사동5길 14, 한국관광협회중앙회빌딩 3층",문화체육관광부 관광정책과 044-203-2826 / 한국관광협회중앙회 융자상시지원센터 02-757-7485,,2026-01-06 10:09:31,"finance_all.json,finance_seoul.json",bizinfo
PBLN_000000000120620,2026년 소프트웨어 지식재산권(IP) 평가보증 지원사업 공고,과학기술정보통신부,정보통신산업진흥원,금융,예산 소진시까지,중소기업,전국_또는_지역미지정,,False,"보증,소기업,융자","과학기술정보통신부와 정보통신산업진흥원은 유망 소프트웨어(SW)기술을 보유한 중소기업을 대상으로 기술금융(대출보증) 서비스를 지원해 드릴 예정이오니, 많은 관심과 참여 바랍니다. ☞ SW관련 중소기업 - (특허 등 보유) SW관련 컴퓨터 프로그램 또는 특허 보유 기업 - (특허 등 미보유) SW기술ㆍ산업 판별표(서식4)를 충족하는 기업 ※ 자세한 지원대상 공고문 참조 ☞ 은행(제1금융권 등) 융자(1억원~10억원)를 위한 보증서 발급 지원",https://www.bizinfo.go.kr/sii/siia/selectSIIA200Detail.do?pblancId=PBLN_000000000120620,https://www.bizinfo.go.kr/cmm/fms/getImageFile.do?atchFileId=FILE_000000000750642&fileSn=0,붙임1. 2026년 SW IP(지식재산권) 평가보증 지원사업 공고문.pdf,https://www.bizinfo.go.kr/cmm/fms/getImageFile.do?atchFileId=FILE_000000000750643&fileSn=0@https://www.bizinfo.go.kr/cmm/fms/getImageFile.do?atchFileId=FILE_000000000750643&fileSn=1,붙임2. 2026년 SW IP(지식재산권) 평가보증 지원사업 안내문.pdf@붙임3. 2026년 SW IP(지식재산권) 평가보증 지원사업 신청서식.zip,- 접수처 : 기술보증기금(기업소재지 관할영업점 문의),"(사업 관련 문의) NIPA SW융합전략팀 SW기술금융사업 담당 043-931-5384, jinah@nipa.kr / (보증ㆍ융자 문의) 기술보증기금 SW기술금융사업 담당 051-606-7398, 2774@kibo.or.kr",,2026-04-09 14:59:21,"finance_all.json,finance_seoul.json",bizinfo
PBLN_000000000121791,2026년 수출 중소ㆍ중견기업 ESG 공급망 컨설팅 지원사업 참여기업 모집 추가 공고,산업통상부,한국생산성본부,경영,선착순 접수,중소기업,전국_또는_지역미지정,,False,소기업,"본 기업은 산업통상부와 한국생산성본부의 지원으로「2026년 수출 중소ㆍ중견기업을 위한 ESG 공급망 지원사업」을 추진하며 ESG 경영 진단과 컨설팅을 제공합니다. EU-CSDDD, EcoVadis, 등 글로벌 지표를 활용하여 500개사에 대해 ESG 공급망 리스크를 진단, 개선하는 컨설팅을 지원합니다. 이에 참여 기업들을 모집하오니 희망하는 기업들의 많은 신청을 바랍니다. ☞ 원청사로부터 ESG경영을 요구받는 중소ㆍ중견기업, ESG 규제 대응이 필요한 해외 수출 중소ㆍ중견기업, ESG 경영에 관심있는 국내 모든 대ㆍ중ㆍ소 기업 ☞ CSDDD & EcoVadis 등 글로벌 기준 반영 ESG 경영 진단 - AI 기반 영역별 ESG 종합 결과보고서 제공 - 단기ㆍ중장기 이행방안 및 ESG 모범사례 제시 - 각종 ESG 관련 샘플 서식 및 정책수립 가이드 제공 - 국문 및 영문으로 ‘경영수준확인서’ 발급",https://www.bizinfo.go.kr/sii/siia/selectSIIA200Detail.do?pblancId=PBLN_000000000121791,https://www.bizinfo.go.kr/cmm/fms/getImageFile.do?atchFileId=FILE_000000000754719&fileSn=1,(1P)(포스터) 26년 KPC 중소중견기업 ESG 공급망실사.jpg,,,온라인 접수(한국생산성본부 지속가능경영지원센터),"한국생산성본부 ESG공급망지원팀 02-6334-6609, 6610 / esgsupport@grc.or.kr, yoschoi@kpc.or.kr",https://www.k-esg.org/pretest/apply,2026-05-11 09:58:02,management_seoul.json,bizinfo
PBLN_000000000118006,2026년 스마트공장 수준확인 사업 공고,중소벤처기업부,중소기업기술정보진흥원,경영,예산 소진시까지,중소기업,전국_또는_지역미지정,,False,소기업,「2026년도 스마트공장 수준확인 사업」의 지원계획을 다음과 같이 공고합니다. ☞ 국내 중소ㆍ중견기업 ※ 공고문 참조 ☞ 스마트화 수준확인 및 고도화 전략 제공 지원 - (스마트화 수준확인) 기업이 제조수준에 대하여 인식 할 수 있도록 기업 스마트화 수준확인 및 수준확인서 제공 - (고도화 전략 제공) 기업이 스마트공장 구축 및 고도화 방향 결정에 활용 할 수 있도록 심사보고서 제공,https://www.bizinfo.go.kr/sii/siia/selectSIIA200Detail.do?pblancId=PBLN_000000000118006,https://www.bizinfo.go.kr/cmm/fms/getImageFile.do?atchFileId=FILE_000000000742149&fileSn=0,2026년도_스마트공장_수준확인_사업_공고.pdf,,,온라인 접수 (스마트공장 사업관리시스템 홈페이지),"중소벤처기업부(국번없이 1357) / (사업운영문의) 중소기업기술정보진흥원 부설 스마트제조혁신추진단 044-300-0955 / (사업 신청ㆍ접수 등 사업 수행 관련 문의) 스마트제조혁신협회 02-3473-3777, 대한상공회의소 02-6050-3854",https://www.smart-factory.kr/,2026-01-29 13:39:27,management_seoul.json,bizinfo
PBLN_000000000120603,2026년 에너지이용합리화자금 융자사업 공고,기후에너지환경부,한국에너지공단,금융,예산 소진시까지,중소기업,전국_또는_지역미지정,,False,"소기업,융자","기후에너지환경부 공고 제2026-332호 「에너지이용합리화사업을 위한 자금지원 지침」에 의거하여, 에너지 절약시설 설치 및 투자를 지원하기 위한 2026년도 에너지이용합리화자금 융자사업을 다음과 같이 공고합니다. ☞ 중소기업, 중견기업 등 ※ 자세한 지원대상 공고문 참조 ☞ ESCO 투자사업, 절약시설 설치사업(절약시설 설치사업, 생산시설 설치사업, 수요관리설비 설치사업, 장기사용 열수송시설 개체사업) 별 융자 지원 - ESCO 투자사업 : 당해 연도 동일투자 사업장당 지원한도액 300억원 이내 - 절약시설 설치사업 : 당해 연도 동일투자 사업장당 지원한도액 300억원 이내 - 생산시설 설치사업 : 당해 연도 동일투자 사업장당 지원한도액 50억원 이내 - 수요관리설비 설치사업 : 당해 연도 동일투자 사업장당 지원한도액 50억원 이내 - 장기사용 열수송시설 개체사업 : 당해 연도 동일투자 사업장당 지원한도액 50억원 이내 ※ 자세한 지원내용 공고문 참조",https://www.bizinfo.go.kr/sii/siia/selectSIIA200Detail.do?pblancId=PBLN_000000000120603,https://www.bizinfo.go.kr/cmm/fms/getImageFile.do?atchFileId=FILE_000000000750599&fileSn=0,[첨부2] 2026년도 에너지이용합리화자금 융자사업 공고.hwp,https://www.bizinfo.go.kr/cmm/fms/getImageFile.do?atchFileId=FILE_000000000750600&fileSn=0@https://www.bizinfo.go.kr/cmm/fms/getImageFile.do?atchFileId=FILE_000000000750600&fileSn=1,[붙임1] 에너지이용합리화사업을 위한 자금지원 지침.hwp@[붙임2] 에너지이용합리화사업을 위한 자금지원 세부기준.hwp,온라인 접수 (한국에너지공단 자금융자시스템),"한국에너지공단 자금융자처 (ESCO투자사업 관련 문의) 052-920-0493,5 / (추천심사 관련 문의) 052-920-0493~5 / (기타 제도 관련 문의) 052-920-0484",https://finance.energy.or.kr/FINANCE_HP/AHP/home.do,2026-04-09 13:46:32,"finance_all.json,finance_seoul.json",bizinfo
PBLN_000000000118204,2026년 여성기업 육성사업 공고,중소벤처기업부,한국여성경제인협회,경영,세부사업별 상이,여성기업,전국_또는_지역미지정,,False,소기업,"여성창업 활성화와 여성기업 경쟁력 강화를 위한 「2026년 여성기업 육성사업」을 다음과 같이 공고합니다. ☞ 여성 (예비)창업자 및「중소기업기본법」상 중소기업인 중 여성기업 ※ 지원사업별 지원대상이 상이하므로 자세한 지원대상 공고문 참조 ☞ 펨테크 산업 육성, 여성창업 보육센터 운영, 여성창업 액셀러레이팅, 여성기업 경영애로 지원, 여성기업 판로역량 강화 지원, 여성기업 제품 공공구매 확대 지원, 여성기업 맞춤형 인력 매칭, 미래여성경제인 육성, 여성CEO비즈니스아카데미, 전국 여성 CEO 경영연수 지원 ※ 지원사업별 지원내용이 상이하므로 자세한 지원내용 공고문 참조",https://www.bizinfo.go.kr/sii/siia/selectSIIA200Detail.do?pblancId=PBLN_000000000118204,https://www.bizinfo.go.kr/cmm/fms/getImageFile.do?atchFileId=FILE_000000000742862&fileSn=0,★26년_여성기업육성사업_통합공고.hwpx,,,※ 사업별 신청방법이 상이하므로 자세한 신청방법 공고문 참조,"한국여성경제인협회 02-369-0900, (재)여성기업종합지원센터 02-369-0990 및 기타 문의처 공고문 참조",,2026-02-04 13:24:20,management_seoul.json,bizinfo
PBLN_000000000119026,2026년 연구실 안전관리 컨설팅 지원사업 공고,과학기술정보통신부,한국생명공학연구원,경영,2026-03-23 ~ 2026-10-30,중소기업,전국_또는_지역미지정,,False,소기업,과학기술정보통신부에서는 과학기술분야 연구실의 안전한 연구환경 조성을 위하여「연구실 안전환경 조성에 관한 법률」적용기관을 대상으로 안전관리 컨설팅(교육ㆍ면담ㆍ지도 등)을 지원하고 있습니다. 이에「2026년도 연구실 안전관리 컨설팅 지원사업」을 아래와 같이 공고하오니 관심 있는 기관의 많은 참여 바랍니다. ☞ 안전관리체계 구축 컨설팅 : 소규모(연구활동종사자 10~49인) 기업부설연구소 및 연구개발전담부서 - 고압가스 안전관리 컨설팅 : 고압가스 취급 연구실 및 부속시설 - 화학물질 안전관리 컨설팅 : 유해화학물질 취급 연구실 및 부속시설 - 우수연구실 인증 컨설팅 : 안전관리 우수연구실 인증을 희망하는 기관(연구실) ☞ 안전관리체계 구축 컨설팅 : 연구실 현장검사 수준의 법 준수사항 및 안전관리 방법 등에 대한 컨설팅 지원 - 고압가스 안전관리 컨설팅 : 연구실안전법 및 고압가스안전관리법에 따른 가스 점검·관리ㆍ신고ㆍ운영기준에 대한 컨설팅 지원 - 화학물질 안전관리 컨설팅 : 연구실안전법 및 화학물질관리법에 따른 화학물질 취급ㆍ관리ㆍ폐기 등에 대한 컨설팅 지원 - 우수연구실 인증 컨설팅 : 우수연구실 인증 취득을 위한 인증 매뉴얼 작성 방법 및 안전관리 기술 등에 대한 컨설팅 지원,https://www.bizinfo.go.kr/sii/siia/selectSIIA200Detail.do?pblancId=PBLN_000000000119026,https://www.bizinfo.go.kr/cmm/fms/getImageFile.do?atchFileId=FILE_000000000745166&fileSn=0,2026년도 연구실 안전관리 컨설팅 지원사업 공고.pdf,https://www.bizinfo.go.kr/cmm/fms/getImageFile.do?atchFileId=FILE_000000000745167&fileSn=0@https://www.bizinfo.go.kr/cmm/fms/getImageFile.do?atchFileId=FILE_000000000745167&fileSn=1,(한글양식) 2026년도 연구실 안전관리 컨설팅 신청양식.hwpx@(워드양식) 2026년도 연구실 안전관리 컨설팅 신청양식.docx,온라인 접수(국가연구안전정보시스템),"과학기술정보통신부 044-202-4859, taewoo123@korea.kr / 한국생명공학연구원 국가연구안전관리본부 043-240-6415, nhj97@kribb.re.kr",https://www.labs.go.kr/brdartcl/boardarticleView.do?brd_id=BDIDX_XO25aGt4j5e6pz1Af94m67&menu_nix=1Ml3W4pu&cont_idx=JGu3IKZgs8vUAnES4sJtAg%3D%3D,2026-03-03 11:40:39,management_seoul.json,bizinfo
PBLN_000000000125696,2026년 예비오션스타 기업 모집 공고,해양수산부,해양수산과학기술진흥원,경영,2026-08-20 ~ 2026-09-11,중소기업,전국_또는_지역미지정,,False,소기업,"해양수산 유망기업 발굴 및 지원을 위해「2026 예비오션스타 기업」을 모집하고자 하오니 관심 있는 기업들의 많은 참여 바랍니다. ☞ 우수기술력을 바탕으로 높은 성장성이 기대되고 최근 3년간 평균매출액이 100억 원 이상인 기업 - 연 매출액 1,000억 원 이상 달성이 기대되는 해양수산 벤처ㆍ스타트업 ☞ 홍보, 금융, R&Dㆍ사업화, 투자유치, 인력양성 지원",https://www.bizinfo.go.kr/sii/siia/selectSIIA200Detail.do?pblancId=PBLN_000000000125696,https://www.bizinfo.go.kr/cmm/fms/getImageFile.do?atchFileId=FILE_000000000770191&fileSn=0,공고 2026년 예비오션스타 모집 공고문.hwp,,,온라인 접수(바다봄지식정보시스템),"해양수산과학기술진흥원 산업정책실 창업투자팀 02-3460-0376, dbtmf123@kimst.re.kr",https://badabom.go.kr/stup/pbanc/detail/view.do?pbancMngNo=S-ANN202600020,2026-08-21 14:19:54,management_seoul.json,bizinfo
PBLN_000000000120058,2026년 일터혁신 상생컨설팅 지원사업 기업 모집 공고,고용노동부,한국표준협회,경영,예산 소진시까지,중소기업,전국_또는_지역미지정,,False,소기업,"노사 참여 기반의 일터혁신을 통해 근로 여건을 함께 개선하는 정부지원사업입니다. 전문 컨설턴트가 사업장을 방문해 맞춤형 컨설팅을 제공하며, 한국표준협회가 축척된 노하우로 실직적인 혁신 솔루션을 지원합니다. ☞ 일터혁신 필요성과 의지가 있는 20인 이상 사업장 ☞ 일터혁신 상생컨설팅 지원 - 진단 : 기초진단, 심층진단 - 컨설팅 : 자문컨설팅, 전문컨설팅(특화), 심화컨설팅(특화) ※ 자세한 지원내용 공고문 참조",https://www.bizinfo.go.kr/sii/siia/selectSIIA200Detail.do?pblancId=PBLN_000000000120058,https://www.bizinfo.go.kr/cmm/fms/getImageFile.do?atchFileId=FILE_000000000748818&fileSn=1,[2026년 일터혁신 상생컨설팅] 참여 기업 모집 안내.pdf,https://www.bizinfo.go.kr/cmm/fms/getImageFile.do?atchFileId=FILE_000000000748819&fileSn=1,[2026년 일터혁신 상생컨설팅] 한국표준협회 3단 팜플렛.pdf,온라인 접수 (일터혁신 플랫폼) ※ 자세한 신청방법 공고문 참조,"한국표준협회 02-6240-4784, 4796, 4782 / ksawork01@ksa.or.kr",https://www.kwpi.or.kr/home/main,2026-03-27 13:13:01,management_seoul.json,bizinfo
PBLN_000000000119762,2026년 일터혁신 상생컨설팅 지원사업 기업 모집 공고,고용노동부,한국능률협회컨설팅,경영,2026-02-01 ~ 2026-11-30,중소기업,전국_또는_지역미지정,,False,소기업,"한국능률협회컨설팅에서는 일터혁신 상생컨설팅을 희망하는 기업에 맞춤형 컨설팅을 지원하여 근로자의 전문성을 높이고, 일과 삶의 조화를 추구하며 기업의 경쟁력을 강화하기 위해「일터혁신 상생컨설팅 지원사업 기업 모집」을 다음과 같이 공고하오니, 본 사업에 참여를 원하는 기업은 신청하여 주시기 바랍니다. ☞ 고용보험에 가입하고, 일터혁신에 대한 필요성과 의지가 있는 20인 이상 사업장 ☞ 근로시간, 임금체계, 근로자참여 및 협력, 직장문화, 직무역량, 직무체계, 평가체계, 공정채용, 장년친화 등 컨설팅 지원 - 개선과제는 기업별 최대 2개 진행 가능하며, 특화 개선과제 포함 시 3개까지 진행 가능 ※ 자세한 지원내용 공고문 참조",https://www.bizinfo.go.kr/sii/siia/selectSIIA200Detail.do?pblancId=PBLN_000000000119762,https://www.bizinfo.go.kr/cmm/fms/getImageFile.do?atchFileId=FILE_000000000747737&fileSn=0,[한국능률협회컨설팅] 26년 일터혁신 상생컨설팅 홍보 포스터.png,https://www.bizinfo.go.kr/cmm/fms/getImageFile.do?atchFileId=FILE_000000000747738&fileSn=0,[KMAC] 2026 일터혁신 상생컨설팅 지원사업 브로셔 _ 26.03.10.pdf,온라인 접수(일터혁신본부) - 사전상담 : https://link24.kr/H6jYBIe ※ 사전상담 후 신청 진행,"한국능률협회컨설팅 일터혁신본부 02-3786-0325, 0321, 0166, 0177 / kmacwpi@kmac.co.kr",https://www.kwpi.or.kr/home/main,2026-03-20 13:30:00,management_seoul.json,bizinfo
PBLN_000000000119316,2026년 일터혁신 상생컨설팅 지원사업 모집 공고,고용노동부,노사발전재단,경영,상시 접수,중소기업,전국_또는_지역미지정,,False,소기업,"일터혁신 상생컨설팅 지원사업이란 기업의 일하는 방식 개선과 합리적인 인사시스템 구축을 통해, 노동자의 근로여건 개선 및 기업 생산성 향상을 지원해드리는 사업으로 참여기업을 모집합니다. ☞ 일터혁신 필요성, 의지가 있는 근로자 수 20인 이상 사업장 ※ 자세한 지원대상 공고문 참조 ☞ 일터혁신 상생컨설팅(진단, 컨설팅) 지원 - 전문 컨설턴트가 기업에 방문하여 현황 진단 및 분석, 개선과제 도출 및 제도 설계, 이행지원 등 자율적 혁신 활동 촉진 지원 - 근로자 참여 촉진을 위해 100인 미만 기업에 120만원 한도 활동비 지원(전문ㆍ심화컨설팅 참여기업) ※ 자세한 사항 공고문 참조",https://www.bizinfo.go.kr/sii/siia/selectSIIA200Detail.do?pblancId=PBLN_000000000119316,https://www.bizinfo.go.kr/cmm/fms/getImageFile.do?atchFileId=FILE_000000000746181&fileSn=1,(공고)+2026년+일터혁신+상생컨설팅+모집공고.pdf,https://www.bizinfo.go.kr/cmm/fms/getImageFile.do?atchFileId=FILE_000000000746182&fileSn=1,첨부파일.zip,온라인 접수 (일터혁신 상생컨설팅 플랫폼),노사발전재단 일터혁신총괄팀 02-6021-1176,https://www.kwpi.or.kr/,2026-03-10 13:44:05,management_seoul.json,bizinfo
PBLN_000000000125665,2026년 일터혁신 우수기업 선정계획 공고,고용노동부,노사발전재단,경영,2026-08-20 ~ 2026-09-18,중소기업,전국_또는_지역미지정,,False,소기업,"고용노동부에서는 현장 혁신활동 및 근로생활의 질 향상을 실천하고 있는 우수기업을 선정하여 포상하고 널리 홍보하고자 아래와 같이 일터혁신 우수기업을 선정하오니 많은 참여 바랍니다. ☞ 사업 개시일로부터 3년이 경과되고, 결격사유에 해당하지 않는 일터혁신 성과가 우수한 국내 소재 사업장(접수 마감일 기준) ☞ 사업장 정부포상(고용노동부 장관상), 언론홍보, 현판ㆍ선정패ㆍ우수기업 마크 사용 등 지원",https://www.bizinfo.go.kr/sii/siia/selectSIIA200Detail.do?pblancId=PBLN_000000000125665,https://www.bizinfo.go.kr/cmm/fms/getImageFile.do?atchFileId=FILE_000000000770093&fileSn=0,2026년도 일터혁신 우수기업 선정계획 공고문.hwpx,https://www.bizinfo.go.kr/cmm/fms/getImageFile.do?atchFileId=FILE_000000000770094&fileSn=0,일터혁신 우수기업 제출서식.hwpx,이메일 접수(hpws@nosa.or.kr),"노사발전재단 일터개선팀 02-6021-1210, 1214, 1225 / hpws@nosa.or.kr",,2026-08-21 11:10:02,management_seoul.json,bizinfo
PBLN_000000000119677,2026년 일터혁신상생컨설팅 참여기업 모집 공고,고용노동부,한국경영혁신중소기업협회,경영,상시 접수,중소기업,전국_또는_지역미지정,,False,소기업,"본 수행기관은 인사노무 및 일터혁신 분야의 탁월한 전문성은 물론, 산업전반에 대한 깊은 이해도와 현장 노하우를 보유하고 있습니다. 산업 맞춤형 진단을 통해 귀사의 실정에 최적화된 실행 가능한 솔루션을 제공해 드립니다. 하단 네이버폼을 작성하여 제출해 주시면, 수행기관 담당자가 유선 연락 드리겠습니다. ☞ 일터혁신이 필요성과 의지가 있는 회원사 ※ 피보험자 20인 이상, 참여제한조건 확인 必 ☞ 기업 진단, 자문 컨설팅, 전문 컨설팅, 심화컨설팅 지원",https://www.bizinfo.go.kr/sii/siia/selectSIIA200Detail.do?pblancId=PBLN_000000000119677,https://www.bizinfo.go.kr/cmm/fms/getImageFile.do?atchFileId=FILE_000000000747413&fileSn=0,2026 일터혁신 상생컨설팅(세로형).pdf,,,온라인 접수(구글폼),"메인비즈협회 02-2230-2150, ace814@mainbiz.or.kr 포인트 A&D 컨설팅 일터혁신본부 070-8098-4672, pointand@naver.com",https://forms.gle/F5AtM8vfwikbUeqT7,2026-03-18 15:31:35,management_seoul.json,bizinfo
PBLN_000000000120282,2026년 장애인기업 공공판로(공공입찰ㆍMASㆍ이음장터ㆍ벤처나라ㆍ혁신장터) 컨설팅 지원사업 모집 공고,중소벤처기업부,장애인기업종합지원센터,경영,상시 접수,장애인기업,전국_또는_지역미지정,,False,,"장애인기업종합지원센터는 장애인기업의 공공판로 확대를 위한 공공판로 컨설팅 지원기업을 아래와 같이 모집하오니 관심 있는 기업의 많은 참여 바랍니다. ☞ 장애인기업 확인서 보유기업 ※ 사업신청 및 지원 종료일까지 유효해야 함 ※ 세부 신청자격 공고문 참조 ☞ 공공입찰 컨설팅, 다수공급자계약(MAS) 컨설팅, 이음장터 컨설팅, 벤처나라 컨설팅, 혁신장터 컨설팅 지원",https://www.bizinfo.go.kr/sii/siia/selectSIIA200Detail.do?pblancId=PBLN_000000000120282,https://www.bizinfo.go.kr/cmm/fms/getImageFile.do?atchFileId=FILE_000000000749584&fileSn=1,붙임 1. 2026년 장애인기업 공공판로 컨설팅 지원사업 대상기업 모집공고.pdf,https://www.bizinfo.go.kr/cmm/fms/getImageFile.do?atchFileId=FILE_000000000749585&fileSn=1,붙임 2. 2026년 장애인기업 공공판로 컨설팅 지원사업 신청서.hwp,"이메일 접수 (yunnnjh@naver.com) ※ PDF 1개 파일 병합하여 제출 순서대로 제 ※ 이메일 제목 : (기업명) 공공판로 컨설팅 신청서 ※ 제출서류는 일체 반환하지 아니하며, 발송 후 접수 여부를 필히 확인 요망 ※ 이메일 수신 일시 기준 접수, 신청기한 이후 제출 건에 대한 접수는 지원 불가","담당자 02-2039-3097, yunnnjh@naver.com",,2026-04-02 11:07:11,management_seoul.json,bizinfo
PBLN_000000000124055,2026년 재생에너지 금융지원사업 지원 변경 공고,기후에너지환경부,한국에너지공단,금융,예산 소진시까지,중소기업,전국_또는_지역미지정,,False,"소기업,시설자금","“2026년 재생에너지 금융지원사업” 공고(제2026-311호)에 대한 변경사항을 다음과 같이 공고합니다. ☞「신에너지 및 재생에너지 개발ㆍ이용ㆍ보급 촉진법」제2조에 따라 규정된 재생에너지 관련 시설물을 제조ㆍ생산 또는 설치하는 개인(협동조합 포함) 또는 기업 ※ 자세한 지원대상 공고문 참조 ☞ 시설자금, 생산자금 지원 - 시설자금 : 해당시설(중고설비 제외) 및 부대설비의 구입비, 설치ㆍ개수공사비(계통연계비 포함), 보수비·설계ㆍ감리비(기술도입비 포함) 및 시운전비 등에 한함(5,000kW초과 수력설비 제외) - 생산자금 : 재생에너지 전용 제품을 생산할 수 있는 시설(중고설비 제외) 및 제품의 주요 핵심부품 구매에 한하며, 공용화 품목을 제외한 소모성 부품 및 부속(원재료, 베어링 등) 생산시설, 타 제품 생산설비로 전용하여 사용할 수 있는 시설은 제외함 ※ 자세한 지원내용 공고문 참조",https://www.bizinfo.go.kr/sii/siia/selectSIIA200Detail.do?pblancId=PBLN_000000000124055,https://www.bizinfo.go.kr/cmm/fms/getImageFile.do?atchFileId=FILE_000000000763301&fileSn=1,(붙임) 2026년도 재생에너지 금융지원사업 지원 변경 공고.hwpx,,,온라인 접수 (신재생에너지센터 누리집),"한국에너지공단 신ㆍ재생에너지 콜센터 1855-3020 및 문의처 공고문 25p, 종합지원센터 문의처 공고문 27p 참조",https://www.knrec.or.kr/biz/main/main.do,2026-07-07 13:32:51,"finance_all.json,finance_seoul.json",bizinfo
PBLN_000000000125300,2026년 제4차 기업부설창작연구소(전담부서) 인정신청 공고,문화체육관광부,한국콘텐츠진흥원,경영,2026-08-03 ~ 2026-09-30,중소기업,전국_또는_지역미지정,,False,소기업,"문화체육관광부와 한국콘텐츠진흥원에서는 ‘2026년 제4차 기업부설창작연구소(전담부서) 인정심의’를 다음과 같이 공고하오니 본 제도의 인정을 희망하는 기관(기업)은 관련 규정 및 절차에 따라 신청하여 주시기 바랍니다. ☞ 문화산업진흥 기본법 제2조에서 정의하는 산업에 해당되는 사업자로 기업부설창작연구소 또는 기업창작전담부서 인정요건을 갖추어 설립하고 인정받고자 하는 기업(개인기업 포함) ※ 자세한 지원대상 공고문 참조 ☞ 법인세 세액공제, 벤처기업 요건 등의 혜택 등 지원 ※ 자세한 지원내용 공고문 참조 ※ 02_신청 매뉴얼.zip 출처 바로가기 내 첨부파일 참조",https://www.bizinfo.go.kr/sii/siia/selectSIIA200Detail.do?pblancId=PBLN_000000000125300,https://www.bizinfo.go.kr/cmm/fms/getImageFile.do?atchFileId=FILE_000000000768578&fileSn=1,01_공고문_2026년 제4차 기업부설창작연구소(전담부서) 인정신청 공고문+.pdf,,,온라인 접수 (기업부설창작연구소 시스템),(제출서류 작성) 한국문화기술기획평가원 전략혁신연구팀 042-330-6623 / (신청시스템(홈페이지)) 한국콘텐츠진흥원 IDC 042-330-6682,https://rnd.kocca.kr/c-lab/lab/anncDtl.do?ANNC_NO=202605,2026-08-11 09:25:00,management_seoul.json,bizinfo
PBLN_000000000118530,2026년 중소ㆍ중견 에너지효율 혁신 선도 프로젝트 선도기업 모집 공고,기후에너지환경부,한국에너지공단,경영,선착순 접수,중소기업,전국_또는_지역미지정,,False,소기업,"기후에너지환경부와 한국에너지공단에서는 산업체의 에너지 저소비ㆍ고효율 구조 전환을 지원하기 위한 「중소ㆍ중견 에너지 효율혁신 선도 프로젝트」의 선도기업을 다음과 같이 모집합니다. ☞ ‘25년도 기준 에너지사용량이 300toe 이상이면서 선도기업 사업 참여 이력이 없는 중소ㆍ중견기업 ☞ 기업의 사업 참여 신청 및 기준 충족 여부 검토를 통해 선도기업 지정 후 에너지 효율 투자 주기별 인센티브 지원 - 선도기업 지정, 진단, 투자, 관리 지원 ※ 자세한 지원내용 공고문 참조",https://www.bizinfo.go.kr/sii/siia/selectSIIA200Detail.do?pblancId=PBLN_000000000118530,https://www.bizinfo.go.kr/cmm/fms/getImageFile.do?atchFileId=FILE_000000000743879&fileSn=0,[첨부1]에너지효율혁신선도프로젝트선도기업모집안내.(1).pdf,https://www.bizinfo.go.kr/cmm/fms/getImageFile.do?atchFileId=FILE_000000000743880&fileSn=0@https://www.bizinfo.go.kr/cmm/fms/getImageFile.do?atchFileId=FILE_000000000743880&fileSn=1,[첨부2]선도기업모집별지서식.hwp@[별첨1]KEEP30참여기업리스트.(1).pdf,온라인 접수(중소ㆍ중견 에너지 효율혁신 선도프로젝트),"한국에너지공단 산업에너지처 산업기반팀 052-920-0393, 0396",https://min24.energy.or.kr/keep/,2026-02-13 10:02:34,management_seoul.json,bizinfo
PBLN_000000000123922,2026년 중소ㆍ중견기업 수입규제 대응 컨설팅 신청 공고,산업통상부,대한상공회의소,경영,2026-03-01 ~ 2026-12-31,중소기업,전국_또는_지역미지정,,False,소기업,"대한상공회의소는 전문 수행기관을 통해 국제무역에 참여하는 중소ㆍ중견기업 및 협ㆍ단체를 대상으로 수입규제 대응, 미국 무역확장법 제 232조 등 주요 통상 이슈 대응, 산업피해 대응을 위한 맞춤형 컨설팅을 제공합니다. ☞ 국제무역 종사기업 중 중소ㆍ중견기업, 협ㆍ단체 등 비영리법인 ☞ 수입규제 기본ㆍ심화 컨설팅, 산업피해 컨설팅, 철강ㆍ알루미늄 등 美무역확장법 232조 등 대응 컨설팅 지원",https://www.bizinfo.go.kr/sii/siia/selectSIIA200Detail.do?pblancId=PBLN_000000000123922,https://www.bizinfo.go.kr/cmm/fms/getImageFile.do?atchFileId=FILE_000000000762797&fileSn=0,2026년 중소·중견기업 수입규제 대응 컨설팅 안내.pdf,https://www.bizinfo.go.kr/cmm/fms/getImageFile.do?atchFileId=FILE_000000000762798&fileSn=0@https://www.bizinfo.go.kr/cmm/fms/getImageFile.do?atchFileId=FILE_000000000762798&fileSn=1@https://www.bizinfo.go.kr/cmm/fms/getImageFile.do?atchFileId=FILE_000000000762798&fileSn=2,2026 중소·중견기업 ڸ 232조 등 新유형 관세 대응 컨설팅 신청서_.hwp@2026 중소·중견기업 수입규제 대응 컨설팅 신청서 (기업)_.hwp@2026 중소·중견기업 수입규제 대응 컨설팅 신청서 (협단체)_.hwp,이메일 접수 (trade@korcham.net),"대한상공회의소 국제통상본부 02-6050-3683, 3369 / trade@korcham.net",,2026-07-03 10:03:56,management_seoul.json,bizinfo
PBLN_000000000118786,2026년 중소기업 K-뷰티론 정책자금 지원계획 공고,중소벤처기업부,중소벤처기업진흥공단,금융,예산 소진시까지,중소기업,전국_또는_지역미지정,,False,"소기업,정책자금","「중소기업진흥에 관한 법률」제66조 및 제67조에 따른 “2026년 중소기업 K-뷰티론 정책자금 지원계획”을 다음과 같이 공고합니다. ☞ 「중소기업기본법」 제2조에 따른 중소기업으로, 발주(추천)서 (붙임1) 또는 발주 증빙서류를 보유한 발주기업 - 신청일 기준, 주된 업종이 화장품 제조 등과 연관이 없고, 수주기업과 기존 거래이력이 없더라도 K-뷰티론 신청 가능 ☞ 기업 당 연간 3억원 이내 지원 - 발주(추천)서ㆍ발주 증빙 서류당 150백만원 이내, 기업당 연간 2회 신청 가능 ※ 자세한 지원내용 공고문 참조",https://www.bizinfo.go.kr/sii/siia/selectSIIA200Detail.do?pblancId=PBLN_000000000118786,https://www.bizinfo.go.kr/cmm/fms/getImageFile.do?atchFileId=FILE_000000000744460&fileSn=1,2026년_중소기업_K-뷰티론_정책자금_지원계획_공고.pdf,,,온라인 접수 (중진공 누리집),"중소기업 통합콜센터 (국번없이 1357), 정책자금 안내콜센터 (1811-3655)",https://digital.kosmes.or.kr/dh/map/main.do,2026-02-24 13:36:31,"finance_all.json,finance_seoul.json",bizinfo
PBLN_000000000120170,2026년 중소기업 기술분쟁 소송보험 지원사업 공고,중소벤처기업부,대중소기업농어업협력재단,금융,예산 소진시까지,중소기업,전국_또는_지역미지정,,False,소기업,"「중소기업 기술분쟁 소송보험 지원사업 을 다음과 같이 공고하오니, 동 사업에 참여하고자 하는 중소기업은 사업공고에 따라 신청하시기 바랍니다. ☞「중소기업기본법」제2조에 해당하는 중소기업 - 특허권, 임치기술, 실용신안권, 디자인권, 상표권을 보유한 국내 소재 중소기업 ☞ 연간 1회에 한하여, 기업 당 국내ㆍ외 보험상품 각각 1개만 지원 ※ 자세한 지원내용 공고문 참조",https://www.bizinfo.go.kr/sii/siia/selectSIIA200Detail.do?pblancId=PBLN_000000000120170,https://www.bizinfo.go.kr/cmm/fms/getImageFile.do?atchFileId=FILE_000000000749167&fileSn=0,2026년_중소기업_기술분쟁_소송보험_지원사업_공고.pdf,,,이메일 접수 (insurance@win-win.or.kr),"(사업 문의) 대ㆍ중소기업ㆍ농어업협력재단 소송보험 사업팀 02-368-8708, insurance@win-win.or.kr (보험 문의) DB손해보험 02-3011-5889",,2026-03-31 11:29:50,"finance_all.json,finance_seoul.json",bizinfo
PBLN_000000000117549,2026년 중소기업 동반성장 네트워크론 지원계획 공고,중소벤처기업부,중소벤처기업진흥공단,금융,예산 소진시까지,중소기업,전국_또는_지역미지정,,False,소기업,"「중소기업진흥에 관한 법률」 제66조 및 제67조에 따른 “2026년도 중소기업 동반성장 네트워크론 지원계획”을 다음과 같이 공고합니다. ☞ 「중소기업기본법」 제2조에 따른 중소기업으로, 중진공과 동반성장 협약을 체결한 발주기업이 추천한 수주기업 - 최근 3개년 결산재무제표(동일 사업자번호 기준)를 보유하면서, 발주기업과 최근 1년 이내 거래실적을 보유하고 있는 기업 - 대상채권 : 발주기업이 수주기업에 전송하는 발주서로, 발주서에 지정된 납품기한이 발주일로부터 1년 이내인 계약 ☞ 중소벤처기업진흥공단과 동반성장 협약을 체결한 발주기업이 추천하는 수주기업에 납품계약 이행을 위한 생산자금 대출 지원(예산 규모 1,395억원) - 건별 한도 : 발주기업이 발행한 발주서 금액의 80% 이내 - 연간 한도 : 수주기업 15억원, 발주기업은 규모별 차등 ※ 자세한 사항 공고문 참조",https://www.bizinfo.go.kr/sii/siia/selectSIIA200Detail.do?pblancId=PBLN_000000000117549,https://www.bizinfo.go.kr/cmm/fms/getImageFile.do?atchFileId=FILE_000000000741107&fileSn=0,2026년도_중소기업_동반성장_네트워크론_지원계획_공고.pdf,,,온라인 접수 (중진공 누리집),"중소기업 통합콜센터(국번없이 1357) / 정책자금 안내 콜센터(1811-3655) / 중진공 지역혁신금융팀(02-2130-1412,1416)",https://www.kosmes.or.kr/intro/intro_real.html,2026-01-19 10:13:11,"finance_all.json,finance_seoul.json",bizinfo
PBLN_000000000117563,2026년 중소기업 매출채권팩토링 지원계획 공고,중소벤처기업부,중소벤처기업진흥공단,금융,예산 소진시까지,중소기업,전국_또는_지역미지정,,False,소기업,"「중소기업진흥에 관한 법률」 제66조 및 제67조에 따른 “2026년도 중소기업 매출채권팩토링 지원계획”을 다음과 같이 공고합니다. ☞ 「중소기업기본법」 제2조에 따른 중소기업으로 최근 3개년 결산재무제표를 보유하고, 구매기업과 1년이상 거래 실적(최근 1년 내 3회이상)을 보유하고 있는 판매기업 - 대상채권 : 중소기업이 물품ㆍ용역을 제공하여 발생한 매출채권 ☞ 매출채권팩토링 지원 (예산규모 590억원) - 팩토링 한도 : 연간 한도 판매기업 10억원, 구매기업 30억원 이내 ※ 자세한 사항 공고문 참조",https://www.bizinfo.go.kr/sii/siia/selectSIIA200Detail.do?pblancId=PBLN_000000000117563,https://www.bizinfo.go.kr/cmm/fms/getImageFile.do?atchFileId=FILE_000000000741106&fileSn=0,2026년도_중소기업_매출채권팩토링_지원계획_공고.pdf,,,온라인 접수 (중진공 누리집),"중소기업 통합콜센터(국번없이 1357) / 정책자금 안내 콜센터(1811-3655) / 중진공 지역혁신금융팀(02-2130-1415,1416)",https://www.kosmes.or.kr/intro/intro_real.html,2026-01-19 09:55:36,"finance_all.json,finance_seoul.json",bizinfo
PBLN_000000000119131,2026년 중소기업 승계자문 프로그램 공고,중소벤처기업부,중소기업중앙회,경영,상시 접수,중소기업,전국_또는_지역미지정,,False,소기업,"중소기업중앙회에서 승계 진행(희망) 중소기업을 대상으로「중소기업 승계자문 프로그램」을 다음과 같이 공고하오니, 본 사업에 참여를 원하는 기업은 신청하여 주시기 바랍니다. ☞ 승계 진행(희망) 중소기업 ☞ 가업승계 관련 세무ㆍ법률 상담, 주식가치 평가 및 사업무관자산 비율에 따른 세부담액 추정 등 상담 지원",https://www.bizinfo.go.kr/sii/siia/selectSIIA200Detail.do?pblancId=PBLN_000000000119131,https://www.bizinfo.go.kr/cmm/fms/getImageFile.do?atchFileId=FILE_000000000745540&fileSn=0,중소기업 승계자문 프로그램.png,,,"전화, 온라인 접수(중소기업중앙회)",중소기업중앙회 기업경영정책실 02-2124-3148,https://www.kbiz.or.kr/ko/contents/contents/contents.do?mnSeq=1182,2026-03-05 10:46:15,management_seoul.json,bizinfo
PBLN_000000000124795,2026년 중소기업 정책자금 융자계획 변경 공고,중소벤처기업부,중소벤처기업진흥공단,금융,예산 소진시까지,중소기업,전국_또는_지역미지정,,False,"소기업,융자,이차보전,정책자금","「중소기업진흥에 관한 법률」 제66조 및 제67조에 따른 “2026년도 중소기업 정책자금 융자계획”을 다음과 같이 변경공고합니다. ☞「중소기업기본법」 제2조에 따른 중소기업으로 사업별 정책자금 신청대상에 해당하는 기업 ☞ 융자 및 이차보전 지원 - (융자) 기술ㆍ사업성 평가상 미래 성장 가능성이 높지만 민간 금융기관 이용이 어려운 기업에 직접ㆍ대리 대출 방식과 융자에 투자요소를 복합한 투융자(성장공유형대출, 투자조건부융자)방식으로 지원 - (이차보전) 고용 창출, 수출ㆍ매출 증대 등 국가경제 기여도가 높은 중소벤처기업의 성장 가속화를 위해 이차보전 방식으로 지원",https://www.bizinfo.go.kr/sii/siia/selectSIIA200Detail.do?pblancId=PBLN_000000000124795,https://www.bizinfo.go.kr/cmm/fms/getImageFile.do?atchFileId=FILE_000000000766361&fileSn=1,2026년도_중소기업_정책자금_융자계획_변경공고(제2026-464호).pdf,https://www.bizinfo.go.kr/cmm/fms/getImageFile.do?atchFileId=FILE_000000000766362&fileSn=1@https://www.bizinfo.go.kr/cmm/fms/getImageFile.do?atchFileId=FILE_000000000766362&fileSn=2@https://www.bizinfo.go.kr/cmm/fms/getImageFile.do?atchFileId=FILE_000000000766362&fileSn=3,2026년도_중소기업_정책자금_융자계획_변경공고(제2026-464호).hwpx@2026년도_중소기업_정책자금_융자계획_공고_참고자료.hwpx@2026년도_중소기업_정책자금_융자계획_공고_참고자료.pdf,온라인 접수 (중소벤처기업진흥공단),정책자금 전담콜센터 1811-3655 / 중소기업 통합콜센터 국번없이 1357,https://digital.kosmes.or.kr/dh/map/main.do?,2026-07-28 11:17:32,"finance_all.json,finance_seoul.json",bizinfo
PBLN_000000000122104,2026년 중소사업자 개인정보 안전조치 모니터링 지원 사업 공고,개인정보보호위원회,개인정보보호협회,경영,상시 접수,중소기업,전국_또는_지역미지정,,False,소기업,중소사업자의 개인정보 보호수준을 높이고 유출사고를 사전에 예방하기 위한 시범사업입니다. 이용자의 개인정보를 취급하는 중소사업자를 대상으로 자가진단 및 맞춤형 컨설팅을 지원하여 기업의 보안 역량을 강화하고 개인정보 유출 사고를 예방하기 위한 사업입니다. ☞ 중소기업법 제2조 및 동법 시행령 3조에 따른 중소기업에 해당하는 사업자 ☞ 기업 IT 환경 맞춤형 보안 컨설팅 - (취약점 점검) 개인정보를 처리하는 서비스 환경 전반에 대한 보안 진단 - (컨설팅 및 조치) 진단 결과 바탕 보안 컨설팅 및 취약점 조치 지원,https://www.bizinfo.go.kr/sii/siia/selectSIIA200Detail.do?pblancId=PBLN_000000000122104,https://www.bizinfo.go.kr/cmm/fms/getImageFile.do?atchFileId=FILE_000000000755930&fileSn=1,홍보물(수정).png,,,온라인 접수 (개인정보보호협회),개인정보보호협회 전략사업팀 02-550-9525,https://privacy-care.or.kr/,2026-05-18 13:07:17,management_seoul.json,bizinfo
PBLN_000000000123661,2026년 중소사업장 유해화학물질 취급시설 안전관리 지원 사업 참여 사업장 모집 공고,기후에너지환경부,한국환경공단,경영,2026-06-25 ~ 2026-10-30,중소기업,전국_또는_지역미지정,,False,소기업,"유해화학물질 취급시설 설치 및 관리기준 중 일부항목에 대한 지원을 통한 화학사고 사전예방 하고자 「중소사업장 유해화학물질 취급시설 안전관리 지원사업」 참여업체를 모집하니, 희망하는 기업은 아래의 절차에 따라 신청하여 주시기 바랍니다. ☞ 유해화학물질 취급시설 운영 중인 중소기업 ☞ 취급시설 별 화관법 검사항목 및 관련기준 내 표시 관련 개선 지원(제작 및 부착), 배관접합부 누출감지테이프 및 투명보호커버 부착, 화관법 관련 누출검지ㆍ경보설비 작동 확인 테스트 및 정기점검 유지관리, 추가안전관리방안 수행방법 기술 등 지원",https://www.bizinfo.go.kr/sii/siia/selectSIIA200Detail.do?pblancId=PBLN_000000000123661,https://www.bizinfo.go.kr/cmm/fms/getImageFile.do?atchFileId=FILE_000000000761735&fileSn=1,홍보리플렛_26년 중소사업장 유해화학물질 취급시설 안전관리 지원사업.pdf,https://www.bizinfo.go.kr/cmm/fms/getImageFile.do?atchFileId=FILE_000000000761736&fileSn=1,(붙임1) 「2026년도 유해화학물질 취급시설 안전관리 지원사업」모집 안내.hwp,온라인 접수 (한국환경공단),"한국환경공단 화학시설지원부 032-590-4986, 4988",https://www.safechem.or.kr,2026-06-26 13:36:53,management_seoul.json,bizinfo
PBLN_000000000120562,2026년 지식재산경영인증 멘토링 신청 공고,지식재산처,한국발명진흥회,경영,2026-04-01 ~ 2026-12-31,중소기업,전국_또는_지역미지정,,False,소기업,"지식재산처와 한국발명진흥회는 지식재산경영 도입 계획이 있거나, 지식재산 경영에 어려움을 겪고 있는 기업에 대해 지식재산경영 전문가를 파견하여 지식재산 경영인증 추진에 대한 컨설팅을 추진하고 있으니, 많은 신청 바랍니다. ☞ 지식재산 경영 도입 계획 기업, 지식재산 경영에 어려움을 겪고 있는 기업, 인증 신청 후 심사 탈락한 기업 ☞ 지식재산경영 전문가를 파견하여 지식재산 경영인증 추진에 대한 컨설팅 지원",https://www.bizinfo.go.kr/sii/siia/selectSIIA200Detail.do?pblancId=PBLN_000000000120562,https://www.bizinfo.go.kr/cmm/fms/getImageFile.do?atchFileId=FILE_000000000750447&fileSn=0,2026년도_지식재산경영인증_멘토링_신청안내_260401.pdf,,,온라인 접수(지식재산경영인증),"한국발명진흥회 발명문화홍보실 지식재산경영인증 02-3459-2838, ipcert@kipa.org",http://www.ripc.org/ipcert,2026-04-08 14:48:37,management_seoul.json,bizinfo
PBLN_000000000125199,2026년 지역SW산업발전 유공자 및 공모전 공고,과학기술정보통신부,정보통신산업진흥원,경영,2026-08-03 ~ 2026-09-30,중소기업,전국_또는_지역미지정,,False,소기업,"과학기술정보통신부는 지역SW산업발전에 기여한 유공자 및 지역 SW 사업 우수사례를 선정하여 표창하고자 ‘지역SW산업발전 유공자 및 공모전’을 다음과 같이 공고합니다. ☞ (유공자) 지역SW산업발전을 위한 정책ㆍ산업육성ㆍ기술개발에 기여한 자 ※ 자세한 지원대상 공고문 참조 ☞ 지역SW산업발전 유공자 포상, 지역SW산업발전 우수사례 공모전 시상 지원 ※ 자세한 지원내용 공고문 참조",https://www.bizinfo.go.kr/sii/siia/selectSIIA200Detail.do?pblancId=PBLN_000000000125199,https://www.bizinfo.go.kr/cmm/fms/getImageFile.do?atchFileId=FILE_000000000768117&fileSn=1,붙임1.-공고문2026년-지역SW산업발전-유공자-및-공모전.pdf,https://www.bizinfo.go.kr/cmm/fms/getImageFile.do?atchFileId=FILE_000000000768118&fileSn=1@https://www.bizinfo.go.kr/cmm/fms/getImageFile.do?atchFileId=FILE_000000000768118&fileSn=2@https://www.bizinfo.go.kr/cmm/fms/getImageFile.do?atchFileId=FILE_000000000768118&fileSn=3,붙임3.-양식-2026년-지역SW산업발전-우수사례-공모전-신청서류.hwp@붙임2.-양식-2026년-지역SW산업발전-유공자-포상-신청서류.hwp@최종-2026년-지역SW산업발전-유공자-및-공모전-포스터.pdf,이메일 접수 (swtest@rsw.or.kr),"지역SW산업발전협의회 정책사업팀 02-2132-2133~6, swtest@rsw.or.kr",,2026-08-07 09:31:42,management_seoul.json,bizinfo
PBLN_000000000117330,2026년 직무발명제도 규정 도입 여부 확인 신청 공고,지식재산처,한국발명진흥회,경영,2026-01-12 ~ 2026-11-30,중소기업,전국_또는_지역미지정,,False,소기업,"직무발명제도란 종업원이 개발한 직무발명을 기업이 승계ㆍ소유하도록 하고, 종업원에게는 직무발명에 대해 정당한 보상을 해주는 제도로, 한국발명진흥회에서는 기업이 직무발명제도 규정을 절차적으로 도입하였는지, 필수 항목을 포함하고 있는지 여부를 확인 신청을 받고있습니다. ☞ 직무발명제도 규정 도입 여부 확인을 원하는 중소기업 ☞ 기업의 직무발명제도 규정, 절차 등 요건 해당 여부 심사 및 확인서 발급 지원",https://www.bizinfo.go.kr/sii/siia/selectSIIA200Detail.do?pblancId=PBLN_000000000117330,https://www.bizinfo.go.kr/cmm/fms/getImageFile.do?atchFileId=FILE_000000000740488&fileSn=0,2026년 직무발명제도 규정 도입 여부 확인 신청 안내.png,https://www.bizinfo.go.kr/cmm/fms/getImageFile.do?atchFileId=FILE_000000000740489&fileSn=0,직무발명규정_도입_여부_확인제_신청안내_자료.pdf,온라인 접수(직무발명제도 홈페이지),"한국발명진흥회 발명진흥실 02-3459-2950, 2844, 2847",https://www.kipa.org/ip-job/index.jsp,2026-01-12 14:01:46,management_seoul.json,bizinfo
PBLN_000000000122428,2026년 콘텐츠 기업 노무 컨설팅 참가기업 모집 공고,문화체육관광부,한국콘텐츠진흥원,경영,예산 소진시까지,중소기업,전국_또는_지역미지정,,False,소기업,"한국콘텐츠진흥원은 일하는 방식 및 고용환경 변화에 따른 국내 콘텐츠 기업의 경쟁력 강화를 위해 기업 맞춤형 노무 컨설팅을 지원할 예정입니다. 콘텐츠 기업의 많은 관심과 참여 바랍니다. ☞ 콘텐츠 기업(개인/법인사업자) ※ 콘텐츠 기업 : 방송, 출판, 만화, 음악, 게임, 애니메이션, 캐릭터, 콘텐츠솔루션, 공연 등 ※ 상시근로자 수 : 공고 게시일로부터 제출일 이내 대표를 제외한 4대 보험 가입자명부 기준 ※ 중소기업기본법 시행령 제8조에 따른 중소기업이 아닌 경우 신청 불가 ※ 방송법 제2조 3호에 의거한 방송사업자 신청 불가 ☞ 노무 종합컨설팅 지원 - 기업별 기초진단, 수요 맞춤형 노무 종합컨설팅 제공(기업별 최대 5회 예정) - 컨설팅 결과보고서 등 제공, 노무 상시ㆍ사후 상담 지원",https://www.bizinfo.go.kr/sii/siia/selectSIIA200Detail.do?pblancId=PBLN_000000000122428,https://www.bizinfo.go.kr/cmm/fms/getImageFile.do?atchFileId=FILE_000000000757048&fileSn=0,붙임1. 공고문_2026년 콘텐츠 기업 노무 컨설팅 참가사 지원.hwp,https://www.bizinfo.go.kr/cmm/fms/getImageFile.do?atchFileId=FILE_000000000757049&fileSn=0,붙임2. 참가신청서_2026년 콘텐츠 기업 노무 컨설팅 참가사 지원.hwp,이메일 접수 (ear@kocca.kr),한국콘텐츠진흥원 02-2016-4169,,2026-05-26 14:52:44,management_seoul.json,bizinfo
PBLN_000000000120780,2026년 통상변화대응지원사업 참여기업 모집 공고,산업통상부,중소벤처기업진흥공단,경영,예산 소진시까지,중소기업,전국_또는_지역미지정,,False,"소기업,융자","통상조약 등의 이행으로 인한 피해 또는 피해 우려 기업 지원을 위한 「2026년 통상변화대응지원 사업」 참여기업 모집을 다음과 같이 공고합니다. ☞ 통상변화대응지원 기업으로 지정된 기업 ☞ 기술ㆍ경영 혁신 및 융자 지원 - (기술ㆍ경영 혁신지원) 중장기 경쟁력 향상을 위한 전문가 컨설팅 지원 - (융자지원) 업체당 60억원 한도, 고정금리 2%(운전 5억, 지방소재기업은 70억)",https://www.bizinfo.go.kr/sii/siia/selectSIIA200Detail.do?pblancId=PBLN_000000000120780,https://www.bizinfo.go.kr/cmm/fms/getImageFile.do?atchFileId=FILE_000000000751207&fileSn=1,(공고문) 2026년_통상변화대응지원사업_참여기업_모집_공고.hwpx,,,"중진공 본사 기업성장지원처 및 전국 지역본ㆍ지부(통상변화대응센터)를 통해 상담 및 신청ㆍ접수 - 통상변화대응기업 지정 : 신청기업이 신청서 및 통상영향(우려)입증서를 직접 작성하여 중진공 통상변화대응지원센터(중진공 지역본ㆍ지부)로 제출 - 기술ㆍ경영혁신 지원 : 중진공 통상변화대응지원센터로 신청서 제출 - 융자 지원 : 융자신청→ 융자평가(기술사업성, 미래성장성 등) → 지원결정 ※ 자세한 신청방법 공고문 참조","중소벤처기업진흥공단 기업성장지원처 통상변화대응지원팀 055-751-9703, 9708 및 지역본ㆍ지부 별첨1 참조",,2026-04-14 13:42:12,management_seoul.json,bizinfo
PBLN_000000000123736,2026년 퇴직공무원 사회공헌사업(방위사업 Bridge와 함께 참여해요) 컨설팅 참여기업 모집 공고,방위사업청,직접수행,경영,2026-06-25 ~ 2026-10-30,중소기업,전국_또는_지역미지정,,False,소기업,"본 사업은 인사혁신처에서 주관하고 청에서 운영하는 퇴직공무원 사회공헌사업으로, 방위사업청 퇴직공무원의 전문성을 활용하여 방위사업에 관심 있는 기업에 대한 컨설팅을 실시할 예정이오니, 관심있는 기업들은 아래의 양식에 따라 신청하여 주시기 바랍니다. ☞ 방위사업에 관심 있는 기업 ☞ 방위사업 절차, 방산원가 산정방법 및 원가 관련 규정, 청에서 주관하는 각종 지원사업 소개, 유관부서 안내 등 지원",https://www.bizinfo.go.kr/sii/siia/selectSIIA200Detail.do?pblancId=PBLN_000000000123736,https://www.bizinfo.go.kr/cmm/fms/getImageFile.do?atchFileId=FILE_000000000762058&fileSn=0,2026년 퇴직공무원 사회공헌사업 컨설팅 참여기업 모집 공고문(2차).hwp,,,이메일 접수(dapabridge@korea.kr),방위사업청 운영지원과 02-2079-6616,,2026-06-30 10:15:46,management_seoul.json,bizinfo
PBLN_000000000119239,2026년 한국산업은행 온렌딩 대출 제도 안내,금융위원회,KDB산업은행,금융,2026-03-06 ~ 2026-12-31,중소기업,전국_또는_지역미지정,,False,"소기업,시설자금,정책자금","온렌딩대출은 한국산업은행이 중소ㆍ중견기업을위하여 중개금융기관(은행 및 여신전문금융회사)에 자금을 공급하고 중개금융기관이 대상기업을 선정하여 대출을 실행하는 정책자금입니다. ☞ 국내 중소ㆍ중견기업 대상 ☞ 시설자금(최장10년), 운영자금(최장3년), 리스자금(최대 5년)의 장기간 대출 및 낮은 금리 지원",https://www.bizinfo.go.kr/sii/siia/selectSIIA200Detail.do?pblancId=PBLN_000000000119239,https://www.bizinfo.go.kr/cmm/fms/getImageFile.do?atchFileId=FILE_000000000745905&fileSn=1,(산업은행) 26년 온렌딩 리플렛 최종.pdf,,,방문 접수 - 접수처 : 평소 이용하는 은행 및 여신전문금융회사 영업점(중개금융기관),고객센터 1588-1500,,2026-03-09 10:29:23,"finance_all.json,finance_seoul.json",bizinfo
PBLN_000000000117291,2026년 한국식품산업클러스터진흥원 기업지원시설ㆍ장비 활용 지원사업 공고,농림축산식품부,한국식품산업클러스터진흥원,경영,예산 소진시까지,중소기업,전국_또는_지역미지정,,False,소기업,"한국식품산업클러스터진흥원은 「식품산업진흥법」 제12조의2에 따라 국가식품클러스터의 육성ㆍ관리와 참여기업 및 기관들의 활동을 효율적으로 지원하기 위하여 설립된 농림축산식품부 산하 공공기관입니다. 우리 진흥원은 국내 식품기업의 기술 경쟁력 강화를 지원하고자 「2026년도 기업지원시설ㆍ장비 활용 지원사업」을 아래와 같이 공고하오니 관심있는 기업의 많은 참여 바랍니다. ☞ 식품 관련 기업(국가식품클러스터 입주(분양ㆍ벤처)기업, 청년기업, 디지털식품정보플랫폼 가입기업 등) ☞ 국가식품클러스터 기업지원시설에 구축된 개방형 장비 (시험ㆍ분석, 생산)를 식품기업, 기관, 대학 등에 공동 활용지원 - (기술장비 활용) 기술장비의 직접 활용 및 KOLAS, 시험ㆍ검사기관, ISTA 등 인증을 기반으로 한 시험ㆍ분석 지원 - (생산장비 활용) 생산장비의 직접 활용 및 GMP, HACCP, 스마트 HACCP, 유기가공식품 인증시설 기반 시제품ㆍ소량 제품생산 지원",https://www.bizinfo.go.kr/sii/siia/selectSIIA200Detail.do?pblancId=PBLN_000000000117291,https://www.bizinfo.go.kr/cmm/fms/getImageFile.do?atchFileId=FILE_000000000740313&fileSn=0,[한국식품산업클러스터진흥원] 2026년 기업지원시설·장비 활용 지원사업 공고.hwp,,,온라인 접수(디지털식품정보플랫폼),한국식품산업클러스터진흥원 063-720-0500 / 센터별 담당자 연락처(이메일) 공고문 참조,https://foodpolis.kr/dfip,2026-01-09 13:58:05,management_seoul.json,bizinfo
PBLN_000000000124884,2026년 한국식품연구원 식품기술대상 모집 공고,농림축산식품부,한국식품연구원,경영,2026-07-28 ~ 2026-08-31,중소기업,전국_또는_지역미지정,,False,소기업,연구개발과 기술혁신을 적극적으로 추진하여 식품산업의 발전에 기여한 식품업체 종사자에 포상을 실시함으로써 제품개발에 대한 동기 부여 및 우리 식품기술의 우수성을 확산하고자「2026년 한국식품연구원 식품기술대상 모집」을 실시 합니다. 관심 있는 기업의 많은 참여를 바랍니다. ☞ 국내 식품산업체 - 대상제품 : 국내에서 생산 및 출시되는 식품 전 부문(김치류 제외) ☞ 과학기술정보통신부장관상 및 농림축산식품부장관상 수여 지원 ※ 자세한 지원내용 공고문 참조,https://www.bizinfo.go.kr/sii/siia/selectSIIA200Detail.do?pblancId=PBLN_000000000124884,https://www.bizinfo.go.kr/cmm/fms/getImageFile.do?atchFileId=FILE_000000000766779&fileSn=1,2026 한국식품연구원 식품기술대상 모집공고+.pdf,https://www.bizinfo.go.kr/cmm/fms/getImageFile.do?atchFileId=FILE_000000000766780&fileSn=1@https://www.bizinfo.go.kr/cmm/fms/getImageFile.do?atchFileId=FILE_000000000766780&fileSn=2,2026 한국식품연구원 식품기술대상 모집공고.hwp@2026 식품기술대상 포스터.pdf,이메일 접수 (ftaward@kfri.re.kr),한국식품연구원 기술지원사업화센터 식품기술대상 담당자 063-219-9856,,2026-07-30 09:35:11,management_seoul.json,bizinfo
PBLN_000000000123770,2026년 한국형 녹색채권 발행 이차보전 지원사업 추가 모집 공고,기후에너지환경부,한국환경산업기술원,금융,예산 소진시까지,중소기업,전국_또는_지역미지정,,False,"소기업,이차보전","「2026년 한국형 녹색채권 발행 이차보전 지원사업」 추가 모집 계획을 다음과 같이 공고하오니, 본 지원사업 참여를 희망하는 기업은 2026. 6. 29.(월)부터 환경책임투자 종합플랫폼(https://www.gmi.go.kr)을 통하여 신청하여 주시기 바랍니다. ☞ 2026년도 한국형 녹색채권 발행(예정) 기업 ☞ 한국형 녹색채권 발행 시 발생하는 이자비용 일부(참여기업별 최대 3억 원) 지원 ※ 자세한 지원내용 공고문 참조",https://www.bizinfo.go.kr/sii/siia/selectSIIA200Detail.do?pblancId=PBLN_000000000123770,https://www.bizinfo.go.kr/cmm/fms/getImageFile.do?atchFileId=FILE_000000000762160&fileSn=1,26년_지원사업_추가_공고문.pdf,https://www.bizinfo.go.kr/cmm/fms/getImageFile.do?atchFileId=FILE_000000000762161&fileSn=1@https://www.bizinfo.go.kr/cmm/fms/getImageFile.do?atchFileId=FILE_000000000762161&fileSn=2@https://www.bizinfo.go.kr/cmm/fms/getImageFile.do?atchFileId=FILE_000000000762161&fileSn=3,제출서류(붙임)_양식.zip@참고1._한국형_녹색채권_발행_이차보전_지원사업_운영규정_개정(안)_전문.pdf@참고2._녹색분류체계_일부_경제활동.zip,온라인 접수 (환경책임투자 종합플랫폼),"한국환경산업기술원 녹색투자지원실 02-2284-1964, 1974 / seungmin.lee@keiti.re.kr, pylon99@keiti.re.kr",https://www.gmi.go.kr,2026-06-30 13:38:41,"finance_all.json,finance_seoul.json",bizinfo
PBLN_000000000125819,2026년 해양수산 기업현장 방문행사(팸투어) 참여기업 모집 공고,해양수산부,해양수산과학기술진흥원,경영,2026-08-26 ~ 2026-09-07,중소기업,전국_또는_지역미지정,,False,소기업,"투자기관이 현장에 직접 방문하여 해양수산 기업의 투자를 검토하는 2026년 해양수산 현장방문행사(팸투어) 참여기업을 다음과 같이 모집하오니, 투자유치를 희망하는 해양수산 분야 창업ㆍ중소ㆍ벤처기업의 많은 참여 바랍니다. ☞ 투자유치를 희망하는 해양수산 분야 창업ㆍ중소ㆍ벤처기업 ☞ 투자자가 기업 현장에 직접 방문하여 제품, 사업장 규모, 제조설비, 보유인력 등을 파악하는 현장 방문형 투자검토 지원",https://www.bizinfo.go.kr/sii/siia/selectSIIA200Detail.do?pblancId=PBLN_000000000125819,https://www.bizinfo.go.kr/cmm/fms/getImageFile.do?atchFileId=FILE_000000000770723&fileSn=1,2026년 해양수산 현장방문행사(팸투어) 참여기업 모집공고_수정.pdf,https://www.bizinfo.go.kr/cmm/fms/getImageFile.do?atchFileId=FILE_000000000770724&fileSn=1,붙임 2026년 해양수산 기업현장방문행사(팸투어) 지원사업 신청서.hwp,온라인 접수 (바다봄 지식정보시스템),"(신청문의)해양수산과학기술진흥원 창업투자팀 02-3460-0373, ynkim212@kimst.re.kr / (운영문의) 한국벤처캐피탈협회 투자협력팀 02-3017-7067, invest@kvca.or.kr",https://badabom.go.kr/stup/pbanc/detail/view.do?pbancMngNo=S-ANN202600021,2026-08-26 11:26:36,management_seoul.json,bizinfo
PBLN_000000000124045,[서울] 2026년 서울기후테크산업지원센터 경영 및 기술컨설팅 공고,서울특별시,국가녹색기술연구소,경영,상시 접수,중소기업,서울_공통,,False,소기업,"국가녹색기술연구소는 서울시 내 중소기업 및 예비창업자를 위하여 다음과 같이 다양한 전문가 풀을 활용한 맞춤형 멘토링을 무료로 진행하고자 합니다. ☞ 서울시 소재 녹색분야 중소기업 및 예비창업자 -「중소기업기본법」제2조의 중소기업으로서, 본사 또는 지사(예비창업자의 경우 주소지) 의 서울시 소재 - 기획(개발), 판매 중인 제품(기술)의 에너지 절감, 온실가스 저감 등 환경 관련성 필요 ☞ 전문가 매칭 후 멘토링 지원(기업당 최대 3회)",https://www.bizinfo.go.kr/sii/siia/selectSIIA200Detail.do?pblancId=PBLN_000000000124045,https://www.bizinfo.go.kr/cmm/fms/getImageFile.do?atchFileId=FILE_000000000763269&fileSn=1,1. 2026 서울기후테크산업지원센터 경영 및 기술컨설팅(멘토링) 안내문.hwp,https://www.bizinfo.go.kr/cmm/fms/getImageFile.do?atchFileId=FILE_000000000763270&fileSn=1@https://www.bizinfo.go.kr/cmm/fms/getImageFile.do?atchFileId=FILE_000000000763270&fileSn=2,2. 멘토링_신청서_(기업명)_(멘토성명)_(차수)_(신청일자26.mm.dd).hwp@3. 시스템_정보활용_동의서(멘티).hwp,이메일 접수 (greeninfo@nigt.re.kr),"서울기후테크산업지원센터 02-6261-0884, greeninfo@nigt.re.kr",,2026-07-07 13:08:01,management_seoul.json,bizinfo
PBLN_000000000118398,[서울] 2026년 위험성평가 컨설팅 사업 대상 모집 공고,서울특별시,직접수행,경영,선착순 접수,중소기업,서울_공통,,False,소기업,"서울시에서는 50인 미만 소규모 사업장의 안전사고 예방 및 중대재해처벌법 대응ㆍ이해를 높이기 위하여 다음과 같이「서울시 위험성평가 컨설팅 사업」 대상을 모집합니다. ☞ 서울 소재 상시근로자 50인 미만 사업장 ☞ 사업장 안전전문가가 대상 사업장에 현장 방문하여 위험성평가 무료 컨설팅지원(기본 1회, 요청시 최대 3회)",https://www.bizinfo.go.kr/sii/siia/selectSIIA200Detail.do?pblancId=PBLN_000000000118398,https://www.bizinfo.go.kr/cmm/fms/getImageFile.do?atchFileId=FILE_000000000743509&fileSn=0,2026년 서울시 위험성평가 컨설팅 사업 대상 모집 공고문.hwp,https://www.bizinfo.go.kr/cmm/fms/getImageFile.do?atchFileId=FILE_000000000743510&fileSn=0,2026년 서울시 위험성평가 컨설팅 사업 신청서.hwp,이메일 또는 온라인 접수 - 이메일 : jieun111@seoul.go.kr - 온라인 : 구글 폼,서울특별시청 노동정책과 02-2133-5590,https://forms.gle/kPzFAinTDk9YeBiBA,2026-02-10 15:16:21,management_seoul.json,bizinfo
PBLN_000000000123915,[서울] 2026년 중소기업 워라밸 포인트제 적립 운영 공고(인증서 유효기간만료 및 포인트 추가 적립),서울특별시,서울시여성가족재단,경영,상시 접수,중소기업,서울_공통,,False,소기업,"서울시는 중소기업 임직원의 임신ㆍ출산ㆍ육아 및 일ㆍ생활 균형 제도 활용을 장려하고, 아이 키우기 좋은 기업문화를 확산하기 위해 「서울시 중소기업 워라밸 포인트제」를 운영하고 있습니다. 이와 관련하여 2024년ㆍ2025년 워라밸 포인트제에 가입하여 증서를 발급받은 기업을 대상으로 추가 포인트 적립 제도를 시행하오니, 추가 포인트 적립을 통해 증서 유효기간을 연장하고 향후 확대되는 다양한 인센티브 등 지속적인 혜택을 지원 받으시기 바랍니다. ☞ 워라밸 포인트제 인증 후 1년 이상 경과 기업 ☞ 2년 연장된 새로운 인증서 발급 지원 - 인센티브(현금지원 포함) 지속 이용 가능 - 추가 포인트 적립 시 인증 단계 업그레이드 가능",https://www.bizinfo.go.kr/sii/siia/selectSIIA200Detail.do?pblancId=PBLN_000000000123915,https://www.bizinfo.go.kr/cmm/fms/getImageFile.do?atchFileId=FILE_000000000762787&fileSn=0,2026 서울시 중소기업 워라밸 포인트제 적립 운영 안내.hwp,https://www.bizinfo.go.kr/cmm/fms/getImageFile.do?atchFileId=FILE_000000000762788&fileSn=0@https://www.bizinfo.go.kr/cmm/fms/getImageFile.do?atchFileId=FILE_000000000762788&fileSn=1,실적증빙자료.hwp@질문과 답변.hwp,온라인 접수 (서울시여성가족재단),서울시여성가족재단 일생활균형지원센터 02-810-5212,https://pointseoul.or.kr/,2026-07-03 09:36:49,management_seoul.json,bizinfo
PBLN_000000000117528,[서울] 2026년 중소기업육성기금 사회적경제계정 사회적경제기업 융자지원 계획 공고,서울특별시,서울신용보증재단,금융,예산 소진시까지,사회적기업,서울_공통,,False,"보증,소기업,육성기금,융자","「서울특별시 중소기업육성기금의 설치 및 운용에 관한 조례」제11조의2(사회적경제기업 지원 등) 및 제16조(지원계획의 공고 등)의 규정에 의하여 2026년도 서울특별시 중소기업육성기금사회적경제계정의 사회적경제기업에 대한 융자지원 계획을 다음과 같이 공고합니다. ☞ 서울특별시 소재 사회적경제기업, 소셜벤처, 기타 부처형ㆍ지역형 예비사회적기업 지정서 발급업체 ※ 자세한 지원대상 공고문 참조 ☞ 융자한도 업체당 최대 4억원 이내 지원 - 대출금리 : 연 1.75% / 상환조건 : 1년 거치 4년 원금균등 분할상환",https://www.bizinfo.go.kr/sii/siia/selectSIIA200Detail.do?pblancId=PBLN_000000000117528,https://www.bizinfo.go.kr/cmm/fms/getImageFile.do?atchFileId=FILE_000000000741038&fileSn=0,2026년도 서울특별시 중소기업육성기금 사회적경제계정 사회적경제기업 융자지원 계획 공고.pdf,,,"온라인 접수 (서울신용보증재단 모바일앱, 서울신용보증재단 누리집)",서울신용보증재단 고객센터 1577-6119,https://www.seoulshinbo.co.kr/,2026-01-16 13:32:45,"finance_all.json,finance_seoul.json",bizinfo
PBLN_000000000118093,[서울] 서초구 2026년 시중은행 협력자금 대출이자 지원 계획 공고,서울특별시,기초자치단체,금융,예산 소진시까지,중소기업,서울_자치구,서초구,False,"경영안정,소기업,운전자금","고물가, 고금리로 어려움을 겪고 있는 관내 중소기업의 경영안정을 도모하고 지역경제를 활성화를 위해「2026년 서초구 시중은행 협력자금 대출이자 지원계획」을 다음과 같이 공고합니다. ☞ 신청일 현재 서초구에 주사무소(본점)를 둔 중소기업 또는 서초구에 공장등록 된 제조업체 ☞ 대출금리 3% 이내 지원(업체 부담 금리 최소 1.5%) - 운전자금 업체당 2억원 이내",https://www.bizinfo.go.kr/sii/siia/selectSIIA200Detail.do?pblancId=PBLN_000000000118093,https://www.bizinfo.go.kr/cmm/fms/getImageFile.do?atchFileId=FILE_000000000742553&fileSn=0,2026년 서초구 시중은행 협력자금 대출이자 지원 계획 공고문(안).hwpx,https://www.bizinfo.go.kr/cmm/fms/getImageFile.do?atchFileId=FILE_000000000742554&fileSn=0@https://www.bizinfo.go.kr/cmm/fms/getImageFile.do?atchFileId=FILE_000000000742554&fileSn=1,지원제한업종.hwpx@2026년 시중은행 협력자금 대출신청서 및 사업계획서.hwpx,신한은행(관내 전지점)ㆍ우리은행(양재남금융센터점) 접수,"신한은행 서초구청지점 (02-6023-9856) / 서초구청 일자리경제과 (02-2155-8699) / 우리은행 양재남금융센터 (02-579-1840, 내선번호513)",,2026-02-02 13:28:54,"finance_all.json,finance_seoul.json",bizinfo
PBLN_000000000118098,[서울] 서초구 2026년 중소기업육성기금 융자지원 계획 공고,서울특별시,기초자치단체,금융,예산 소진시까지,중소기업,서울_자치구,서초구,False,"경영안정,보증,소기업,시설자금,운전자금,육성기금,융자","고물가, 고금리로 인해 자금난에 처한 관내 중소기업의 경영안정을 도모하고 지역경제를 활성화하고자「2026년 서초구 중소기업육성기금 융자지원 계획」을 다음과 같이 공고합니다. ☞ 신청일 현재 서초구에 주사무소(본점)를 둔 중소기업 또는 서초구에 공장등록 된 제조업체 ☞ 시설자금, 운전자금, 기술개발자금 업체당 5천만원 이내(융자금리 연 0.8%) 지원",https://www.bizinfo.go.kr/sii/siia/selectSIIA200Detail.do?pblancId=PBLN_000000000118098,https://www.bizinfo.go.kr/cmm/fms/getImageFile.do?atchFileId=FILE_000000000742547&fileSn=0,2026년 서초구 중소기업육성기금 융자지원 계획 공고문.hwpx,https://www.bizinfo.go.kr/cmm/fms/getImageFile.do?atchFileId=FILE_000000000742548&fileSn=0@https://www.bizinfo.go.kr/cmm/fms/getImageFile.do?atchFileId=FILE_000000000742548&fileSn=1,지원제한업종.hwpx@2026년 융자 신청서 및 사업계획서.hwpx,방문 접수 - 접수처 : 신한은행 서초구청지점 ※ 융자 신청 전 은행 및 보증기관에서 대출 가능여부를 상담받으시기 바랍니다.,서초구청 일자리경제과 경제진흥팀 02-2155-8699 / 신한은행 서초구청지점 02-6023-9856,,2026-02-02 14:03:07,"finance_all.json,finance_seoul.json",bizinfo
PBLN_000000000122153,[서울] 외식업 경영혁신 컨설팅 지원사업 컨설팅 참여업소 모집 공고,서울특별시,한국표준협회,경영,선착순 접수,중소기업,서울_공통,,False,소기업,"경영 부담으로 어려움을 겪는 서울시 내 외식업체에 맞춤형 컨설팅을 제공하여, 외식업 경쟁력을 강화하고 경영 안정화를 도모하고자 「외식업 경영혁신 컨설팅 지원」사업에 참여할 대상업소를 다음과 같이 모집합니다. ☞ 서울시 내 일반ㆍ휴게음식점 - 배달 가능 업체 - 포스기가 있거나 모바일 기반 업무 수행 가능자 ※ 자세한 지원대상 공고문 참조 ☞ 희망분야 1:1 맞춤형 컨설팅, 인센티브 등 지원 - 컨설팅 세부 분야 : 경영관리, 마케팅관리, 메뉴개발, 법률 - 인센티브 : 서울배달+땡겨요 앱 내 사장님 지원금 최대 60만원 제공 - 우수사례 선정 시 홍보용 숏폼 제작 지원",https://www.bizinfo.go.kr/sii/siia/selectSIIA200Detail.do?pblancId=PBLN_000000000122153,https://www.bizinfo.go.kr/cmm/fms/getImageFile.do?atchFileId=FILE_000000000756098&fileSn=0,공고문_외식업 경영혁신 컨설팅 지원 참여 업소 모집.hwpx,https://www.bizinfo.go.kr/cmm/fms/getImageFile.do?atchFileId=FILE_000000000756099&fileSn=0,모집포스터.png,온라인 접수 (구글 폼),한국표준협회 1533-5731,https://m.site.naver.com/280NV,2026-05-19 11:01:27,management_seoul.json,bizinfo
PBLN_000000000124982,개방형 XR 협업 플랫폼 서비스 아이디어 도출 경진대회 공고,과학기술정보통신부,한국과학기술정보연구원,경영,2026-07-22 ~ 2026-09-14,창업벤처,전국_또는_지역미지정,,False,,"2026년 7월 22일부터 2026년 9월 14일까지 '개방형 XR 협업 플랫폼 서비스 아이디어 도출 경진대회'가 열립니다. 행사에 대한 자세한 내용은 첨부파일을 참고하시면 됩니다. ☞ 개인 또는 팀 단위 참가 가능 (팀 구성 시 1팀 3명 이내) ☞ 한국과학기술정보연구원 원장상, 상금 지원 ※ 자세한 지원내용 공고문 참조",https://www.bizinfo.go.kr/sii/siia/selectSIIA200Detail.do?pblancId=PBLN_000000000124982,https://www.bizinfo.go.kr/cmm/fms/getImageFile.do?atchFileId=FILE_000000000767175&fileSn=0,0. 개방형_XR_협업플랫폼_아이디어_경진대회_공고.pdf,https://www.bizinfo.go.kr/cmm/fms/getImageFile.do?atchFileId=FILE_000000000767176&fileSn=0@https://www.bizinfo.go.kr/cmm/fms/getImageFile.do?atchFileId=FILE_000000000767176&fileSn=1,2. 개방형_XR_협업플랫폼_아이디어_경진대회_참가양식.hwpx@1. 개방형 XR 협업 플랫폼 주요 기능.pdf,이메일 접수 (oxr@kisti.re.kr),"한국과학기술정보연구원 오픈XR플랫폼융합연구단 042-869-1026, jeongyuna@kisti.re.kr",,2026-08-03 09:56:19,management_seoul.json,bizinfo
PBLN_000000000109049,의료기기산업 종합지원센터 상시 상담 프로그램 공고,보건복지부,한국보건산업진흥원,경영,상시 접수,중소기업,전국_또는_지역미지정,,False,소기업,"한국보건산업진흥원의「의료기기산업 종합지원센터」에서는 시장진출에 어려움을 겪는 의료기기기업의 사업화 지원을 위해 전주기 분야별 상담을 제공하고 있으니, 관심 있는 기업의 많은 참여 부탁드립니다. ☞ 의료기기기업, 의료기기 시장진출을 희망하는 기업(개인) ☞ 의료기기 전문가와 연계한 맞춤형 상담 지원 - 상담분야 : 국내허가, 보험등재, 신의료기술평가, 해외진출 및 인허가, 투자, 혁신형 의료기기기업 및 혁신의료기기군 제도 등",https://www.bizinfo.go.kr/sii/siia/selectSIIA200Detail.do?pblancId=PBLN_000000000109049,https://www.bizinfo.go.kr/cmm/fms/getImageFile.do?atchFileId=FILE_000000000712555&fileSn=0,250425_의료기기산업 종합지원센터 상시 상담 프로그램 안내.png,https://www.bizinfo.go.kr/cmm/fms/getImageFile.do?atchFileId=FILE_000000000712556&fileSn=0,첨부자료.zip,온라인 접수 (의료기기산업 종합정보시스템),의료기기산업 종합지원센터 1670-2622,https://www.khidi.or.kr/mdtis/supportCenter/scCertification?menuId=MENU03260,2025-05-12 09:08:48,management_seoul.json,bizinfo
PBLN_000000000117066,장애인고용개선장려금 사업 공고,고용노동부,한국장애인고용공단,금융,예산 소진시까지,장애인기업,전국_또는_지역미지정,,False,,"2026년 장애인고용개선장려금 사업 시행을 다음과 같이 공고합니다. ☞ 상시근로자 수가 50인 이상 100인 미만인 고용의무 미이행 사업주 ☞ 중증장애인 근로자 고용이 증가한 월부터, 증가한 인원에 대하여 최대 1년간 장애인고용개선장려금 지원 ※ 자세한 지원내용 공고문 참조",https://www.bizinfo.go.kr/sii/siia/selectSIIA200Detail.do?pblancId=PBLN_000000000117066,https://www.bizinfo.go.kr/cmm/fms/getImageFile.do?atchFileId=FILE_000000000739560&fileSn=0,2026년 장애인고용개선장려금 공고문(최종).hwp,,,"방문, 우편, 온라인 접수 - 접수처 : 사업체 본사 소재지를 관할하는 한국장애인고용공단 지역본부 및 지사(붙임) - 온라인 : e-신고시스템",한국장애인고용공단 대표전화 1588-1519 및 한국장애인고용공단 지역본부 및 지사 (공고문 참조),https://www.esingo.or.kr/,2025-12-31 13:20:42,"finance_all.json,finance_seoul.json",bizinfo
PBLN_000000000124883,제33회 기업혁신대상 모집 공고,산업통상부,대한상공회의소,경영,2026-07-29 ~ 2026-09-23,중소기업,전국_또는_지역미지정,,False,소기업,"대한상공회의소는 1994년부터 산업통상부와 공동으로「기업혁신대상」을 개최하고 있습니다. 올해 33회째를 맞이하는「기업혁신대상」은 우리 기업의 경영혁신과 ESG경영 모범사례 발굴ㆍ시상을 통해 기업들의 큰 호평을 받고 있습니다. 이번 시상에서는 특히 AI 등 첨단 기술의 산업 융합과 실질적인 ESG 가치 창출을 이루어낸 현장의 혁신 사례를 집중 조명하고자 합니다. 이에 대한민국 산업계를 선도할「기업혁신대상」의 새로운 주인공을 찾기 위해 다음과 같이 응모와 심사를 진행하오니 혁신 경영과 ESG 경영 실천을 주도하는 국내 우수 기업들의 많은 관심과 참여를 바랍니다. ☞ 국내에서 상공업을 영위하고 있는 모든 기업 ☞ 대통령상, 국무총리상, 산업통상부장관상, 대한상공회의소회장상 지원",https://www.bizinfo.go.kr/sii/siia/selectSIIA200Detail.do?pblancId=PBLN_000000000124883,https://www.bizinfo.go.kr/cmm/fms/getImageFile.do?atchFileId=FILE_000000000766755&fileSn=0,제33회 기업혁신대상 공고문 및 신청 양식.hwp,https://www.bizinfo.go.kr/cmm/fms/getImageFile.do?atchFileId=FILE_000000000766756&fileSn=0,제33회 기업혁신대상.pdf,이메일 및 방문 또는 우편 접수 - 접수처 : (04513) 서울특별시 중구 세종대로 39 상공회의소회관 19층 - 이메일 : hjyu@korcham.net,"대한상공회의소 회원CEO팀 02-6050-3422, hjyu@korcham.net",,2026-07-30 09:31:23,management_seoul.json,bizinfo
PBLN_000000000120591,조선ㆍ해양 배관 및 시운전 장비 공동활용 지원 사업 모집 공고(선박해양플랜트연구소 해양플랜트산업지원센터 구축 장비 공동 활용 사업),해양수산부,선박해양플랜트연구소,경영,2026-04-01 ~ 2026-10-30,중소기업,전국_또는_지역미지정,,False,소기업,"한국해양과학기술원 부설 선박해양플랜트연구소 해양플랜트산업지원센터(거제시 장목면)에서는 보유하고 있는 조선ㆍ해양플랜트 관련 배관 및 시운전 장비에 대하여 공동 활용하기 위한 사업을 진행합니다. 관심 있으신 기업의 많은 참여를 바랍니다. ☞ 전국의 중견ㆍ중소기업 산업계 지원(지역제한 없음) ☞ 장비 공동 활용 및 볼팅, 시운전 관련 교보재 등 지원 ※ 자세한 지원내용 공고문 참조",https://www.bizinfo.go.kr/sii/siia/selectSIIA200Detail.do?pblancId=PBLN_000000000120591,https://www.bizinfo.go.kr/cmm/fms/getImageFile.do?atchFileId=FILE_000000000750566&fileSn=1,[공고문]2026년 조선해양 배관 및 시운전(commissioning) 장비 공동활용 지원 사업.pdf,,,온라인 접수(해양플랜트서비스산업) ※ 홈페이지 접속오류발생시 메일 접수 : sjhan@kriso.re.kr,선박해양플랜트연구소 해양플랜트산업지원센터 sjhan@kriso.re.kr,https://www.offshorekorea.org/kor/infomation/,2026-04-09 11:10:06,management_seoul.json,bizinfo
PBLN_000000000122516,침해사고 예방을 위한 취약점 점검 무료 지원 모집 공고,과학기술정보통신부,한국인터넷진흥원,경영,2026-05-19 ~ 2026-12-11,중소기업,전국_또는_지역미지정,,False,소기업,"최근 기업 대상 개인정보 유출 및 랜섬웨어 감염 사례가 지속적으로 발생하는 것과 관련하여 과학기술정보통신부와 한국인터넷진흥원은 사이버 위협에 노출된 민간 기업 및 비영리 기관을 대상으로 홈페이지 및 IT자산에 대한 취약점 점검(ASM 활용)을 지원하고 있습니다. ☞ 도메인 또는 IP를 보유한 기업 및 비영리기관 ☞ 외부에 노출된 우리 회사 정보 확인, 해커가 노릴 수 있는 취약 지점 분석, 다크웹 유출 정보 탐지, 위험도별 결과 리포트 제공",https://www.bizinfo.go.kr/sii/siia/selectSIIA200Detail.do?pblancId=PBLN_000000000122516,https://www.bizinfo.go.kr/cmm/fms/getImageFile.do?atchFileId=FILE_000000000757376&fileSn=0,침해사고 예방을 위한 취약점 점검 무료 지원.pdf,,,온라인 접수 (마이크로소프트 폼),"한국인터넷진흥원 02-6419-1091, security_tech@aispera.com",https://forms.office.com/pages/responsepage.aspx?id=aViobQGMnEO-H6yHGDj2-NunmyPjjkxLuhiAb-GX0UJUMkZOTUlZQzRNMTFJMjFYVFYzNFdORlhCMy4u&route=shorturl,2026-05-28 13:18:39,management_seoul.json,bizinfo
PBLN_000000000125916,패션 브랜드 협업활성화 원단지원 기업 모집 공고(원단 제공기업 대상 디자인 협업 및 홍보ㆍ마케팅 지원),산업통상부,DYETEC연구원,경영,상시 접수,중소기업,전국_또는_지역미지정,,False,소기업,"다이텍연구원 미래의류연구소에서는 섬유소재기업과 패션기업의 동반성장과 디자이너의 창작활동을 지원하기 위한 작업 공간을 구축하고 있습니다. 이에 디자인 개발과 샘플 제작용 원단을 확보하고 참여기업의 소재 홍보ㆍ마케팅을 지원하고자 소재지원 기업을 모집하오니 많은 관심과 참여를 바랍니다. ☞ 패션 브랜드 및 디자이너의 디자인 개발 및 샘플 제작에 활용할 원단을 제공할 수 있는 국내 섬유ㆍ의류 소재기업 - 디자이너 및 패션 브랜드와의 협업을 통해 자사 원단과 소재의 홍보를 희망하는 기업 ☞ 창업연계 원단지원, 디자이너 연계 원단지원, 패션브랜드 협업 원단지원",https://www.bizinfo.go.kr/sii/siia/selectSIIA200Detail.do?pblancId=PBLN_000000000125916,https://www.bizinfo.go.kr/cmm/fms/getImageFile.do?atchFileId=FILE_000000000771093&fileSn=0,2026-08-27 15_38_33패션 브랜드 협업활성화 원단지원 기업 모집 공고.pdf,https://www.bizinfo.go.kr/cmm/fms/getImageFile.do?atchFileId=FILE_000000000771094&fileSn=0@https://www.bizinfo.go.kr/cmm/fms/getImageFile.do?atchFileId=FILE_000000000771094&fileSn=1@https://www.bizinfo.go.kr/cmm/fms/getImageFile.do?atchFileId=FILE_000000000771094&fileSn=2,2026-08-27 15_38_33[별첨1] 참가신청서 및 개인정보수집이용 동의서.pdf@2026-08-27 15_38_33[별첨2] 원단 공급형태 및 참여방법 안내.pdf@2026-08-27 15_38_33패션 브랜드 협업활성화 원단지원 기업 모집공고 포스터 (상시모집).pdf,"방문, 이메일, 팩스 접수 - 접수처 : (41706) 대구광역시 서구 달서천로 92 DYETEC연구원 섬유패션AX센터 - 이메일 : fabricdive@dyetec.or.kr - 팩스 : 053-350-3887 ※ 발송 후 전화 연락 바랍니다",DYETEC연구원 섬유패션AX센터 053-350-3908,,2026-08-28 13:16:57,management_seoul.json,bizinfo
PBLN_000000000125542,2026년 2차 강원 영동권 관광 가치이음 지원사업 모집 변경 공고,고용노동부,강원특별자치도경제진흥원,경영,2026-08-14 ~ 2026-08-31,중소기업,타지역,,False,소기업,"강원특별자치도와 강원특별자치도경제진흥원에서는 영동권(강릉, 동해, 속초, 삼척, 양양, 고성, 평창, 정선) 소재 관광기업체 간의 연계를 통한 신규 관광상품 개발을 목적으로「강원 영동권 관광 가치이음 지원사업」을 추진함에 따라 사업 참여를 희망하는 기업을 다음과 같이 모집하오니 많은 관심과 신청 바랍니다. ☞ 관광ㆍ서비스업 업종코드 대상 기업중 신청일 기준 근로자 5인 이상 고용 기업 - 사업지역 : 영동권 8개 시ㆍ군(강릉, 동해, 속초, 삼척, 평창, 정선, 고성, 양양) ☞ 지원사업을 신청한 관광기업체의 소재지 외 영동권 내 타 시군 소재 관광자원 간 연계, 신규 협업 관광상품 개발 비용 지원 (팸투어, 홍보콘텐츠 제작, 통합 브랜드 네이밍, 제품 제작 등) - 기업당 지원금 총 2,000만원 지원",https://www.bizinfo.go.kr/sii/siia/selectSIIA200Detail.do?pblancId=PBLN_000000000125542,https://www.bizinfo.go.kr/cmm/fms/getImageFile.do?atchFileId=FILE_000000000769530&fileSn=1,변경 공고문.pdf,https://www.bizinfo.go.kr/cmm/fms/getImageFile.do?atchFileId=FILE_000000000769531&fileSn=1,변경 공고문.hwp,이메일 접수 (wm6515643@gwep.or.kr) ※ 파일명 : (기업명) 영동권 관광가치 이음 지원사업(관광),"강원특별자치도경제진흥원 성장지원부 033-749-3396, 033-749-2606, wm6515643@gwep.or.kr",,2026-08-18 13:43:34,management_seoul.json,bizinfo
PBLN_000000000123900,2026년 2차 고양시 영상기업 활용 인센티브 사업 공고,경기도,고양산업진흥원,경영,2026-07-01 ~ 2026-11-15,중소기업,타지역,,False,소기업,"고양시와 고양산업진흥원은 국내 영상콘텐츠 제작사와 고양시 영상 기업의 협업을 촉진하기 위해 고양시 영상 기업 활용에 대한 인센티브 사업을 아래와 같이 시행합니다. 관련기업의 많은 신청 바랍니다. ☞ 국내 영상 콘텐츠 제작사, 고양 영상제작 협력기업 - 분야 : 국내 개봉 영화, 국내 방영 TV프로그램, OTT 상영 작품 ☞ 영상 콘텐츠 제작사와 고양 영상제작 협력기업 간 거래액의 일부 환급 지원",https://www.bizinfo.go.kr/sii/siia/selectSIIA200Detail.do?pblancId=PBLN_000000000123900,https://www.bizinfo.go.kr/cmm/fms/getImageFile.do?atchFileId=FILE_000000000762687&fileSn=0,2026년 고양시 영상기업 활용 인센티브 사업 공고문(2차).hwp,https://www.bizinfo.go.kr/cmm/fms/getImageFile.do?atchFileId=FILE_000000000762688&fileSn=0@https://www.bizinfo.go.kr/cmm/fms/getImageFile.do?atchFileId=FILE_000000000762688&fileSn=1,2026년 고양시 영상기업 활용 인센티브 사업 관리지침.hwp@2026년 고양시 영상기업 활용 인센티브 사업 안내서.hwp,온라인 접수(고양산업진흥원),"고양산업진흥원 미디어콘텐츠팀 031-960-7834, lsh85@gipa.or.kr",https://www.gipa.or.kr/apply/01.php?cate=1,2026-07-02 14:05:19,management_seoul.json,bizinfo
PBLN_000000000124641,2026년 3차 ESG공시 규제 대응 중소ㆍ중견 기업의 자발적 환경정보공개 지원사업 참여기업 모집 공고,기후에너지환경부,한국환경산업기술원,경영,2026-07-22 ~ 2026-08-31,중소기업,타지역,,False,소기업,"한국환경산업기술원에서는 2026년도 자발적 환경정보공개 지원사업 운영을 위해 참여기업을 다음과 같이 모집합니다. 참여를 희망하는 기업은 아래 내용과 같이 신청해 주시기 바랍니다. ☞「환경기술 및 환경산업 지원법」제16조의8에 따라 당해년도 환경정보공개 의무가 없는 중소ㆍ중견 기업 ☞ 참여기업 대상 제도 안내 및 교육 진행, 환경정보 등록을 위한 현장 컨설팅 2회 진행, 환경정보 공개를 위한 검증 대응지원 - 환경정보 산출을 위한 법인의 조직 경계 설정(사업장, 시설 등) - 기업별 이슈사항에 따른 등록 항목, 1:1 맞춤형 현장 컨설팅 진행",https://www.bizinfo.go.kr/sii/siia/selectSIIA200Detail.do?pblancId=PBLN_000000000124641,https://www.bizinfo.go.kr/cmm/fms/getImageFile.do?atchFileId=FILE_000000000765720&fileSn=1,[공고문] 자발적 환경정보공개 3차 모집 공고문.pdf,https://www.bizinfo.go.kr/cmm/fms/getImageFile.do?atchFileId=FILE_000000000765721&fileSn=0@https://www.bizinfo.go.kr/cmm/fms/getImageFile.do?atchFileId=FILE_000000000765721&fileSn=1@https://www.bizinfo.go.kr/cmm/fms/getImageFile.do?atchFileId=FILE_000000000765721&fileSn=2@https://www.bizinfo.go.kr/cmm/fms/getImageFile.do?atchFileId=FILE_000000000765721&fileSn=3,붙임1._환경정보공개_제도_개요.pdf@붙임2._환경정보공개제도_공개항목.pdf@붙임3._자발적_환경정보공개_참여_신청서.hwp@붙임4._개인정보_수집_및_이용_동의서.hwp,온라인 접수(환경정보공개시스템),"한국환경산업기술원 ESG 경영지원실 자발적 환경정보공개 담당 02-2284-1976, hyunari@keiti.re.kr",https://env-info.kr/member/self/apply.do,2026-07-23 10:59:35,management_seoul.json,bizinfo
PBLN_000000000120406,2026년 TIPS 연계 민간투자 성과확산 인센티브 지원사업 모집 공고,충청남도,충남콘텐츠진흥원,경영,상시 접수,중소기업,타지역,,False,소기업,"충남 천안 그린스타트업타운 입주기업에 대한 TIPS 운영사의 직접 투자(투자, TIPS 선정)를 지원하는 「2026 TIPS 연계 민간투자 성과확산 인센티브 지원」을 아래와 같이 추진하오니, 적극적인 관심과 신청 바랍니다. ☞ TIPS 민간 운영사면서 충남 천안 그린스타트업타운 회원(등록 예정)기관 ☞ 투자 금액 및 TIPS 유형별로 차등화된 인센티브 지원 ※ 자세한 지원내용 공고문 참조",https://www.bizinfo.go.kr/sii/siia/selectSIIA200Detail.do?pblancId=PBLN_000000000120406,https://www.bizinfo.go.kr/cmm/fms/getImageFile.do?atchFileId=FILE_000000000749987&fileSn=0,공고문 2026 TIPS 연계 민간투자 성과확산 인센티브 지원 공고문.pdf,https://www.bizinfo.go.kr/cmm/fms/getImageFile.do?atchFileId=FILE_000000000749988&fileSn=0@https://www.bizinfo.go.kr/cmm/fms/getImageFile.do?atchFileId=FILE_000000000749988&fileSn=1@https://www.bizinfo.go.kr/cmm/fms/getImageFile.do?atchFileId=FILE_000000000749988&fileSn=2@https://www.bizinfo.go.kr/cmm/fms/getImageFile.do?atchFileId=FILE_000000000749988&fileSn=3,별첨1 팁스운영사 현황.hwp@별첨2 충남천안그린스타트업타운 입주기업.기관 현황.hwp@별첨3 지원사업 안내서 및 신청양식_충남콘텐츠진흥원.hwp@별첨4 2026 그린스타트업타운 회원기관 상시모집_신청서.hwp,이메일 접수 (hj5897108@ccon.kr),충남콘텐츠진흥원 벤처창업본부 041-589-7108 / hj5897108@ccon.kr,,2026-04-06 11:27:57,management_seoul.json,bizinfo
PBLN_000000000117606,2026년 강릉시 단체관광객 유치 인센티브 지원계획 공고,강원특별자치도,기초자치단체,경영,예산 소진시까지,중소기업,타지역,,False,소기업,"우리 지역의 우수한 문화자원을 알리고 다양한 관광자원을 이용한 관광상품 개발 및 지역경제 활성화를 도모하고, 체류형 관광산업 확대를 위하여 내․외국인 단체관광객을 유치한 여행사에 대한 지원계획을 다음과 같이 공고합니다. ☞ 관광진흥법 제3조 및 제4조의 규정에 의한 여행업등록을 필한 여행업체로 우리시에 내ㆍ외국인 단체관광객, 수학여행단을 유치한 여행사 ☞ 단체관광객 유치(여행 1건당 최대 300만원까지) 지원 ※ 자세한 사항 공고문 참조",https://www.bizinfo.go.kr/sii/siia/selectSIIA200Detail.do?pblancId=PBLN_000000000117606,https://www.bizinfo.go.kr/cmm/fms/getImageFile.do?atchFileId=FILE_000000000741189&fileSn=0,2026년 강릉시 단체관광객 유치 인센티브 지원계획 공고(안).hwp,,,"방문 또는 우편 접수 - 접수처 : 강원특별자치도 강릉시 강릉대로 33, 강릉시청 관광정책과(관광마케팅부서) - 이메일 : xixing11@korea.kr ※ 사전 계획서는 메일 접수 가능, 전화로 접수 여부를 반드시 확인 ※ 사전 계획서는 여행 시작 3일 전까지 제출, 지원금 신청서는 여행 종료 후 15일 이내 제출","강릉시청 관광정책과 관광마케팅팀 033-640-5135, xixing11@korea.kr",,2026-01-19 14:53:32,management_seoul.json,bizinfo
PBLN_000000000121736,2026년 경남 관광객 유치 인센티브 지원계획 변경 공고,경상남도,직접수행,경영,예산 소진시까지,중소기업,타지역,,False,소기업,"「경상남도 관광진흥에 관한 조례」 제4조 또는 제6조에 따라 국내ㆍ외 관광객 유치 증대를 위한 「2026년 관광객 유치 인센티브 지원 변경 계획」을 다음과 같이 공고합니다. ☞ 관광진흥법 제3조 및 같은 법 시행령 제2조제1항에 의한 여행업체 ☞ 숙박비, 차량임차비, 크루즈 유치비, 전세기 유치비, OTA 상품 지원비 지원",https://www.bizinfo.go.kr/sii/siia/selectSIIA200Detail.do?pblancId=PBLN_000000000121736,https://www.bizinfo.go.kr/cmm/fms/getImageFile.do?atchFileId=FILE_000000000754544&fileSn=0,2026년+관광객+유치+인센티브+지원+변경+계획+공고문+.pdf,https://www.bizinfo.go.kr/cmm/fms/getImageFile.do?atchFileId=FILE_000000000754545&fileSn=0,2026년+관광객+유치+인센티브+지원+변경+계획+공고문.hwp,"온라인, 이메일, 우편 접수 - 온라인 : 경남관광 길잡이 누리집 - 이메일 : kntal@naver.com - 우편 : 경남관광협회(우 51408 경남 창원시 의창구 원이대로 362(대원동) 창원컨벤션센터(CECO) 1층) ※ 사전 관광객 유치 계획서 제출, 인센티브 지급 신청별 신청방법 상이 공고문 참조 ※ 제출 후 승인 여부 반드시 확인","경남관광협회 055-212-1345, 1346",https://tour.gyeongnam.go.kr/board/list.gyeong?boardId=BBS_0000861&menuCd=DOM_000009414004000000&contentsSid=9035&cpath=,2026-05-08 10:17:23,management_seoul.json,bizinfo
PBLN_000000000125046,2026년 경북 로케이션 제작지원 사업 추가 공고,경상북도,경북문화재단 콘텐츠진흥원,경영,예산 소진 시까지,중소기업,타지역,,False,소기업,"경북문화재단 콘텐츠진흥원에서는 지역 영상ㆍ영화산업 활성화를 위하여 아래와 같이 을 시행하오니, 영화, 드라마 등 영상 콘텐츠 제작사들의 많은 관심과 참여를 바랍니다. ☞ 경북에서 3회차 이상 촬영하는 국내 영상물(영화ㆍ드라마ㆍ예능ㆍ다큐) 제작사 - 영화, 드라마 제작업 등의 신고증을 보유한 제작 - 투자, 배급(방영)계약이 완료된 작품 - 국내 서비스 중인 플랫폼(방송사, OTT, 극장 등)에 방영 예정인 작품 ☞ 관내 소비액의 70% 이내 지원, 작품당 최대 7천만원 지급 가능 ※ 자세한 지원내용 공고문 참조",https://www.bizinfo.go.kr/sii/siia/selectSIIA200Detail.do?pblancId=PBLN_000000000125046,https://www.bizinfo.go.kr/cmm/fms/getImageFile.do?atchFileId=FILE_000000000767437&fileSn=1,공고문(추가).pdf,https://www.bizinfo.go.kr/cmm/fms/getImageFile.do?atchFileId=FILE_000000000767438&fileSn=1,신청서(경북).hwpx,온라인 접수(경북로케이션),"경북문화재단 콘텐츠진흥원 미디어융합팀 054-840-7012, abcd@gacf.kr",https://www.location.or.kr/gblocation/support/gblocation#!,2026-08-04 10:22:54,management_seoul.json,bizinfo
PBLN_000000000117336,2026년 고령군 국내ㆍ외 단체 관광객 유치 여행사(기관) 인센티브 지원 공고,경상북도,기초자치단체,경영,예산 소진시까지,중소기업,타지역,,False,소기업,"고령군에서는 관광객 유치 증대를 도모하기 위하여 단체관광객을 유치한 여행사(기관)에 대하여 인센티브를 제공하고자 아래와 같이 공고하오니 전국 여행업체의 많은 관심과 참여 바랍니다. ☞ 여행업 등록(관광진흥법 제4조)을 필한 여행사, 고령군과 관광 관련 업무 협약을 맺은 기관 ☞ 국내ㆍ외 단체 관광객 유치 여행사(기관) 인센티브 지원 ※ 자세한 지원내용 공고문 참조",https://www.bizinfo.go.kr/sii/siia/selectSIIA200Detail.do?pblancId=PBLN_000000000117336,https://www.bizinfo.go.kr/cmm/fms/getImageFile.do?atchFileId=FILE_000000000740501&fileSn=0,2026년+고령군+국내외+단체관광객+유치+여행사(기관)+인센티브+지원+공고문.hwp,,,"방문, 우편, 이메일 접수 - 주소 : 경북 고령군 대가야읍 대가야로 1216, 관광진흥과 (우 40140) - 이메일 : kgy0601@korea.kr ※ 사전계획서 제출 및 인센티브 지급 신청방법 상이(공고문 참조)",고령군 관광진흥과 관광마케팅팀 054-950-6663,,2026-01-12 14:28:57,management_seoul.json,bizinfo
PBLN_000000000117523,2026년 공주시 단체관광객 유치 여행사 인센티브 지원사업 공고,충청남도,기초자치단체,경영,예산 소진시까지,중소기업,타지역,,False,소기업,"공주시 「관광진흥 지원 조례」 제4조제1호에 따라 체류형 관광을 확대하고 지역 관광산업의 지속 가능한 성장을 도모하기 위하여, 단체 관광객을 유치한 여행사를 대상으로 인센티브를 지원하고자 다음과 같이 공고하오니 많은 관심과 적극적인 참여를 바랍니다. ☞ 사전계획서를 여행 7일전까지 공주시 관광과에 사전 제출하여 협의 완료된 「관광진흥법」 제3조ㆍ제4조 및 동법 시행령 제2조에 따른 여행업 등록업체 ☞ 서류심사(관광유형 및 인원수 등)에 따른 인센티브 지원",https://www.bizinfo.go.kr/sii/siia/selectSIIA200Detail.do?pblancId=PBLN_000000000117523,https://www.bizinfo.go.kr/cmm/fms/getImageFile.do?atchFileId=FILE_000000000741010&fileSn=0,★공고문(2026년 공주시 단체관광객 유치 여행사 지원사업_최종).hwp,,,"방문ㆍ우편ㆍ이메일ㆍ팩스신청 - 접수처 : 충남 공주시 봉황로 1, 공주시청 관광과 인센티브 담당자 앞 - 이메일 : mingyu1412@korea.kr - 팩스 : 041-840-3719 ※ 온라인 및 팩스 신청시 전화로 접수여부 확인 필수(신청자) - 접수확인처 : 041-840-8386","공주시 관광과 관광정책팀 (전화)041-840-8386, (팩스) 041-840-3719, (이메일) mingyu1412@korea.kr",,2026-01-16 10:58:39,management_seoul.json,bizinfo
PBLN_000000000117575,2026년 괴산군 단체관광객 유치 여행사 인센티브 지원계획 공고,충청북도,기초자치단체,경영,예산 소진시까지,중소기업,타지역,,False,소기업,"괴산군 관광객 유치 증대 및 관광산업 활성화를 도모하기 위한 “2026년 단체관광객 유치여행사 인센티브 지원 계획”을 다음과 같이 공고하오니 많은 관심과 참여 바랍니다. ☞ 관광진흥법 제3조 및 제4조의 규정에 의한 여행업 등록을 필한 여행사 ☞ 단체관광객 유치 인센티브 지원 - 단체관광 1인당 10,000원~20,000원, 열차관광 대당 450,000원~600,000원 지원 ※ 자세한 사항 공고문 참조",https://www.bizinfo.go.kr/sii/siia/selectSIIA200Detail.do?pblancId=PBLN_000000000117575,https://www.bizinfo.go.kr/cmm/fms/getImageFile.do?atchFileId=FILE_000000000741138&fileSn=0,2026년 단체관광객 유치여행사 인센티브 지원계획 공고문(괴산군) .hwp,,,"방문 또는 우편 접수 - 접수처 : 우28026, 충북 괴산군 괴산읍 임꺽정로 90, 문화관광과 ※ 단, 사전계획서는 팩스 및 메일 제출 가능 - 이메일 : bbubba1@korea.kr - 팩스 : 043-834-3018",괴산군 문화관광과 043–830–3455,,2026-01-19 11:01:42,management_seoul.json,bizinfo
PBLN_000000000117505,2026년 남원시 국내외 관광객 유치 인센티브 지원 사업 공고,전북특별자치도,기초자치단체,경영,예산 소진시까지,중소기업,타지역,,False,소기업,남원시의 다양한 문화관광자원과 연계한 관광객을 유치하여 관광산업과 지역경제 활성화를 도모하기 위하여 「2026년도 남원시 국내외 관광객 유치 인센티브 지원 사업」을 다음과 같이 공고합니다. ☞ 관광진흥법 제3조 및 제4조 제1항에 따라 여행업 등록을 필한 여행사 ☞ 내ㆍ외국인 단체관광객 유치한 여행사에 대해 인센티브 지원 ※ 지원금액 공고문 참조,https://www.bizinfo.go.kr/sii/siia/selectSIIA200Detail.do?pblancId=PBLN_000000000117505,https://www.bizinfo.go.kr/cmm/fms/getImageFile.do?atchFileId=FILE_000000000740940&fileSn=0,(공고문)2026년 국내외 관광객 유치 인센티브 지원 사업 공고.hwp,,,"방문 또는 우편 접수 - 접수처 : 전북 남원시 시청로 60, 남원시청 관광과 관광마케팅 ※ 사전계획서는 이메일 가능","전북 남원시 시청로 60, 남원시청 관광과 관광마케팅 063-620-6164, 6165 / yh2jung@korea.kr",,2026-01-15 14:07:57,management_seoul.json,bizinfo
PBLN_000000000124940,2026년 대경권(대구) 지역혁신클러스터육성(비R&D) 기업지원 수혜기업 상시 모집 공고,산업통상부,대구테크노파크,경영,모집 마감시,중소기업,타지역,,False,소기업,"산업통상부와 대구광역시가 지원하는「2026년 대경권 지역혁신클러스터육성(비R&D)」기업지원 프로그램 수혜기업을 상시 모집하오니 모빌리티 부품ㆍSW 분야 대구 지역기업의 많은 관심과 신청바랍니다. ☞ 다음 요건에 모두 해당 ①, ② 하여야 함 ① 소재지 : 접수 마감일 기준 대구지역혁신융복합단지 지구 지번 내 사업장(본사, 공장, 연구소 등)이 소재하거나 지원기간 내 이전 예정인 기업 ② 특화산업 : 대구지역혁신클러스터 코드 20개 중 해당 ※ 공고문 참고 - (지원분야) 모빌리티 부품ㆍSW ☞ 대경권 공동 기술 사업화, R&D 연계 신속화, 모빌리티 SW품질 컨설팅 및 테스팅ㆍ인증, BM 개발 컨설팅, 기회발전 특구 맞춤형 패키지, 제품 고급화, 국내ㆍ외 전시회 공동관, 해외 판로개척 지원 ※ 자세한 지원내용 공고문 참조",https://www.bizinfo.go.kr/sii/siia/selectSIIA200Detail.do?pblancId=PBLN_000000000124940,https://www.bizinfo.go.kr/cmm/fms/getImageFile.do?atchFileId=FILE_000000000766937&fileSn=0,2026년 대경권(대구) 지역혁신클러스터(비R&D) 기업지원 수혜기업 상시 모집공고문.pdf,https://www.bizinfo.go.kr/cmm/fms/getImageFile.do?atchFileId=FILE_000000000766938&fileSn=0@https://www.bizinfo.go.kr/cmm/fms/getImageFile.do?atchFileId=FILE_000000000766938&fileSn=1@https://www.bizinfo.go.kr/cmm/fms/getImageFile.do?atchFileId=FILE_000000000766938&fileSn=2,(첨부 3) 프로그램 세부내용.hwp@(첨부 1) 프로그램별 신청서식.zip@(첨부 2) 대구 지역혁신융복합단지 지구지정 정보.hwpx,온라인 접수 (지역산업진흥원 기업지원접수시스템),"(프로그램①~⑤) 대구지역 산업진흥원 053-818-9594, 7849@riia.or.kr / (프로그램⑥~⑧) 대구테크노파크 053-757-4164, 4163, ojlee@dgtp.or.kr, yellowmoons@dgtp.or.kr",https://www.riis.or.kr/html/pbanc/pbancList.do,2026-07-30 14:31:05,management_seoul.json,bizinfo
PBLN_000000000121068,2026년 대전 유성구 단체관광객 유치 여행사 인센티브 지원계획 공고,대전광역시,기초자치단체,경영,예산 소진시까지,중소기업,타지역,,False,소기업,대전광역시 유성구 관광객 유치 증대 및 지역경제 활성화를 위한 을 아래와 같이 공고하오니 많은 참여 바랍니다. ☞ 「관광진흥법」 제4조에 따라 등록된 여행사 ☞ 단체관광객 유치 시 인센티브 지원 ※ 자세한 사항 공고문 참조,https://www.bizinfo.go.kr/sii/siia/selectSIIA200Detail.do?pblancId=PBLN_000000000121068,https://www.bizinfo.go.kr/cmm/fms/getImageFile.do?atchFileId=FILE_000000000752158&fileSn=1,2026년도 단체관광객 유치 여행사 인센티브 지원 공고.pdf,https://www.bizinfo.go.kr/cmm/fms/getImageFile.do?atchFileId=FILE_000000000752160&fileSn=1,2026년도 단체관광객 유치 여행사 인센티브 지원 공고.hwp,"※ 사전, 지급 신청 상이하므로 자세한 사항 공고문 참조 - 사전신청서 : 방문, 팩스, 이메일, 우편 - 지급신청서 : 방문 또는 우편(우편의 경우 도착일을 신청접수일로 간주) - 접수처 : (34139) 대전광역시 유성구 대학로 211 (어은동) 문화관광체육과 - 이메일 : heylinzy@korea.kr - 팩스 : 042-611-2137 ※ 팩스 및 이메일 발송한 경우 반드시 042-611-2127로 확인 요청 바랍니다.",담당자 042-611-2127,,2026-04-21 11:32:01,management_seoul.json,bizinfo
PBLN_000000000121718,2026년 디지털트윈 플랫폼 활용 수요기업 모집 수정 공고(디지털트윈 융합 의료혁신 선도사업),과학기술정보통신부,강원테크노파크,경영,상시 접수,중소기업,타지역,,False,소기업,"강원테크노파크에서는 디지털트윈 플랫폼을 활용하여 디지털트윈 기반 의료기기 및 디지털 헬스케어 산업의 고도화를 위한 전문 컨설팅을 제공하고자, 다음과 같이 수요기업을 모집합니다. 디지털 기술을 접목한 신제품 개발 또는 기존 제품의 디지털 전환을 희망하는 기업의 많은 참여를 바랍니다. ☞ 의료기기 및 디지털헬스케어 분야 제조 및 서비스 관련 기업 중 디지털트윈 플랫폼을 활용하여 해당질환분야 제품(서비스) 고도화 및 개발 희망 기업 ☞ 기술ㆍ사업화 컨설팅(3회, 1:1 기업ㆍ전문가 매칭) 지원 ※ 자세한 지원내용 공고문 참조",https://www.bizinfo.go.kr/sii/siia/selectSIIA200Detail.do?pblancId=PBLN_000000000121718,https://www.bizinfo.go.kr/cmm/fms/getImageFile.do?atchFileId=FILE_000000000754422&fileSn=0,[붙임 1] 2025년 디지털트윈 플랫폼 활용 수요기업 모집 공고_배포용.pdf,https://www.bizinfo.go.kr/cmm/fms/getImageFile.do?atchFileId=FILE_000000000754423&fileSn=0@https://www.bizinfo.go.kr/cmm/fms/getImageFile.do?atchFileId=FILE_000000000754423&fileSn=1@https://www.bizinfo.go.kr/cmm/fms/getImageFile.do?atchFileId=FILE_000000000754423&fileSn=2,[참고] 디지털트윈 융합 의료혁신 선도사업_리플렛.pdf@[붙임 1] 2025년 디지털트윈 플랫폼 활용 수요기업 모집 공고_배포용_.pdf@[붙임 2] 사업신청서.hwp,이메일 접수 ( rladufma@gwtp.or.kr),"강원테크노파크 강원디지털혁신센터 DX지원팀 070-4120-0309, rladufma@gwtp.or.kr",,2026-05-07 14:49:51,management_seoul.json,bizinfo
PBLN_000000000117620,2026년 삼척시 단체관광객 유치 여행사 인센티브 지원계획 공고,강원특별자치도,기초자치단체,경영,예산 소진시까지,중소기업,타지역,,False,소기업,"삼척시의 다양한 문화ㆍ축제ㆍ관광자원을 이용한 관광상품 개발 및 지역 경제 활성화를 도모하기 위하여 내ㆍ외국인 체류 관광객을 유치한 여행사에 대한 인센티브 지원계획을 다음과 같이 공고합니다. ☞ 「관광진흥법」제3조, 제4조에 의한 여행업등록 여행사(인터넷 여행사 포함) ☞ 단체관광객 유치(당일관광, 숙박관광, 수학여행단 등) 인센티브 지원 ※ 자세한 지원내용 공고문 참조",https://www.bizinfo.go.kr/sii/siia/selectSIIA200Detail.do?pblancId=PBLN_000000000117620,https://www.bizinfo.go.kr/cmm/fms/getImageFile.do?atchFileId=FILE_000000000741248&fileSn=0,2026년 삼척시 단체관광객 유치 여행사 인센티브 지원계획 공고.hwp,,,"이메일 접수 후 방문 또는 우편 접수 - 접수처 : 삼척시 중앙로 296, 삼척시청 관광정책과(관광마케팅) - 이메일 : eggtart@korea.kr - 팩스 : 033-570-3141 ※ 사전 계획서는 팩스,메일 접수 가능, 전화로 접수 여부를 반드시 확인 ※ 사전 계획서는 여행 시작 3일 전까지 제출, 지원금 신청서는 여행 종료 후 제출 ※ 자세한 사항 공고문 참조",삼척시청 관광정책과(관광마케팅) 033-570-3077,,2026-01-20 10:50:54,management_seoul.json,bizinfo
PBLN_000000000122893,2026년 세종테크밸리 첨단기업 유치 임차료 지원사업 희망기업(임차기업) 모집 수정 공고,세종특별자치시,세종테크노파크,경영,모집 완료시,중소기업,타지역,,False,소기업,"세종특별자치시와 세종테크노파크는 세종테크밸리 활성화 및 기업지원 인프라 강화를 위하여 아래와 같이 「첨단기업 유치 임차료 지원사업」의 희망기업을 모집하오니, 관심 있는 기업의 많은 참여 바랍니다. ☞ 시외에서 세종테크밸리로 이전(본사) 또는 신설(공장, 연구소)을 희망하는 중소기업 - 세종테크밸리 입주대상 업종에 부합 (제1ㆍ2종 근린생활시설은 제외) - (업종) 세종시 미래전략산업(5+1) 분야 기업 ※ 최종 선정 기업은 세종시 내 본사 또는 사업장(공장 및 연구소)에 대한 사업자등록 필수 ☞ 사무실 임차료(지원한도 최대 20백만원 이내(연간), 최초 선정일 부터 최대 지원기간 24개월 까지), 사무실 조성 공사비(지원한도 5백만원 이내, 최초 1개월 내 1회)지원",https://www.bizinfo.go.kr/sii/siia/selectSIIA200Detail.do?pblancId=PBLN_000000000122893,https://www.bizinfo.go.kr/cmm/fms/getImageFile.do?atchFileId=FILE_000000000758802&fileSn=1,붙임+1.+2026년+세종테크밸리+첨단기업+유치+임차료+지원사업+희망기업임차기업+모집+수정+공고문+.pdf,https://www.bizinfo.go.kr/cmm/fms/getImageFile.do?atchFileId=FILE_000000000758803&fileSn=0,붙임+2.+2026년+세종테크밸리+첨단기업+유치+임차료+지원사업+희망기업임차기업+모집+신청서식.hwp,이메일 접수 (smes@sjtp.or.kr) ※ 제출완료 후 확인전화 필수(누락방지),세종TP 기업지원단 기업성장지원팀 044-850-2147 및 임대건물별 임대담당자 문의처 출처 바로가기 내 공고문 참조,,2026-06-08 14:31:29,management_seoul.json,bizinfo
PBLN_000000000117958,2026년 세종특별자치시 단체관광객 유치 여행사 인센티브 지원사업 계획 공고,세종특별자치시,직접수행,경영,예산 소진시까지,중소기업,타지역,,False,소기업,세종특별자치시에서 단체관광객 유치를 통한 지역 관광 활성화를 위하여 “2026년 세종특별자치시 단체관광객 유치 여행사 인센티브 지원사업 계획”을 다음과 같이 공고하오니 많은 관심과 참여 바랍니다. ☞ 「관광진흥법」제3조 및 제4조에 따른 여행업 등록을 필한 여행업체 ☞ 단체관광객 유치 시 지급기준에 따라 인센티브 지원,https://www.bizinfo.go.kr/sii/siia/selectSIIA200Detail.do?pblancId=PBLN_000000000117958,https://www.bizinfo.go.kr/cmm/fms/getImageFile.do?atchFileId=FILE_000000000742134&fileSn=0,★260128 2026 세종시 국내외 단체관광객 유치 여행사 인센티브 지원 계획 공고.hwp,,,"우편 또는 방문, 이메일 접수 - 접수처 : 세종시 한누리대로 2130, 세종시청 관광진흥과(관광진흥팀) - 이메일 : oojyy323@korea.kr ※ 사전 계획 신청 접수는 방문, 우편 및 이메일 접수 / 인센티브 지급 신청 접수 방문 또는 우편 접수 ※ 사전 계획서는 여행 시작 5일 전까지 제출, 인센티브 신청서는 여행 종료 후 20일 이내 제출 ※ 자세한 사항 공고문 참조","세종시청 관광진흥과(관광진흥팀) 044-300-5832, oojyy323@korea.kr",,2026-01-29 11:28:56,management_seoul.json,bizinfo
PBLN_000000000118285,2026년 실감콘텐츠 스튜디오 프로젝트 현물지원기업 모집 공고,전남광주통합특별시,광주정보문화산업진흥원,경영,2026-02-02 ~ 2026-12-01,중소기업,타지역,,False,소기업,"실감콘텐츠 제작 스튜디오 시설ㆍ장비의 현물지원을 통한 실감콘텐츠 제작 지원을 위한 사업입니다. ☞ 실감콘텐츠 제작기업(또는 고유번호증을 보유한 단체 단위) - VR, XR, Stage, LED, Wall, MR 페이셜캡쳐 초토그래메트리 기반 기술을 활용한 콘텐츠 제작기업 ☞ 광주실감콘텐츠큐브(GCC) VX스튜디오 및 MR스튜디오 지원 ※ 자세한 지원내용 공고문 참조",https://www.bizinfo.go.kr/sii/siia/selectSIIA200Detail.do?pblancId=PBLN_000000000118285,https://www.bizinfo.go.kr/cmm/fms/getImageFile.do?atchFileId=FILE_000000000743168&fileSn=0,붙임+1.+실감콘텐츠+스튜디오+프로젝트+현물지원기업+모집+공고문.pdf,https://www.bizinfo.go.kr/cmm/fms/getImageFile.do?atchFileId=FILE_000000000743169&fileSn=0@https://www.bizinfo.go.kr/cmm/fms/getImageFile.do?atchFileId=FILE_000000000743169&fileSn=1,붙임+2.+제출서류(양식)+각+1부.zip@붙임+3.+실감콘텐츠+제작스튜디오+안내서+1부.pdf,이메일 접수 (pjs@gicon.kr) ※ 유선으로 접수 확인,"광주정보문화산업진흥원 실감콘텐츠팀 062-610-2977, pjs@gicon.kr",,2026-02-06 13:25:12,management_seoul.json,bizinfo
PBLN_000000000125866,2026년 여수시 단체관광객 유치 인센티브 지원 계획 변경 공고,전남광주통합특별시,기초자치단체,경영,예산 소진시까지,중소기업,타지역,,False,소기업,"여수시에서는 단체관광객 유치를 통한 관광산업 발전과 지역경제 활성화를 위해 “2026년 단체관광객 유치 인센티브 지원 계획”을 다음과 같이 변경 공고합니다. ☞ 「관광진흥법」 제4조에 따른 여행업 등록을 필한 여행업체 - 지원분야 : 4개 분야(내ㆍ외국인, 수학여행단, 항공관광, 체험학습) ☞ 단체관광객 유치 인센티브 지원 ※ 자세한 사항 공고문 참조",https://www.bizinfo.go.kr/sii/siia/selectSIIA200Detail.do?pblancId=PBLN_000000000125866,https://www.bizinfo.go.kr/cmm/fms/getImageFile.do?atchFileId=FILE_000000000770891&fileSn=0,2026년 단체관광객 유치 인센티브 지원계획 변경 공고.hwpx,https://www.bizinfo.go.kr/cmm/fms/getImageFile.do?atchFileId=FILE_000000000770892&fileSn=0,2026년 단체관광객 유치 인센티브 지원 서식_ 변경.hwpx,"이메일, 우편 접수 - 접수처 : (59761) 전남 여수시 신월로 648 여수시청 관광과 관광마케팅(인센티브 담당) - 이메일 : sun71@korea.kr ※ 사전 신청 여행 3일 전까지 담당자 E-mail 제출, 지급 신청 서류 원본 제출(여행 종료 후 15일 이내) ※ 자세한 신청방법 공고문 참조","여수시청 관광과 관광마케팅(인센티브 담당) 061-659-3875, sun71@korea.kr",,2026-08-27 13:28:44,management_seoul.json,bizinfo
PBLN_000000000123877,2026년 여수엑스포항 국제크루즈 관광객 유치 인센티브 지원 변경 공고,전남광주통합특별시,직접수행,경영,예산 소진시까지,중소기업,타지역,,False,소기업,"여수 국제크루즈 관광 활성화 및 2026여수세계섬박람회 성공 개최를 위하여「2026년도 여수엑스포항 국제크루즈 관광객 유치 인센티브 지원 변경 계획」을 다음과 같이 공고합니다. ☞ 일반여행업으로 등록한 업체 - 크루즈 선사에서 선정(지정)한 국내 인바운드 여행사 ☞ 2026여수세계섬박람회 방문 특별 인센티브, 국제크루즈 단체관광객 유치 인센티브 지원 ※ 자세한 지원내용 공고문 참조",https://www.bizinfo.go.kr/sii/siia/selectSIIA200Detail.do?pblancId=PBLN_000000000123877,https://www.bizinfo.go.kr/cmm/fms/getImageFile.do?atchFileId=FILE_000000000762611&fileSn=0,2026년 국제크루즈 관광객 유치 인센티브 지원 변경 공고.pdf,https://www.bizinfo.go.kr/cmm/fms/getImageFile.do?atchFileId=FILE_000000000762612&fileSn=0@https://www.bizinfo.go.kr/cmm/fms/getImageFile.do?atchFileId=FILE_000000000762612&fileSn=1@https://www.bizinfo.go.kr/cmm/fms/getImageFile.do?atchFileId=FILE_000000000762612&fileSn=2,[별지 제1호 서식] 국제크루즈 관광객 유치 사전계획서.hwpx@[별지 제2호 서식] 국제크루즈 관광객 유치 인센티브 지원신청서(단체관광).hwpx@[별지 제3호 서식] 국제크루즈 관광객 유치 인센티브 지원신청서(섬박람회).hwpx,① 사전계획서 접수 및 업무담당자 협의 이메일 접수 (deercl1@korea.kr) ② 인센티브 지급 신청서 접수 - 접수처 : (우)59761 전라남도 여수시 신월로 648(국동) 여수시청 관광과 MICE산업팀 061-659-3995 ※ 자세한 신청방법 공고문 참조,여수시청 관광과 MICE산업팀 061-659-3995,,2026-07-02 11:30:26,management_seoul.json,bizinfo
PBLN_000000000117643,2026년 예산군 로케이션 인센티브 제작지원 사업 공고,충청남도,충남콘텐츠진흥원,경영,예산 소진시까지,중소기업,타지역,,False,소기업,"(재)충남콘텐츠진흥원에서는 영화ㆍ드라마 등 영상물 촬영 활성화를 위해 「2026 예산군 로케이션 인센티브 제작지원」을 진행하고 있습니다. 영상산업관계자들의 적극적인 관심과 많은 참여 바랍니다. ☞ 2026년 예산군 내에서 촬영하는 영화, 드라마, 다큐멘터리, 예능, 교양, M/V, 웹드라마 등으로 극장개봉 또는 TV, OTT, 온라인 플랫폼 등 방영이 확정된 작품 ☞ 예산군 내 2지역 이상 촬영 시 예산군 내 소비금액의 50%환급 지원(최대 60,000,000원)",https://www.bizinfo.go.kr/sii/siia/selectSIIA200Detail.do?pblancId=PBLN_000000000117643,https://www.bizinfo.go.kr/cmm/fms/getImageFile.do?atchFileId=FILE_000000000741270&fileSn=0,공고문 2026 예산 로케이션 인센티브 지원사업 공고.pdf,https://www.bizinfo.go.kr/cmm/fms/getImageFile.do?atchFileId=FILE_000000000741271&fileSn=0,신청양식 2026 예산 로케이션 인센티브 제작지원 사업.zip,온라인 접수(충남콘텐츠진흥원),"충남콘텐츠진흥원 로케이션 인센티브 담당자 041-590-0922, acpg@ccon.kr",https://www.cnfc.or.kr/datarooms/show/43,2026-01-20 11:38:29,management_seoul.json,bizinfo
PBLN_000000000117491,2026년 완주군 단체관광객 유치 인센티브 지원사업 공고,전북특별자치도,기초자치단체,경영,예산 소진시까지,중소기업,타지역,,False,소기업,"「완주군 관광진흥에 관한 조례」제4조에 따라 완주군에 관광객을 유치한 여행사 지원을 위해 인센티브 지원계획을 다음과 같이 공고 합니다. ☞ 「관광진흥법」제4조 제1항에 따른 여행업 등록을 필한 여행사 ☞ 국내ㆍ외 숙박 관광객, 당일 관광객 등 인센티브 지원 ※ 자세한 지원내용 공고문 참조",https://www.bizinfo.go.kr/sii/siia/selectSIIA200Detail.do?pblancId=PBLN_000000000117491,https://www.bizinfo.go.kr/cmm/fms/getImageFile.do?atchFileId=FILE_000000000740988&fileSn=0,2026년 단체관광객 유치 인센티브 지원 공고.hwp,,,"방문 또는 이메일 접수 - 접수처 : (우.55343) 전북 완주군 삼례읍 삼례역로 85 2층, 완주관광체육마케팅센터 - 이메일 : wangby0612@korea.kr ※ 이메일 접수 후 반드시 유선상 확인 필수 ※ 자세한 신청방법 공고문 참조",완주군청 관광축제과 관광마케팅센터 063-290-3991,,2026-01-16 09:14:55,management_seoul.json,bizinfo
PBLN_000000000117971,2026년 울산 북구 단체관광객 유치 인센티브 지원 공고,울산광역시,기초자치단체,경영,예산 소진시까지,중소기업,타지역,,False,소기업,"우리 구에서는 관광홍보 마케팅의 경쟁력을 확보해 단체 관광객 유치증대에 기여한 여행사에 대한 인센티브제를 다음과 같이 운영하오니, 여행업체의 많은 참여를 바랍니다. ☞ 「관광진흥법」제3조 및 제4조제1항에 따른 여행업체 ☞ 단체관광객 유치 인센티브 지원 - 지원분야 : 당일관광, 숙박관광, 체험관광, 홍보비 ※ 자세한 지원내용 공고문 참조",https://www.bizinfo.go.kr/sii/siia/selectSIIA200Detail.do?pblancId=PBLN_000000000117971,https://www.bizinfo.go.kr/cmm/fms/getImageFile.do?atchFileId=FILE_000000000742058&fileSn=0,2026년 단체관광객 유치 인센티브 지원 공고.hwp,,,"방문 또는 우편 접수 - 접수처 : 울산광역시 북구 산업로 1010, 관광진흥과 관광마케팅팀 단체관광 인센티브 담당자 ※ 사전신청 계획서, 일정표, 개인정보 수집․이용 동의서 및 제3자 정보제공 동의확인서는 이메일 접수 가능(imhj0209@korea.kr)",울산북구청 관광진흥과 관광마케팅팀 052-241-7752,,2026-01-28 15:15:26,management_seoul.json,bizinfo
PBLN_000000000117343,2026년 울진군 단체관광객 유치여행사 인센티브 지원계획 공고,경상북도,기초자치단체,경영,예산 소진시까지,중소기업,타지역,,False,소기업,"2026년도 단체관광객 유치여행사 인센티브 지원계획에 대하여 「울진군 관광진흥에 관한 지원조례 시행규칙」에 의하여 다음과 같이 공고합니다. ☞ 여행업 등록(관광진흥법 제4조)을 필한 여행사 ☞ 단체관광객 유치여행사 인센티브 지원 - 1박 시 1인당 1만원, 2박 이상 시 1인당 2만원 지원(내국인 20명, 외국인 10명 이상) - 수학여행단 지원 : 지원 기준의 50% 지원(100명 이상)",https://www.bizinfo.go.kr/sii/siia/selectSIIA200Detail.do?pblancId=PBLN_000000000117343,https://www.bizinfo.go.kr/cmm/fms/getImageFile.do?atchFileId=FILE_000000000740504&fileSn=0,2026년 단체관광객 유치여행사 인센티브 지원계획 공고 1부.hwp,,,"우편, 방문, 이메일 접수 - 주소 : 경북 울진군 울진중앙로 121 울진군청 문화관광과(관광마케팅팀) - 이메일 : thena97@korea.kr ※ 단체관광계획서 및 지원금 신청방법 상이 (공고문 참조) ※ 서류 제출 후 전화 확인 요망(054-789-6903)",울진군 문화관광과 관광마케팅팀 054-789-6903,,2026-01-12 14:34:25,management_seoul.json,bizinfo
PBLN_000000000118025,2026년 이동 생체역학 성능평가 지원사업 참가 희망 모집 공고,부산광역시,부산테크노파크,경영,예산 소진시까지,중소기업,타지역,,False,소기업,부산테크노파크에서는 신발관련 산/학/연 방문을 통한 생체역학 성능평가 데모시연 및 교육을 통해 기능성 신발 개발 활성화를 도모하고자 “이동 생체역학 성능평가 지원사업” 을 추진합니다. 이에 본 사업에 참가를 희망하는 산/학/연의 많은 관심과 참여 부탁드립니다. ☞ 참가희망 신발관련 산/학/연 ☞ 개별 방문을 통한 생체역학 성능평가 데모시연 및 교육 지원,https://www.bizinfo.go.kr/sii/siia/selectSIIA200Detail.do?pblancId=PBLN_000000000118025,https://www.bizinfo.go.kr/cmm/fms/getImageFile.do?atchFileId=FILE_000000000742270&fileSn=0,2026년+이동+생체역학+성능평가+지원사업+모집+공고문.hwp,,,이메일 접수 (khpark@btp.or.kr) ※ 담당자 확인 필수,(재)부산테크노파크 신발패션진흥단 신발인증센터 051-979-1804,,2026-01-30 11:02:36,management_seoul.json,bizinfo
PBLN_000000000117350,2026년 장성군 단체관광객 유치 여행사 인센티브 운영계획 공고,전남광주통합특별시,기초자치단체,경영,예산 소진시까지,중소기업,타지역,,False,소기업,"장성군 관광객 유치 증대로 지역경제 활성화를 도모하고, 체류형 관광 확대를 위하여 「2026년 장성군 단체관광객 유치 여행사 인센티브」지원을 다음과 같이 공고합니다. ☞ 관광진흥법 제3조 및 제4조 규정에 따라 일반여행업 또는 국내여행업 등록을 필한 여행사 ☞ 단체관광객 유치 여행사 인센티브 지원(당일 방문 5천원/인, 1박 이상 15천원/인)",https://www.bizinfo.go.kr/sii/siia/selectSIIA200Detail.do?pblancId=PBLN_000000000117350,https://www.bizinfo.go.kr/cmm/fms/getImageFile.do?atchFileId=FILE_000000000740568&fileSn=0,2026년 장성군 단체관광객 유치 인센티브 운영계획 공고.hwp,,,"방문, 우편, 이메일 접수 - 이메일 : rose0121@korea.kr - 주소 : 전라남도 장성군 장성읍 영천로 200, 장성군청 관광과 관광정책팀",장성군청 관광과 관광정책팀 061-390-7226,,2026-01-13 09:12:32,management_seoul.json,bizinfo
PBLN_000000000122656,2026년 전남 영화ㆍ드라마 제작 인센티브 지원사업 공고,전남광주통합특별시,직접수행,경영,예산 소진시까지,중소기업,타지역,,False,소기업,"전라남도「2026년 영화ㆍ드라마 제작 인센티브 지원사업」을 다음과 같이 공고하오니 많은 참여 바랍니다. ☞ 영화/드라마 제작업 등 신고를 필한 제작사 - 투자 및 편성이 확정된 극장 개봉 및 OTT 방영을 목적으로 하는 영화 및 지상파ㆍCATVㆍOTT 방영을 목적으로 하는 드라마 - 도내 5회차 이상 촬영, 도내소비액이 3천만원 이상인 작품(최대 5천만원 지원) - 도내 2~4회차 촬영, 도내소비액 1천만원 이상인 작품(최대 1천 5백만원 지원) ☞ ’26년 1월 1일부터 전남에서의 영상물 촬영에 따른 소비 인정금액 대비 50%이내 사후지원",https://www.bizinfo.go.kr/sii/siia/selectSIIA200Detail.do?pblancId=PBLN_000000000122656,https://www.bizinfo.go.kr/cmm/fms/getImageFile.do?atchFileId=FILE_000000000757839&fileSn=0,영화·드라마 제작 인센티브 지원사업 공고.hwpx,https://www.bizinfo.go.kr/cmm/fms/getImageFile.do?atchFileId=FILE_000000000757840&fileSn=0,신청서 및 관련서식.hwpx,"방문 또는 우편 접수 - 접수처 : 전라남도 순천시 해룡면 매안로 16 전라남도청 동부지역본부 문화산업과, 영화ㆍ드라마 제작 인센티브 지원사업 담당자","전라남도청 동부지역본부 문화산업과 061-286-5471, hiro980@korea.kr",,2026-06-01 14:05:00,management_seoul.json,bizinfo
PBLN_000000000117770,2026년 전라남도 외래관광객 유치 여행사 대상 인센티브 지원 공고,전남광주통합특별시,전라남도관광재단,경영,예산 소진시까지,중소기업,타지역,,False,소기업,전라남도 외래관광객 유치 확대와 및 부정기ㆍ정기노선 활용을 통한 무안국제공항 및 크루즈항 활성화를 도모하고자 “2026 외래관광객 유치 여행사 대상 인센티브 지원계획”을 다음과 같이 공고합니다. ☞「관광진흥법」 제4조 및 시행령 제2조에 따른 업체 ☞ 외국인 관광객 유치 업체 지원기준에 따라 인센티브 지원 ※ 자세한 지원내용 공고문 참조,https://www.bizinfo.go.kr/sii/siia/selectSIIA200Detail.do?pblancId=PBLN_000000000117770,https://www.bizinfo.go.kr/cmm/fms/getImageFile.do?atchFileId=FILE_000000000741566&fileSn=0,전남 외래관광객 유치 여행사 대상 인센티브 지원 공고.hwp,,,"온라인 접수(전남관광재단 홈페이지) ※ 사전 계획서는 여행 시작 1주일 전까지 제출, 인센티브 신청은 여행 종료 후 2개월 이내 제출 ※ 자세한 신청 방법 공고문 참조","전라남도관광재단 외래관광객 유치 인센티브 관련 문의 061-802-2153, seulbee@ijnto.or.kr",https://apply.ijnto.or.kr/apply/paper/21,2026-01-22 14:09:54,management_seoul.json,bizinfo
PBLN_000000000123800,2026년 중소기업 정보보호 지원사업 수요기업 모집 공고,과학기술정보통신부,인천테크노파크,경영,2026-06-30 ~ 2026-11-30,중소기업,타지역,,False,소기업,"최근 사이버보안 위협이 고도화ㆍ지능화됨에 따라 기업의 규모와 관계없이 침해사고가 발생하고 있으나, 중소기업은 보안 인력 및 투자 여력 부족으로 대응 역량 확보에 어려움을 겪고 있습니다. 이에 과학기술정보통신부와 한국인터넷진흥원, 인천테크노파크에서는 침해사고 피해 지역 중소기업(보안위협 탐지, 피해기업 등), 지역 전략산업 영위 중소기업 등을 대상으로 정보보호 컨설팅, IT 보안 패키지 및 클라우드 기반 보안서비스(SECaaS) 패키지 이용 지원 사업을 시행합니다. 2026년 중소기업 정보보호 지원사업의 수요기업을 아래와 같이 모집하고자 하오니, 많은 관심과 참여 바랍니다. ☞ 중소기업기본법 제2조에 따른 중소기업 중 지역 전략산업 영위기업 등 ☞ 기업 정보보호 현황 진단, 정보보호 컨설팅-최초, IT 보안 패키지, SECaaS 패키지, 정보보호 컨설팅-이행점검, 월간리포트 제공",https://www.bizinfo.go.kr/sii/siia/selectSIIA200Detail.do?pblancId=PBLN_000000000123800,https://www.bizinfo.go.kr/cmm/fms/getImageFile.do?atchFileId=FILE_000000000762315&fileSn=0,붙임_1. [공고문] 2026년 ICT 중소기업 정보보호 지원사업 수요기업 모집_인천센터.pdf,https://www.bizinfo.go.kr/cmm/fms/getImageFile.do?atchFileId=FILE_000000000762316&fileSn=0,붙임_2. [포스터] 2026년 중소기업 정보보호 지원사업 수요기업 모집 홍보.pdf,온라인 접수(지역정보보호센터),"인천정보보호지원센터 032-710-7840, 2026iissc@gmail.com / (기타 문의) 한국인터넷진흥원 02-405-5031, risc@kisa.or.kr",https://risc.kisa.or.kr/#n,2026-07-01 10:44:35,management_seoul.json,bizinfo
PBLN_000000000124174,2026년 중소기업 정보보호 특화지원사업 수요기업 모집 공고,인천광역시,인천테크노파크,경영,예산 소진시까지,중소기업,타지역,,False,소기업,"최근 사이버보안 위협이 고도화ㆍ지능화됨에 따라 기업의 규모와 관계없이 침해사고가 발생하고 있으나, 중소기업은 보안 인력 및 투자 여력 부족으로 대응 역량 확보에 어려움을 겪고 있습니다. 이에 인천광역시 및 인천테크노파크에서는 인천지역 중소기업 특화지원사업[컨설팅 및 MDR 서비스(침해탐지대응서비스) 등]을 시행합니다. 2026년 인천지역 중소기업 정보보호 특화지원사업의 수요기업을 아래와 같이 모집하고자 하오니, 많은 관심과 참여 바랍니다. ☞ 중소기업기본법 제2조에 따른 중소기업 중 인천 전략산업 영위 기업 또는 침해사고 피해(우려)기업 등 ※ 인천 전략산업 : 디지털ㆍ데이터, 로봇, 미래차, 바이오, 반도체, 항공 등 ☞ 지원금 최대 550만원 이내 지원 - 기업 정보보호 현황 진단, 정보보호 컨설팅, MDR 서비스, 컨설팅 및 서비스 이행점검, 전ㆍ후 비교, 최종 결과ㆍ분석ㆍ대응 등 보고서",https://www.bizinfo.go.kr/sii/siia/selectSIIA200Detail.do?pblancId=PBLN_000000000124174,https://www.bizinfo.go.kr/cmm/fms/getImageFile.do?atchFileId=FILE_000000000763758&fileSn=1,붙임_1. [공고문] 2026년 인천지역 중소기업 정보보호 특화 지원사업 수요기업 모집.pdf,https://www.bizinfo.go.kr/cmm/fms/getImageFile.do?atchFileId=FILE_000000000763759&fileSn=1,붙임_2. (양식)2026년_인천지역 중소기업_정보보호_특화지원사업_수요기업_신청서 등.hwp,온라인 접수 (비즈오케이),"인천테크노파크 경영지원센터 인천정보보호지원센터 032-260-0619, 032-710-7840 / soyoung@itp.or.kr, 2026iissc@gmail.com",https://bizok.incheon.go.kr/open_content/support.do?act=detail&policyno=7084,2026-07-09 13:46:28,management_seoul.json,bizinfo
PBLN_000000000117332,2026년 청송군 단체관광객 유치 인센티브 지원계획 공고,경상북도,기초자치단체,경영,예산 소진시까지,중소기업,타지역,,False,소기업,관광객 유치 촉진을 통한 체류형 관광 확대 및 지역경제 활성화를 위하여 단체관광객을 유치한 여행사에 대하여 인센티브를 지급하는 「2026년 단체관광객 유치 인센티브 지원계획」을 다음과 같이 공고합니다. ☞ 관광진흥법 제3조 및 제4조에 근거하여 여행업등록을 필한 업체 ☞ 단체관광객 유치 인센티브 지원 ※ 자세한 지원내용 공고문 참조,https://www.bizinfo.go.kr/sii/siia/selectSIIA200Detail.do?pblancId=PBLN_000000000117332,https://www.bizinfo.go.kr/cmm/fms/getImageFile.do?atchFileId=FILE_000000000740492&fileSn=0,2026년 청송군 단체관광객 유치 인센티브 지원계획(공고문).hwp,,,"방문, 우편, 이메일, 팩스 접수 - 주소 : 경상북도 청송군 청송읍 군청로 51 청송군청 관광정책과 관광마케팅팀(우37427) - 이메일 : bang1677@korea.kr - 팩스 : 054-870-6269 ※ 사전계획서 및 인센티브 신청 방법 상이 (공고문 참조)",청송군 관광정책과 관광마케팅팀 054-870-6240,,2026-01-12 14:09:56,management_seoul.json,bizinfo
PBLN_000000000123050,2026년 충남 스케일업 액셀러레이팅 상시 멘토링 프로그램 참여기업 모집 공고,충청남도,충남콘텐츠진흥원,경영,2026-06-10 ~ 2026-10-30,창업벤처,타지역,,False,,"(재)충남콘텐츠진흥원은 충청남도 내 콘텐츠 스타트업의 비즈니스 애로사항 해소 및 성장 지원을 위해「2026 스케일업 액셀러레이팅 상시 멘토링」프로그램을 운영합니다. 이에 참여기업을 다음과 같이 모집하오니, 관심 있는 기업의 많은 참여를 바랍니다. ☞ 본사가 충남에 소재(또는 8월 31일까지 이전 확약)한 콘텐츠 기업 ※ 자세한 지원대상 공고문 참조 ☞ 충남 콘텐츠기업 대상 맞춤형 전문가 매칭을 통한 기업 애로사항 해소 및 성장 지원 ① 전문가 멘토링 : 분야별 수요맞춤형 전문가 매칭 멘토링 ② 피보팅 멘토링 : 사업모델 개선 및 방향 전환을 위한 피보팅 멘토링",https://www.bizinfo.go.kr/sii/siia/selectSIIA200Detail.do?pblancId=PBLN_000000000123050,https://www.bizinfo.go.kr/cmm/fms/getImageFile.do?atchFileId=FILE_000000000759384&fileSn=0,1. [공고문] 「2026 스케일업 액셀러레이팅」 상시 멘토링 프로그램 참여기업 모집.pdf,https://www.bizinfo.go.kr/cmm/fms/getImageFile.do?atchFileId=FILE_000000000759385&fileSn=0@https://www.bizinfo.go.kr/cmm/fms/getImageFile.do?atchFileId=FILE_000000000759385&fileSn=1,2. [붙임1] 참가신청서 양식.hwp@3. [붙임2] 도외 기업 이전 확약서.hwp,이메일 접수 (cca@cntt.co.kr),"스케일업 액셀러레이팅 프로그램 운영사 씨엔티테크㈜ 02-3152-5863, cca@cntt.co.kr",,2026-06-11 11:37:14,management_seoul.json,bizinfo
PBLN_000000000118778,2026년 충주시 단체관광객 유치여행사 인센티브제 운영 수정 공고,충청북도,기초자치단체,경영,예산 소진시까지,중소기업,타지역,,False,소기업,충주시에서는 관광객 유치 증대 및 관광산업 발전과 지역 경제 활성화를 위해 국내ㆍ외 단체관광객 유치 여행사에 대한 인센티브 지원계획을 다음과 같이 수정 공고합니다. ☞ 여행업 등록을 필한 여행사 ※ 관광진흥법 제3조 및 제4조의 규정에 의한 여행업 등록을 필한 여행 업체로 우리 시에 단체관광객을 유치한 여행사 ☞ 단체관광객 유치 시 인센티브 지원 ※ 자세한 지원내용 공고문 참조,https://www.bizinfo.go.kr/sii/siia/selectSIIA200Detail.do?pblancId=PBLN_000000000118778,https://www.bizinfo.go.kr/cmm/fms/getImageFile.do?atchFileId=FILE_000000000744436&fileSn=0,260223 2026년 단체관광객 유치여행사 인센티브 공고문 및 서식(수정).hwp,https://www.bizinfo.go.kr/cmm/fms/getImageFile.do?atchFileId=FILE_000000000744437&fileSn=0,260223 테마별 체험처 리스트 현황.xlsx,"방문 또는 우편 접수 - 접수처 : (27339)충북 충주시 으뜸로 21(금릉동), 충주시청 관광과 ※ 단, 사전계획서는 팩스 및 메일 접수 가능 - 이메일 : kkk090200@korea.kr - 팩스 : 043-850-6709 ※ 우편으로 신청 시 우편물이 도달한 날짜를 신청접수일로 간주함 ※ 사전계획서 팩스 및 메일 접수 시 반드시 전화 확인 ※ 사전계획서 및 인센티브 지급 신청방법 상이하므로 공고문 참조",충주시청 관광과 043-850-6722,,2026-02-24 11:23:09,management_seoul.json,bizinfo
PBLN_000000000125584,2026년 콘크리트 2차 제품 제조기업 및 레미콘기업 패키지 지원사업 추가 공고(시멘트산업 이산화탄소 저감 및 종합실증센터 구축사업),기후에너지환경부,충북테크노파크,경영,2026-08-18 ~ 2026-08-31,중소기업,타지역,,False,소기업,국내 시멘트산업 발전과 기업육성을 위해 기후에너지환경부와 충청북도에서 지원하는「2026년 이산화탄소 포집및 광물탄산화기술 적용 시멘트 제품 종합실증센터 구축사업」기업지원 사업을 공고하오니 관심 있는 기업의 많은 참여 바랍니다. ☞ 국내에 소재한 콘크리트 2차 제품 제조기업 및 레미콘산업 등 관련 중소기업 - 시멘트산업 및 산업 공정 등에서 발생하는 탄소를 포집하는 기술 또는 탄소를 활용하는 등 CCU산업의 전후방을 영위하는 중소기업 ☞ 공공시장 진출 기업인증 및 ESG 기반 저탄소 경영체계 컨설팅 패키지 지원 ※ 자세한 지원내용 공고문 참조,https://www.bizinfo.go.kr/sii/siia/selectSIIA200Detail.do?pblancId=PBLN_000000000125584,https://www.bizinfo.go.kr/cmm/fms/getImageFile.do?atchFileId=FILE_000000000769728&fileSn=1,붙임1. 2026년 콘크리트 2차 제품 제조기업 및 레미콘기업 패키지 지원사업 추가공고.pdf,https://www.bizinfo.go.kr/cmm/fms/getImageFile.do?atchFileId=FILE_000000000769729&fileSn=1,171419514469_붙임2. 2026년 콘크리트 및 레미콘 패키지 지원사업 신청서 양식.hwp,온라인 접수 - 온라인 : 컨택센터(과제관리시스템) ※ 자세한 신청방법 공고문 참조,"충북테크노파크 043-270-2234, dhkim@cbtp.or.kr",https://contact.cbtp.or.kr/,2026-08-19 13:46:33,management_seoul.json,bizinfo
PBLN_000000000125683,2026년 탄소중립펀드 투자유치 피칭데이 참가기업 모집 공고,경기도,경기창조경제혁신센터,경영,2026-08-24 ~ 2026-09-08,중소기업,타지역,,False,소기업,"「2026 경기도 기후테크 컨퍼런스」에서 투자운용사(AC, VC)를 초청하여 투자유치 공모전(IR, 피칭데이)을 개최하오니, 참가를 희망하는 기업의 많은 신청 바랍니다. ☞ 다음 각호에 해당하는 기업 중 기후테크 분야 기업 - ‘중소기업창업 지원법’ 제2조 제1호에 따른 중소기업 - ‘중소기업창업 지원법’ 제2조 제3호에 따른 창업기업 - ‘벤처기업육성에 관한 특별조치법’ 제2조 제1항에 따른 벤처기업 ☞ 초기 및 도약 창업리그 수상기업 시상금 수여, IR Deck 고도화 및 투자사 대상 홍보 지원",https://www.bizinfo.go.kr/sii/siia/selectSIIA200Detail.do?pblancId=PBLN_000000000125683,https://www.bizinfo.go.kr/cmm/fms/getImageFile.do?atchFileId=FILE_000000000770153&fileSn=1,(공고문) 2026 경기도 탄소중립펀드 투자유치 피칭데이 참가기업 모집 공고문+.pdf,https://www.bizinfo.go.kr/cmm/fms/getImageFile.do?atchFileId=FILE_000000000770154&fileSn=1@https://www.bizinfo.go.kr/cmm/fms/getImageFile.do?atchFileId=FILE_000000000770154&fileSn=2,(붙임2) 개인정보활용동의서 양식.hwp@(붙임1) 2026 경기도 탄소중립펀드 투자유치 피칭데이 사업계획서 양식.hwp,온라인 접수 (구글폼),경기창조경제혁신센터 창업육성팀 031-780-9048,https://forms.gle/JTzLSiqQ1ixJb21c6,2026-08-21 13:33:39,management_seoul.json,bizinfo
PBLN_000000000121501,2026년 퍼스널케어 융합 얼라이언스 육성사업 비즈니스 경쟁력 강화지원 사업 추가모집 공고,경상북도,대구가톨릭대학교,경영,지원분야별 상이,중소기업,타지역,,False,소기업,"산업통상자원부, 경상북도, 경산시가 지원하는 「2026년도 퍼스널케어 융합 얼라이언스 육성사업」 상품 경쟁력 강화 지원 프로그램을 공고하오니, 참여를 희망하는 컨소시엄의 많은 관심과 신청 바랍니다. ☞ 경상북도 소재 퍼스널케어(헬스, 뷰티케어)분야 제조기업과 전국소재 디자인/ICT/서비스 및 유통 등 분야별 지원 기업(기관)의 컨소시엄 ☞ 퍼스널케어 상품 사업화 디자인 및 제작, 퍼스널케어 개발 과정에서 발생하는 특허/기술 애로기술진단 및 지원 ※ 자세한 지원내용 공고문 참조",https://www.bizinfo.go.kr/sii/siia/selectSIIA200Detail.do?pblancId=PBLN_000000000121501,https://www.bizinfo.go.kr/cmm/fms/getImageFile.do?atchFileId=FILE_000000000753676&fileSn=0,「퍼스널케어 융합 얼라이언스 육성사업」 비즈니스 경쟁력 강화지원 사업 추가모집 공고.pdf,https://www.bizinfo.go.kr/cmm/fms/getImageFile.do?atchFileId=FILE_000000000753677&fileSn=0,2026년 비즈니스 경쟁력 강화지원 서식자료.zip,"이메일 접수 (huey@cu.ac.kr) ※ 방문, 우편 접수 불가",대구가톨릭대학교 산학협력단 패션테크산업연구센터 053-859-4022,,2026-04-30 13:37:25,management_seoul.json,bizinfo
PBLN_000000000120334,2026년 퍼스널케어 융합 얼라이언스 육성사업 상품경쟁력 강화 지원 사업 통합 공고,산업통상부,대구가톨릭대학교,경영,세부사업별 상이,중소기업,타지역,,False,소기업,"산업통상자원부, 경상북도, 경산시가 지원하는 「2026년도 퍼스널케어 융합 얼라이언스 육성사업」 상품 경쟁력 강화 지원 프로그램을 공고하오니, 참여를 희망하는 컨소시엄의 많은 관심과 신청 바랍니다. ☞ 경상북도 소재 퍼스널케어(헬스, 뷰티케어)분야 제조기업과 전국소재 디자인/ICT/서비스 및 유통 등 분야별 지원 기업(기관)의 컨소시엄 ☞ 퍼스널케어 상품경쟁력 강화 : 시제품 제작, 기술실증(PoC), 디자인ㆍ컨설팅 지원 - 제품, 어플리케이션 등의 기술개발, 기능개선, 성능향상을 위한 시제품 개발 지원 - 제품 출시전, 사용성/효과 평가 수행 및 상품검증을 위한 제품최적화 지원 - 상품, 케이스, 포장, 패키지, 홍보자료 외 디자인 기반 상품 개선 지원 - 생활소비재 개발과정에서 발생하는 특허/기술 애로기술 진단 및 지원",https://www.bizinfo.go.kr/sii/siia/selectSIIA200Detail.do?pblancId=PBLN_000000000120334,https://www.bizinfo.go.kr/cmm/fms/getImageFile.do?atchFileId=FILE_000000000749743&fileSn=0,[공고문] 2026년 퍼스널케어 융합 얼라이언스 육성사업 상품경쟁력강화.pdf,https://www.bizinfo.go.kr/cmm/fms/getImageFile.do?atchFileId=FILE_000000000749744&fileSn=0,[붙임] 퍼스널케어 상품경쟁력강화 관련서식.zip,이메일 접수 (huey@cu.ac.kr),대구가톨릭대학교 산학협력단 패션테크산업연구센터 053-859-4022,,2026-04-03 10:16:35,management_seoul.json,bizinfo
PBLN_000000000125861,2026년 하반기 단양군 단체관광객 유치 인센티브 지원계획 공고,충청북도,기초자치단체,경영,예산 소진시까지,중소기업,타지역,,False,소기업,"우리 군에서는 관광산업 발전과 지역경제 활성화를 위해 단체관광객을 유치한 여행사 등에 대하여 인센티브를 제공하고자 “2026년 하반기 단양군 단체관광객 유치 인센티브 지원계획”을 아래와 같이 공고하오니 많은 참여 바랍니다. ☞ 「관광진흥법」 제3조 및 제4조에 의하여 여행업 등록을 필한 전국 여행사 ☞ 단체관광객 유치 인센티브(동일 여행업체 지원 한도액 최대 10,000천원) 지원",https://www.bizinfo.go.kr/sii/siia/selectSIIA200Detail.do?pblancId=PBLN_000000000125861,https://www.bizinfo.go.kr/cmm/fms/getImageFile.do?atchFileId=FILE_000000000770881&fileSn=1,2026년 하반기 단양군 단체관광객 유치 인센티브 지원계획 공고.hwpx,,,"이메일, 우편 접수 ① 사전 신청 : 이메일 접수 (alsgmlcmh@korea.kr) ※ 제출 후 전화 확인 필수 ② 지원금 신청 : 등기우편 - 접수처 : (27010) 충북 단양군 단양읍 중앙1로 10, 단양군청 관광과 ※ 자세한 신청방법 공고문 참조",단양군 관광마케팅팀 043-420-2942,,2026-08-27 13:01:41,management_seoul.json,bizinfo
PBLN_000000000125248,2026년 하반기 양산시 관광객 유치 인센티브 지원 계획 공고,경상남도,기초자치단체,경영,예산 소진시까지,중소기업,타지역,,False,소기업,"양산시는 단체 관광객 유치를 통해 관광산업의 활력을 제고하고, 지역 관광 생태계 활성화를 위하여 관광객을 유치한 관광사업자를 대상으로 인센티브를 지원하고자 하오니 많은 관심과 참여 바랍니다. ☞ 관광진흥법 제3조 및 제4조에 따른 여행업을 등록한 국내여행업체 ☞ 당일관광, 숙박관광, 기차(당일), 유치 우수 여행사 추가 지원 ※ 자세한 지원내용 공고문 참조",https://www.bizinfo.go.kr/sii/siia/selectSIIA200Detail.do?pblancId=PBLN_000000000125248,https://www.bizinfo.go.kr/cmm/fms/getImageFile.do?atchFileId=FILE_000000000768327&fileSn=0,2026년 양산시 관광객 유치 인센티브 지원 계획 공고(하반기).hwpx,,,"방문 또는 우편 접수 - 접수처 : 경상남도 양산시 중앙로 39(남부동), 양산비즈니스센터 3층 관광과 관광마케팅파트 ※ 단, 사전 여행계획서는 이메일 가능 (jcmun5@korea.kr) ※ 사전계획서 이메일 제출시, 도장 또는 서명 포함하여 파일로제출 및 유선으로 접수 여부 확인 必 (055-392-3293)","양산시청 관광과 055-392-3293, jcmun5@korea.kr",,2026-08-10 09:43:11,management_seoul.json,bizinfo
PBLN_000000000125592,2026년 하반기 완도군 단체관광객 유치 여행사 인센티브 지원계획 공고,전남광주통합특별시,기초자치단체,경영,예산 소진시까지,중소기업,타지역,,False,소기업,"완도군에서는 관광객 유치를 통한 관광산업 발전과 지역경제 활성화를 위해 “2026년도 완도군 단체관광객 유치 여행사 인센티브 지원계획”을 다음과 같이 공고하오니 많은 참여 바랍니다. ☞ 여행업 등록을 필한 여행업체로 완도군에 내ㆍ외국인 단체관광객을 유치한 여행사 - 관광진흥법 제4조 및 같은 법 시행령 제2조의 규정에 따라 여행업으로 등록된 국내 여행업체 ※ 추가 지원 : 완도 치유 관광(완도해양치유센터 필수, 1박 2일 이상) 여행상품을 개발 및 홍보하고 관광객을 유치한 여행사 ☞ 관광지, 음식, 숙박, 특산품판매장 등 지원조건 충족여부에 따른 인센티브 지원",https://www.bizinfo.go.kr/sii/siia/selectSIIA200Detail.do?pblancId=PBLN_000000000125592,https://www.bizinfo.go.kr/cmm/fms/getImageFile.do?atchFileId=FILE_000000000769755&fileSn=1,2026 완도군 하반기 단체관광객 유치 여행사 인센티브 지원계획 공고(08).hwpx,,,"방문, 우편, 이메일 접수 - 접수처 : (59124) 전남 완도군 완도읍 청해진남로 51, 완도군청 관광과 - 이메일 : didgusal@korea.kr ※ l(영어 L 소문자) ※ 사전계획서 제출, 인센티브 지급 신청 방법이 상이하므로 자세한 신청방법 공고문 참조",완도군 관광과 관광마케팅팀 061-550-5432,,2026-08-19 14:06:54,management_seoul.json,bizinfo
PBLN_000000000117648,2026년 화천군 국내ㆍ외 단체 관광객 인센티브 지원계획 공고,강원특별자치도,기초자치단체,경영,예산 소진시까지,중소기업,타지역,,False,소기업,우리 군에서는 국내ㆍ외 단체 관광객 증대 및 머무는 관광 유도를 통해 지역경제 활력 도모 및 관광산업 경쟁력 제고를 위하여 2026년 단체 관광객 인센티브 지원계획을 다음과 같이 공고하오니 많은 관심과 참여 바랍니다. ☞ 관광사업자 등록 여행업체(관광진흥법 제4조) ☞ 국내ㆍ외 10인 이상 화천 방문 단체관광객을 유치한 국내 여행업체 또는 일반단체에 서류심사 후 지원 기준에 따라 인센티브 지원 ※ 자세한 지원내용 공고문 참조,https://www.bizinfo.go.kr/sii/siia/selectSIIA200Detail.do?pblancId=PBLN_000000000117648,https://www.bizinfo.go.kr/cmm/fms/getImageFile.do?atchFileId=FILE_000000000741276&fileSn=0,2026년 국내외 단체 관광객 인센티브 공고문.hwp,,,"이메일, 방문, 우편 접수 - 접수처 : 화천군 화천읍 화천새싹길 45 화천군청 관광정책과 - 이메일 : smileohji@korea.kr(내국인)/ sindong0987@korea.kr(외국인) ※ 이메일 접수 후 전화로 접수 여부를 반드시 확인 ※ 사전 계획서는 여행 시작 5일 전까지 제출, 지원금 신청서는 여행 종료 후 15일 이내 제출 ※ 자세한 신청방법 공고문 참조",(내국인 대상) 화천군청 관광정책과 관광홍보담당 033-440-2513 / (외국인 대상) 화천군청 관광정책과 글로벌마케팅담당 033-440-2328,,2026-01-20 13:47:31,management_seoul.json,bizinfo
PBLN_000000000118301,2026년 환경기업 해외 진출 전문 컨설팅 지원사업 상시 모집 공고,기후에너지환경부,한국환경산업기술원,경영,예산 소진시까지,중소기업,타지역,,False,소기업,"2026년도 ‘환경기업 해외 진출 전문 컨설팅 지원사업’ 모집계획을 다음과 같이 공고하오니, 본 사업 참여를 희망하는 환경산업체는 신청하여 주시기 바랍니다. ☞ 해외 진출 시 발생하는 애로사항 해소를 위하여 수출·수주 분야 전문 컨설팅을 원하는 중소ㆍ중견 환경기업으로 ’25년도 본사업에 참여하지 아니한 기업 ☞ 자문 지원 범위(별첨 1)에 따라 해당 분야 자문기업을 통한 컨설팅 지원 - 신청기업 당 연간 최대 1,200만 원",https://www.bizinfo.go.kr/sii/siia/selectSIIA200Detail.do?pblancId=PBLN_000000000118301,https://www.bizinfo.go.kr/cmm/fms/getImageFile.do?atchFileId=FILE_000000000743237&fileSn=0,사업_공고문.hwp,https://www.bizinfo.go.kr/cmm/fms/getImageFile.do?atchFileId=FILE_000000000743238&fileSn=0@https://www.bizinfo.go.kr/cmm/fms/getImageFile.do?atchFileId=FILE_000000000743238&fileSn=1,사업_안내서.hwp@컨설팅_지원사업_관리지침_전문_20260129.hwp,온라인 접수 (국가환경산업기술정보시스템),"한국환경산업기술원 해외사업실 032-540–2194, timegolds@keiti.re.kr",https://www.konetic.or.kr/user/P/PD/PD005_L01.do?contTab=1,2026-02-09 09:45:31,management_seoul.json,bizinfo
PBLN_000000000125863,[강원] 2026년 4차 중소기업육성자금 지원 변경계획 공고,강원특별자치도,강원특별자치도경제진흥원,금융,예산 소진시까지,중소기업,타지역,,False,"소기업,경영안정,육성기금,융자","「강원특별자치도 중소기업육성기금 설치 및 운용 조례」 제10조의 규정에 따라「2026년 강원특별자치도 중소기업육성자금 지원 변경계획」을 다음과 같이 변경하여 공고합니다. ☞ 도내 소재(본사 또는 공장) 중소기업 ※ 은행 여신규정에 의한 담보능력 보유 기업 ☞ 경영안정자금, 창업 및 경쟁력강화자금, 특수목적 자금 지원 ※ 자세한 지원내용 공고문 참조",https://www.bizinfo.go.kr/sii/siia/selectSIIA200Detail.do?pblancId=PBLN_000000000125863,https://www.bizinfo.go.kr/cmm/fms/getImageFile.do?atchFileId=FILE_000000000770885&fileSn=1,(260821)2026년 강원특별자치도 중소기업육성자금 지원 변경계획(4차) 공고문.hwpx,https://www.bizinfo.go.kr/cmm/fms/getImageFile.do?atchFileId=FILE_000000000770886&fileSn=1,2026년 강원특별자치도 중소기업육성자금 신청서식(변경공고).hwpx,온라인 또는 방문 접수 - 온라인 : 융자관리시스템 - 방문 : 각 시군 중소기업육성자금 관련 부서,강원특별자치도 기업지원과 033-249-2757 / 강원특별자치도경제진흥원 033-749-3398 및 각 시군 중소기업육성자금 관련 부서 문의처 공고문 참조,https://hext.gwep.or.kr/hext/main/index.html,2026-08-27 13:06:43,finance_all.json,bizinfo
PBLN_000000000121702,[강원] 2026년 수출단체보험 가입 희망기업 모집 공고(강원특별자치도청 전액 보험료지원),강원특별자치도,한국무역보험공사,금융,예산 소진시까지,중소기업,타지역,,False,소기업,한국무역보험공사에서 「2026년 수출단체보험 가입 희망기업 모집」사업을 추진하오니 관심 기업들이 많은 참여 바랍니다. ☞ 본사 또는 공장이 강원특별자치도 내에 소재한 중소중견 수출기업(연간 수출실적 미화 3천만불 초과 시 가입불가) ☞ 보험가입신청기업 당 최대 미화 5만불 이내(손실발생액의 95%) 지원 ※ 자세한 지원내용 공고문 참조,https://www.bizinfo.go.kr/sii/siia/selectSIIA200Detail.do?pblancId=PBLN_000000000121702,https://www.bizinfo.go.kr/cmm/fms/getImageFile.do?atchFileId=FILE_000000000754380&fileSn=0,2026년 강원특별자치도청 수출단체보험 안내문+.pdf,https://www.bizinfo.go.kr/cmm/fms/getImageFile.do?atchFileId=FILE_000000000754381&fileSn=0,2026년 강원특별자치도청 수출단체보험 안내문.hwp,온라인 접수 (강원특별자치도 수출기업서포트),한국무역보험공사 강원지사 033-765-1060,https://tradesupport.gwd.go.kr/portal/application/apply3/businessView?busi_seq=746&busi_cate=B13,2026-05-07 13:48:03,finance_all.json,bizinfo
PBLN_000000000121832,[강원] 2026년 청년창업자금 무이자 대출지원 사업시행 변경 공고,강원특별자치도,강원특별자치도경제진흥원,금융,예산 소진시까지,창업벤처,타지역,,False,보증,"강원특별자치도는 창업을 희망하는 도내 청년에게 창업자금을 지원하여, 청년 창업자에게 자립하고 성장할 수 있는 기회를 제공하고자 「2026년 청년창업자금 무이자 대출 지원사업」 시행을 다음과 같이 변경공고하오니 많은 참여 바랍니다. ☞ 주민등록상 주소지와 사업장 소재지가 모두 강원특별자치도인 만18~45세의 청년(법인 제외) 중 신규창업 또는 업력 7년 미만의 사업자 - 지원업종 : 제조업 및 지식기반 서비스산업 등 ※ 자세한 지원대상 공고문 참조 ☞ 대출한도 업체(개인)당 최대 1억 원 이내 지원 - 대출기간 : 최대 5년 / 2년거치 3년 매월 분할상환(원금의 70%) ※ 자세한 지원내용 공고문 참조",https://www.bizinfo.go.kr/sii/siia/selectSIIA200Detail.do?pblancId=PBLN_000000000121832,https://www.bizinfo.go.kr/cmm/fms/getImageFile.do?atchFileId=FILE_000000000754846&fileSn=1,2026년 청년창업자금 무이자 대출지원 사업 변경공고.pdf,https://www.bizinfo.go.kr/cmm/fms/getImageFile.do?atchFileId=FILE_000000000754847&fileSn=1@https://www.bizinfo.go.kr/cmm/fms/getImageFile.do?atchFileId=FILE_000000000754847&fileSn=2,(별표) 업종코드-표준산업분류 연계표(홈택스).xlsx@붙임4 (서식) 청년창업자금 무이자 대출 지원사업 동의서.hwp,온라인 접수 (보증드림),"(보증문의) 강원신용보증재단 033-260-0001 / (대출문의) NH농협은행 1661-3000, 신한은행 1577-8000 / (이자문의) 강원특별자치도경제진흥원 자금지원부 033-749-3305",https://untact.koreg.or.kr,2026-05-11 13:55:11,finance_all.json,bizinfo
PBLN_000000000117603,[강원] 원주시 2026년 창업기업자금 동행지원 계획 공고,강원특별자치도,기초자치단체,금융,예산 소진시까지,창업벤처,타지역,,False,"소기업,운전자금,융자,보증",「원주시 지역경제촉진 등에 관한 조례」시행규칙 제11조의 규정에 따라 2026년도 원주시 창업기업자금 동행지원 계획을 다음과 같이 공고 합니다 ☞ 신청일 현재 원주시에 소재하며 다음에 해당하는 창업 7년 이내 중소기업 ☞ 신용 또는 기술보증기금 연계 자금융자 및 이자ㆍ보증수수료 지원 - 융자한도 : 기업당 전년도 매출액의 1/4 또는 최근 3개월간 매출액의 범위 내에서 3억원 이하의 운전자금 ※ 자세한 지원내용 공고문 참조,https://www.bizinfo.go.kr/sii/siia/selectSIIA200Detail.do?pblancId=PBLN_000000000117603,https://www.bizinfo.go.kr/cmm/fms/getImageFile.do?atchFileId=FILE_000000000741184&fileSn=0,2026년도 원주시 창업기업자금 동행지원 계획 공고（안）.hwp,https://www.bizinfo.go.kr/cmm/fms/getImageFile.do?atchFileId=FILE_000000000741185&fileSn=0,2026년도 원주시 창업기업자금 동행지원 신청서식（안）.hwp,방문 접수 - 접수처 : 원주시청 9층 기업지원일자리과,"원주시청 기업지원일자리과 기업육성팀 033-737-2983 , IBK기업은행 원주지점 033-742-3102, IBK기업은행 남원주지점 033-743-5500",,2026-01-19 14:35:08,finance_all.json,bizinfo
PBLN_000000000117646,[강원] 철원군 2026년 중소기업육성융자금 이차보전금 지원계획 공고,강원특별자치도,기초자치단체,금융,예산 소진시까지,중소기업,타지역,,False,"소기업,운전자금,시설자금,이차보전,융자","철원군 중소기업 육성융자금에 대한 이차보전금 지급조례 제2조에 의거 「철원군 중소기업육성융자금 이차보전금 지원 계획」을 다음과 같이 공고합니다. ☞ 대표자가 철원군민이고, 사업장의 주소가 철원군인 개인 및 법인사업자 ☞ 융자금(시설자금, 운전자금)의 3% 이자지원 (융자금 최대 1억원 한도, 최대 3년간 지원)",https://www.bizinfo.go.kr/sii/siia/selectSIIA200Detail.do?pblancId=PBLN_000000000117646,https://www.bizinfo.go.kr/cmm/fms/getImageFile.do?atchFileId=FILE_000000000741275&fileSn=0,2026년 철원군 중소기업육성융자금 이차보전금 지원계획 공고.pdf,,,방문 접수 - 접수처 : 철원군 경제진흥과 기업육성지원팀,철원군 경제진흥과 기업육성지원팀 033-450-5356,,2026-01-20 13:41:22,finance_all.json,bizinfo
PBLN_000000000117582,[강원] 춘천시 2026년 중소기업 신용보증수수료 지원 사업 공고,강원특별자치도,기초자치단체,금융,예산 소진시까지,중소기업,타지역,,False,"소기업,보증","「춘천시 지역경제 촉진 등에 관한 조례」 제10조에 따른 춘천시 소재 중소기업에 대한 2026년도 신용보증수수료 지원 사업을 다음과 같이 공고합니다. ☞ 춘천시 소재 중소기업 (제조업, 정보통신업, 지식산업 영위 기업) ☞ 중소기업의 사업자금 대출담보용 신용보증수수료 지원 - 보증료율의 1% 이내, 기업당 최대 250만원",https://www.bizinfo.go.kr/sii/siia/selectSIIA200Detail.do?pblancId=PBLN_000000000117582,https://www.bizinfo.go.kr/cmm/fms/getImageFile.do?atchFileId=FILE_000000000741148&fileSn=0,2026년 신용보증수수료 지원사업 공고.hwp,https://www.bizinfo.go.kr/cmm/fms/getImageFile.do?atchFileId=FILE_000000000741149&fileSn=0,2026년 신용보증수수료 지원사업 신청서식.hwp,방문 접수 - 접수처 : 춘천시청 8층 기업지원과,춘천시청 기업지원과(033-250-3088),,2026-01-19 13:19:06,finance_all.json,bizinfo
PBLN_000000000117583,[강원] 춘천시 2026년 창업지원자금(중소기업동행지원) 지원계획 공고,강원특별자치도,IBK기업은행,금융,예산 소진시까지,중소기업,타지역,,False,"소기업,보증","「춘천시 지역경제 촉진 등에 관한 조례」제5조의 규정에 따라 2026년도 춘천시 창업지원자금(중소기업동행지원) 지원계획을 다음과 같이 공고합니다. ☞ 신청일 현재 춘천시에 소재한 중소기업(창업 7년 이내) - 은행여신규정에 의한 담보능력(부동산, 신용보증서 등)이 있는 기업 ☞ 신용 또는 기술보증기금 연계 자금지원 및 이자ㆍ보증수수료 지원 - 자금지원 : 기업당 최대 10억원 / 이자지원 : 2% / 보증료 지원 : 연1.2% 이내",https://www.bizinfo.go.kr/sii/siia/selectSIIA200Detail.do?pblancId=PBLN_000000000117583,https://www.bizinfo.go.kr/cmm/fms/getImageFile.do?atchFileId=FILE_000000000741150&fileSn=0,2026년도 춘천시 창업지원자금(중소기업동행지원)지원 공고.hwp,https://www.bizinfo.go.kr/cmm/fms/getImageFile.do?atchFileId=FILE_000000000741161&fileSn=0,2026년도 춘천시 창업지원자금(중소기업동행지원)지원 신청서식.hwp,방문 접수 - 접수처 : 춘천시청 8층 기업지원과,춘천시청 기업지원과(033-250-3088) / 기업은행 춘천지점(033-242-5132),,2026-01-19 13:19:16,finance_all.json,bizinfo
PBLN_000000000117600,[강원] 태백시 2026년 중소기업육성자금 지원 사업 공고,강원특별자치도,기초자치단체,금융,예산 소진시까지,중소기업,타지역,,False,"소기업,운전자금,시설자금,융자","「태백시 지역경제 촉진 등에 관한 조례」제5조에 의하여 2026년도 태백시 중소기업육성자금 지원사업을 다음과 같이 공고합니다. ☞ 태백시 소재 중소기업 중 아래 요건을 충족하는 기업 - 제조업, 지식ㆍ정보 관련업, 광업, 건설업, 관광업, 도ㆍ소매업, 숙박업, 이미용업, 목욕장업, 세탁업, 일반음식점업, 자동차정비업, 운수업 ※ 자세한 지원대상 공고문 참조 ☞ 운전자금(융자한도 3억원 이하), 시설자금(융자 한도 제조업 8억원, 그 외 업종 2억원 이하) 지원 ※ 자세한 지원내용 공고문 참조",https://www.bizinfo.go.kr/sii/siia/selectSIIA200Detail.do?pblancId=PBLN_000000000117600,https://www.bizinfo.go.kr/cmm/fms/getImageFile.do?atchFileId=FILE_000000000741214&fileSn=0,2026년 태백시 중소기업육성자금 지원 사업공고.hwp,,,"방문 또는 우편 접수 - 접수처: 강원특별자치도 태백시 태붐로 21, 태백시청 경제과 기업지원팀 ※ 협약 금융기관과 사전 대출상담 후 태백시청에 서류 제출 - 협약금융기관 : NH농협은행 태백시지부, 신한은행 태백지점, KB국민은행 동해지점, IBK기업은행 동해지점, MG새마을금고 화광·태백, 한마음신협 태백점 ※ 자세한 신청방법 공고문 참조",태백시청 경제과 기업지원팀 033-550-2106,,2026-01-20 09:46:47,finance_all.json,bizinfo
PBLN_000000000125662,[강원] 태백시 2026년 청년농업인 정책자금 이차보전 신청자 모집 공고,강원특별자치도,기초자치단체,금융,2026-08-20 ~ 2026-09-04,중소기업,타지역,,False,"소기업,이차보전,정책자금","청년농업인의 이자 상환부담 경감으로 안정적 영농기반 확보 및 효율적인 정착체계 구축을 위해 추진하는 2026년 청년농업인 정책자금 이차보전 지원사업 신청자를 아래와 같이 모집하오니 많은 신청 바랍니다 ☞ 정책자금 대상자로 선정된 자로 만40세 미만 청년농업인(태백시) ※ 자세한 지원대상 공고문 참조 ☞ 원금상환 이전 거치기간 내 납부한 이자의 50% 지원(최대 3,000천 원)",https://www.bizinfo.go.kr/sii/siia/selectSIIA200Detail.do?pblancId=PBLN_000000000125662,https://www.bizinfo.go.kr/cmm/fms/getImageFile.do?atchFileId=FILE_000000000770059&fileSn=0,공고문(2026년 청년농업인 정책자금 이차보전 지원사업).pdf,https://www.bizinfo.go.kr/cmm/fms/getImageFile.do?atchFileId=FILE_000000000770060&fileSn=0,신청서(2026년 청년농업인 정책자금 이차보전 지원사업).pdf,방문 접수 - 접수처 : 태백시 농업기술센터,태백시 농업기술센터 농업과 농업정책팀 033-550-2721 / 업무담당자 033-550-2674,,2026-08-21 10:54:26,finance_all.json,bizinfo
PBLN_000000000117632,[강원] 평창군 2026년 중소기업 육성자금 이차보전사업 지원계획 공고,강원특별자치도,기초자치단체,금융,예산 소진시까지,중소기업,타지역,,False,"소기업,운전자금,시설자금,이차보전","「평창군 지역경제 촉진 등에 관한 조례 시행규칙」 제11조 규정에 따라 2026년 평창군 중소기업 육성자금 이차보전사업 지원계획을 다음과 같이 공고합니다. ☞ 평창군 내 법인사업체 및 개인사업자 - 법인사업체 : 평창군 관내에 본사 또는 사업장을 두고 있는 기업 - 개인사업자 : 평창군 관내에 사업장 및 주소를 두고 있는 자 ☞ 기업경영에 소요되는 운전자금, 시설자금 지원 ※ 지원대상별 한도액 및 자세한 사항 공고문 참조",https://www.bizinfo.go.kr/sii/siia/selectSIIA200Detail.do?pblancId=PBLN_000000000117632,https://www.bizinfo.go.kr/cmm/fms/getImageFile.do?atchFileId=FILE_000000000741268&fileSn=0,2026년 평창군 중소기업 육성자금 이차보전사업 지원계획(공고).hwp,https://www.bizinfo.go.kr/cmm/fms/getImageFile.do?atchFileId=FILE_000000000741269&fileSn=0,청부파일.zip,방문 접수 - 접수처 : 평창군청 경제과 기업지원팀,평창군청 경제과 기원지원팀 033-330-2750,,2026-01-20 11:31:14,finance_all.json,bizinfo
PBLN_000000000120252,[경기] 2026년 1차 중소기업육성자금 융자지원계획 변경 공고,경기도,경기신용보증재단,금융,예산 소진시까지,중소기업,타지역,,False,"소기업,운전자금,육성기금,융자,보증","「경기도 중소기업육성기금 설치 및 운용 조례」 제14조의 규정에 따라 2026년도 중소기업육성자금 융자지원계획 변경을 다음과 같이 공고합니다. ☞ 경기도 소재 중소기업 ※ 자세한 지원대상 공고문 참조 ☞ 운전자금(일반기업 등, 출연우수시군, 수출형기업, 신성장혁신기업 등) 및 창경자금 지원 ※ 변경사항 중동 위기 대응 특별경영자금 600억원 신설 및 특별경영 예비자금 600억원 감액 ※ 자세한 지원내용 공고문 참조 ※ [경기] 2026년 중소기업육성자금 융자지원계획 변경 공고(경기도-IBK기업은행 협약) ( ☞바로가기 )",https://www.bizinfo.go.kr/sii/siia/selectSIIA200Detail.do?pblancId=PBLN_000000000120252,https://www.bizinfo.go.kr/cmm/fms/getImageFile.do?atchFileId=FILE_000000000749457&fileSn=1,2026-727_2026-727 2026년 제1차 경기도 중소기업육성자금 융자지원계획 변경 공고문.hwpx,,,온라인 및 방문 접수 - 온라인 : 경기도중소기업육성자금(G-money) - 방문 : 사업장 소재지 경기신용보증재단 지점,경기신용보증재단 고객센터 대표번호 1577-5900 및 지점별 문의처 공고문 참조,https://g-money.gg.go.kr/main.htm,2026-04-01 14:54:50,finance_all.json,bizinfo
PBLN_000000000125680,[경기] 2026년 2차 중소기업육성자금 융자지원계획 변경 공고,경기도,경기신용보증재단,금융,2026-09-01 ~ 2026-12-31,중소기업,타지역,,False,"소기업,운전자금,육성기금,융자,보증","「경기도 중소기업육성기금 설치 및 운용 조례」 제14조의 규정에 따라 2026년도 제2차 중소기업육성자금 융자지원계획 변경을 다음과 같이 공고합니다. ☞ 경기도 소재 중소기업 ※ 자세한 지원대상 공고문 참조 ☞ 운전자금, 창업 및 경쟁력강화자금 지원 ※ 자세한 지원내용 공고문 참조",https://www.bizinfo.go.kr/sii/siia/selectSIIA200Detail.do?pblancId=PBLN_000000000125680,https://www.bizinfo.go.kr/cmm/fms/getImageFile.do?atchFileId=FILE_000000000770145&fileSn=2,2026-2147_2026년 제2차 경기도 중소기업육성자금 융자지원계획 변경 공고문.pdf,https://www.bizinfo.go.kr/cmm/fms/getImageFile.do?atchFileId=FILE_000000000770196&fileSn=1,2026-2147_2026년 제2차 경기도 중소기업육성자금 융자지원계획 변경 공고문.hwpx,온라인 및 방문 접수 - 온라인 : 경기도중소기업육성자금(G-money) - 방문 : 사업장 소재지 경기신용보증재단 지점,경기신용보증재단 고객센터 대표번호 1577-5900 및 지점별 문의처 공고문 3p참조,https://g-money.gg.go.kr/main.htm,2026-08-21 13:23:02,finance_all.json,bizinfo
PBLN_000000000118182,[경기] 2026년 사회적경제조직 특례보증 및 이차보전 지원 사업 공고,경기도,경기신용보증재단,금융,예산 소진시까지,사회적기업,타지역,,False,"특례보증,이차보전,융자,보증","「경기도 사회적경제 기본조례」 제12조(특례보증)에 따라 경기도 사회적경제조직 특례보증 및 이차보전금 지원계획을 다음과 같이 공고합니다. ☞ 사업장이 도내에 소재하는 기업 중 다음 중 하나에 해당하는 영리기업인 경우,다만, 비영리사업자 가능으로 표시된 경우 비영리사업자도 지원할 수 있음 - 「사회적기업 육성법」 제2조에 의한 사회적기업(비영리사업자 가능) -「경기도 사회적경제 기본조례」 제2조에 의한 예비사회적기업 -「협동조합기본법」 제2조에 의한 협동조합(비영리사업자 가능) -「경기도 사회적경제 기본조례」 제2조에 의한 마을기업 -「경기도 사회적경제 기본조례」 제2조에 의한 예비마을기업 -「소비자생활협동조합법」 제2조에 의한 소비자생활협동조합(비영리사업자 가능) -「국민기초생활보장법」 제18조에 의한 자활기업 -「벤처기업육성에 관한 특별법」 제2조에 의한 소셜벤처기업 ☞ 특례보증, 융자 및 이차보전 지원",https://www.bizinfo.go.kr/sii/siia/selectSIIA200Detail.do?pblancId=PBLN_000000000118182,https://www.bizinfo.go.kr/cmm/fms/getImageFile.do?atchFileId=FILE_000000000742804&fileSn=0,2026-257_2026년_사회적경제조직_특례보증_및_이차보전_지원_사업_공고문(죄종).pdf,,,"방문 및 모바일 접수 - 접수처 : 경기신용보증재단 - 모바일 : “Easy One"" 앱을 통한 모바일 보증신청(법인 제외) ※ 방문상담예약 : 경기신용보증재단 홈페이지 또는 고객센터 1577-5900",경기신용보증재단 1577-5900,https://www.gcgf.or.kr/gcgf/intro.do,2026-02-04 10:09:55,finance_all.json,bizinfo
PBLN_000000000117109,[경기] 2026년 사회적경제조직 특별융자 사업 공고,경기도,신용협동조합,금융,상시 접수,사회적기업,타지역,,False,"운전자금,시설자금,융자","「경기도 사회적경제기금 설치 및 운영 조례」에 따라 사회적경제조직의 건실한 발전을 지원하기 위해 경기도가 신용협동조합중앙회 및 경기도 소재 지역신용협동조합과 협약을 맺고 추진 중인 「경기도 사회적경제조직 특별융자」 2026년도 사업을 다음과 같이 공고합니다. ☞ 경기도내 주된 사업장이 소재한 다음의 사회적경제조직 ☞ 동일 기업 당 최대 5억원 이내(신용대출은 최대 1억5천만원 이내) 융자 한도 지원 - 자금용도 : 시설자금, 운전자금 - 융자기간 : 최대 15년 이내 (단, 신용대출은 10년 이내)",https://www.bizinfo.go.kr/sii/siia/selectSIIA200Detail.do?pblancId=PBLN_000000000117109,https://www.bizinfo.go.kr/cmm/fms/getImageFile.do?atchFileId=FILE_000000000739745&fileSn=0,2025-2540_2026년 경기도 사회적경제조직 특별융자 사업 공고(최종).hwp,,,이메일 접수 후 방문 접수 (최초 상담 신청 후 융자신청) - 이메일 : socialeconomy@cu.co.kr - 방문 : 경기도 관내 27개 지역신협 ※ 자세한 신청 방법은 공고문 참조,신협중앙회 사회적금융본부 042-720-1293 및 경기도 관내 융자 신청 지정 지역신협 (공고문 4p 참조),,2026-01-05 10:42:52,finance_all.json,bizinfo
PBLN_000000000120177,[경기] 2026년 중소기업육성자금 융자지원계획 변경 공고(경기도-IBK기업은행 협약),경기도,경기신용보증재단,금융,예산 소진시까지,중소기업,타지역,,False,"소기업,육성기금,이차보전,융자,보증",「경기도 중소기업육성기금 설치 및 운용 조례」 제14조의 규정에 따라 2026년도 중소기업육성자금 융자지원계획 변경을 다음과 같이 공고합니다. ☞ 경기도-IBK기업은행 중소기업 동행지원 :「중소기업기본법」 제2조 규정에 따른 중소기업 - 경기도 창업기업 설비투자 특별지원 : 「중소기업기본법」 제2조 규정에 따른 창업 7년 이내 중소기업 ☞ 이차보전 지원 - 경기도-IBK기업은행 중소기업 동행지원 : (IBK기업은행) 최대 1.0%p 이내 보증료 지원 (보증기관) 0.2%p 보증료 지원 - 경기도 창업기업 설비투자 특별지원 : (IBK기업은행) 금리감면 최대 1.5%p 지원 ※ [경기] 2026년 1차 중소기업육성자금 융자지원계획 변경 공고( ☞바로가기 ),https://www.bizinfo.go.kr/sii/siia/selectSIIA200Detail.do?pblancId=PBLN_000000000120177,https://www.bizinfo.go.kr/cmm/fms/getImageFile.do?atchFileId=FILE_000000000749202&fileSn=1,2026-699_2026-699_경기도-IBK기업은행 협약에 따른 2026년 경기도 중소기업육성자금 융자지원계획 변경 공고+.pdf,,,온라인 및 방문 접수 - 온라인 : 경기도 중소기업육성자금통합관리시스템 - 접수처 : 사업장 소재지 경기신용보증재단 지점 방문 접수,경기신용보증재단 고객센터 대표번호 1577-5900 및 지점별 문의처 공고문 참조,https://g-money.gg.go.kr/main.htm,2026-03-31 13:36:12,finance_all.json,bizinfo
PBLN_000000000118345,[경기] 광명시 2026년 소규모 유통업 육성자금 지원 공고,경기도,기초자치단체,금융,예산 소진시까지,중소기업,타지역,,False,"소기업,경영안정,운전자금,육성기금,점포",「광명시 중소기업육성기금 설치 및 운용 조례」제11조에 따라 광명시 소재 제조업체의 경영안정 및 경쟁력 강화를 지원하기 위해 2026년 광명시 중소기업 육성자금 지원계획을 다음과 같이 공고합니다. ☞ 신청일 현재 광명시에 소재한 업체로「한국표준산업분류」상 도매 및 소매업(G45~47)에 해당하는 유통업체 중 다음 조건을 충족하는 업체 - 사업자등록을 마친 점포 중 매장면적이 300㎡ 이하인 점포 - 소규모 점포의 운영(운전자금)에 직접 소요되는 자금이 필요한 사업자 ☞ 대출금리 중 2%에 대한 이자차액 보전 지원 - 점포당 한도 5천만원 이내 소규모 점포 운영자금,https://www.bizinfo.go.kr/sii/siia/selectSIIA200Detail.do?pblancId=PBLN_000000000118345,https://www.bizinfo.go.kr/cmm/fms/getImageFile.do?atchFileId=FILE_000000000743363&fileSn=0,2026년 광명시 소규모 유통업 육성자금 지원계획 공고문.hwp,https://www.bizinfo.go.kr/cmm/fms/getImageFile.do?atchFileId=FILE_000000000743364&fileSn=0,2026년 광명시 소규모 유통업 육성자금 지원계획 공고문.pdf,"방문 접수 - 접수처 : 광명시청 투자유치과 기업지원팀(시청로 20, 제1별관 2층)",광명시청 투자유치과 기업지원팀 02-2680-2266,,2026-02-09 15:19:29,finance_all.json,bizinfo
PBLN_000000000118336,[경기] 광명시 2026년 중소기업 육성자금(제조업ㆍ지식산업ㆍ정보통신산업) 지원계획 공고,경기도,기초자치단체,금융,예산 소진시까지,중소기업,타지역,,False,"소기업,경영안정,육성기금","「광명시 중소기업육성기금 설치 및 운용 조례」제11조에 따라 광명시 소재 제조업체의 경영안정 및 경쟁력 강화를 지원하기 위해 2026년 광명시 중소기업 육성자금 지원계획을 다음과 같이 공고합니다. ☞ 관내 제조업, 지식산업, 정보통신산업 중소기업 ※ 자세한 지원대상 공고문 참조 ☞ 대출금리 중 2%에 대한 이자차액 보전 지원 - 업체당 최대 3억원 이내(전년도 매출액 1/3 범위 내)",https://www.bizinfo.go.kr/sii/siia/selectSIIA200Detail.do?pblancId=PBLN_000000000118336,https://www.bizinfo.go.kr/cmm/fms/getImageFile.do?atchFileId=FILE_000000000743341&fileSn=0,2026년 광명시 중소기업 육성자금(제조업 지식산업 정보통신산업) 지원계획 공고문.pdf,https://www.bizinfo.go.kr/cmm/fms/getImageFile.do?atchFileId=FILE_000000000743342&fileSn=0,2026년 광명시 중소기업 육성자금(제조업 지식산업 정보통신산업) 지원계획 공고문.hwp,"방문 접수 - 접수처 : 광명시청 투자유치과 기업지원팀(시청로 20, 제1별관 2층)",광명시청 투자유치과 기업지원팀 02-2680-2266,,2026-02-09 13:28:49,finance_all.json,bizinfo
PBLN_000000000118341,[경기] 광명시 2026년 중소기업 특례보증 지원계획 공고,경기도,경기신용보증재단,금융,예산 소진시까지,중소기업,타지역,,False,"소기업,특례보증,보증","광명시 소재 중소기업 중 담보 부족 및 보증 한도 초과로 신용보증서 발급이 어려운 관내 중소기업 지원을 위한 2026년 광명시 중소기업 특례보증 지원계획을 다음과 같이 공고합니다. ☞ 광명시 관내 중소기업 ☞ 보증한도 업체당 3억원 이내, 보증기간 3~4년 지원",https://www.bizinfo.go.kr/sii/siia/selectSIIA200Detail.do?pblancId=PBLN_000000000118341,https://www.bizinfo.go.kr/cmm/fms/getImageFile.do?atchFileId=FILE_000000000743347&fileSn=0,2026년 광명시 중소기업 특례보증 지원계획 공고문.pdf,https://www.bizinfo.go.kr/cmm/fms/getImageFile.do?atchFileId=FILE_000000000743348&fileSn=0,2026년 광명시 중소기업 특례보증 지원계획 공고문.hwp,"방문 접수 - 접수처 : 경기신용보증재단 광명지점 (철산로 36, 9층(철산동, 양정타워))",광명시청 투자유치과 기업지원팀 02-2680-2266 / 경기신용보증재단 광명지점 031-690-4360,,2026-02-09 13:45:30,finance_all.json,bizinfo
PBLN_000000000120481,[경기] 김포시 2026년 중소기업 육성자금 지원계획 공고,경기도,기초자치단체,금융,예산 소진시까지,중소기업,타지역,,False,"소기업,운전자금,시설자금","「김포시 중소기업 육성자금 지원조례」제7조에 따라 2026년 김포시 중소기업 육성자금(운전자금 및 시설자금) 지원계획을 다음과 같이 공고합니다. ☞ 운전자금, 시설자금 대출을 희망하는 관내 중소기업 ① 운전자금 : 신청일 현재 관내 사업자등록 및 공장등록을 필한「중소기업기본법」 제2조의 중소기업으로「김포시 중소기업 육성자금 지원조례」제6조에 해당하는 기업체 ② 시설자금 : 운전자금의 조건을 만족하면서 관내 개별입지공장에서 관내 산업단지로 입주한 기업체(이전한 지 3년 이내, 1회에 한함) ☞ 대출금리 중 0.5%~3.0%에 대한 이자차액 보전 지원(최대 3.0%)",https://www.bizinfo.go.kr/sii/siia/selectSIIA200Detail.do?pblancId=PBLN_000000000120481,https://www.bizinfo.go.kr/cmm/fms/getImageFile.do?atchFileId=FILE_000000000750221&fileSn=0,2026년 김포시 중소기업 육성자금 지원계획 공고문.hwp,,,"방문 접수 - 접수처 : 경기도 김포시 사우중로 31, NH농협은행 김포시지부 ※ 은행 영업시간 내 현장접수(영업시간: 09시~16시(변동가능))",김포시 기업지원과 031-980-2286 NH농협은행 김포시지부 031-980-0509,,2026-04-07 13:53:47,finance_all.json,bizinfo
PBLN_000000000122057,[경기] 김포시 중소기업 육성자금 긴급 경영자금(중동위기 피해 관련) 지원계획 공고,경기도,기초자치단체,금융,예산 소진시까지,중소기업,타지역,,False,"소기업,운전자금,이차보전",「김포시 중소기업 육성자금 지원조례」 제6조 규정에 따라 중동위기 대응 김포시 중소기업 긴급 경영자금 이차보전 지원계획을 다음과 같이 공고합니다. ☞ 중동분쟁으로 인한 수출ㆍ입 피해 및 경영 애로 기업 - 「중소기업기본법」 제2조의 중소기업으로 「김포시 중소기업 육성자금 지원조례」 제6조에 해당하는 기업체 - 중동 정세 영향으로 인한 경영애로 발생 기업 ※ 자세한 지원대상 공고문 참조 ☞ 업체당 운전자금 5억원 이내 지원 - 대출금리 중 0.5%~3.0%에 대한 이자차액 보전(최대 3.0%),https://www.bizinfo.go.kr/sii/siia/selectSIIA200Detail.do?pblancId=PBLN_000000000122057,https://www.bizinfo.go.kr/cmm/fms/getImageFile.do?atchFileId=FILE_000000000755721&fileSn=0,김포시 중소기업 긴급경영자금 지원계획 공고문.hwp,,,방문 접수 - 접수처 : NH농협은행 김포시지부(경기도 김포시 사우중로 31) ※ 은행 영업시간 내 현장 접수,김포시 기업지원과 031-980-2286 / NH농협은행 김포시지부 031-980-0509,,2026-05-15 13:49:59,finance_all.json,bizinfo
PBLN_000000000117074,[경기] 부천시 2026년 중소기업특례보증 지원 계획 공고,경기도,경기신용보증재단,금융,예산 소진시까지,중소기업,타지역,,False,"소기업,경영안정,특례보증,보증",담보부족으로 자금조달이 어려운 중소기업의 경영안정 도모를 위한 2026년 중소기업특례보증 지원 계획을 다음과 같이 공고합니다. ☞ 「중소기업기본법」제2조에 해당하는 부천시 소재 중소기업 중 기업 신용평가등급 CCC이상 기업 ☞ 담보력이 부족한 중소기업에 일반보증보다 심사기준 완화하여 특례보증 지원 - 보증한도 3억 원 이내 / 보증기간 5년 이내,https://www.bizinfo.go.kr/sii/siia/selectSIIA200Detail.do?pblancId=PBLN_000000000117074,https://www.bizinfo.go.kr/cmm/fms/getImageFile.do?atchFileId=FILE_000000000739664&fileSn=0,2026년 부천시 중소기업특례보증 지원 계획 공고.hwp,,,"방문 접수 - 접수처 : 경기신용보증재단 부천지점(부천시 원미구 소향로 217, 4층)",경기신용보증재단 부천지점 031-690-4263~4 / 부천시 기업지원과 기업정책팀 032-625-2734,,2026-01-02 10:25:13,finance_all.json,bizinfo
PBLN_000000000117075,[경기] 부천시 2026년 특례보증 지원 계획 공고,경기도,경기신용보증재단,금융,예산 소진시까지,중소기업,타지역,,False,"소기업,특례보증,보증",부천시 저신용 및 창업 제조기업 육성 지원을 위한 2026년 부천형 특례보증 지원 계획을 다음과 같이 공고합니다. ☞ 관내 저신용ㆍ창업 중소제조기업 ☞ 담보력이 부족한 저신용ㆍ창업 중소제조기업에 일반보증보다 심사기준 완화하여 특례보증 지원 - 보증한도 1억 원 이내 / 보증기간 5년 이내,https://www.bizinfo.go.kr/sii/siia/selectSIIA200Detail.do?pblancId=PBLN_000000000117075,https://www.bizinfo.go.kr/cmm/fms/getImageFile.do?atchFileId=FILE_000000000739665&fileSn=0,2026년 부천형 특례보증 지원 계획 공고.hwp,,,"방문 접수 - 접수처 : 경기신용보증재단 부천지점(부천시 원미구 소향로 217, 4층)",경기신용보증재단 부천지점 031-690-4263~4 / 부천시 기업지원과 기업정책팀 032-625-2734,,2026-01-02 10:26:02,finance_all.json,bizinfo
PBLN_000000000124111,[경기] 부천시 2026년 하반기 중소기업육성자금 지원 계획 공고,경기도,기초자치단체,금융,예산 소진시까지,중소기업,타지역,,False,"소기업,시설자금,이차보전,융자","「부천시 기업 육성 및 지원에 관한 조례」제40조의 규정에 따라 2026년도 하반기 중소기업육성자금 지원 계획을 다음과 같이 공고합니다. ☞ 신청일 현재「중소기업기본법」 제2조에 따른 중소기업 - 제조업, 제조업 관련 서비스업, 지식기반(서비스)산업, 호텔업 ※ 자세한 지원대상 공고문 참조 ☞ 협약은행에서 자금 대출 시 대출이자 일부 지원 - 이차보전율 : 0.5% ~ 3.0%(대출금리 및 상환조건에 따라 차등) - 융자기간 : 3년(3년 원금균등상환, 1년거치 2년상환) - 융자한도 : 기업당 총 10억원 이내(운전·시설자금 각 5억원) ※ 자세한 지원내용 공고문 참조",https://www.bizinfo.go.kr/sii/siia/selectSIIA200Detail.do?pblancId=PBLN_000000000124111,https://www.bizinfo.go.kr/cmm/fms/getImageFile.do?atchFileId=FILE_000000000763531&fileSn=1,2026년 하반기 부천시 중소기업육성자금 지원 계획 공고.hwpx,,,"방문 접수 - 접수처 : 부천시 원미구 평천로 655, 401동 1505호(약대동, 부천테크노파크4단지)",경기도 부천시 기업지원과 032-625-2734,,2026-07-08 13:07:25,finance_all.json,bizinfo
PBLN_000000000117177,[경기] 성남시 2026년 중소기업 특례보증 지원계획 공고,경기도,경기신용보증재단,금융,예산 소진시까지,중소기업,타지역,,False,"소기업,경영안정,운전자금,특례보증,보증","성장잠재력은 있으나 자금조달이 어려운 중소기업을 위하여 자금난을 해소하고 경영안정을 도모하고자 2026년 성남시 중소기업 특례보증 지원계획을 아래와 같이 공고합니다. ☞ 성남시에 소재한「중소기업기본법」제2조 규정에 의한 중소기업 ※ 자세한 지원대상 공고문 참조 ☞ 운전자금 특례보증 지원(보증한도 업체별 3억원 이내, 보증기간 3년 이내) ※ 자세한 지원내용 공고문 참조",https://www.bizinfo.go.kr/sii/siia/selectSIIA200Detail.do?pblancId=PBLN_000000000117177,https://www.bizinfo.go.kr/cmm/fms/getImageFile.do?atchFileId=FILE_000000000739998&fileSn=0,2026년 성남시 중소기업 특례보증 지원계획 공고.hwp,,,"방문 접수 - 접수처 : 성남시 분당구 분당로53번길 3, 3층(서현동) 경기신용보증재단 성남지점","성남시 기업혁신과 031-729–2634, 경기신용보증재단 성남지점 031-690-4457",,2026-01-07 10:36:29,finance_all.json,bizinfo
PBLN_000000000117188,[경기] 성남시 2026년 중소기업육성자금 이차보전금 지원계획 공고,경기도,농협은행,금융,예산 소진시까지,중소기업,타지역,,False,"소기업,운전자금,이차보전,융자",「성남시 중소기업 육성자금 지원 조례」제4조의 규정에 따라 2026년도 성남시 중소기업육성자금 이차보전금 지원계획을 다음과 같이 공고합니다. ☞ 「중소기업기본법」제2조의 중소기업으로 신청일 현재 관내 주된 사무소 (본사) 또는 사업장을 둔 기업 ※ 자세한 지원대상 공고문 참조 ☞ 운전자금 융자지원(대출) 금액에 대한 이자 일부 지원,https://www.bizinfo.go.kr/sii/siia/selectSIIA200Detail.do?pblancId=PBLN_000000000117188,https://www.bizinfo.go.kr/cmm/fms/getImageFile.do?atchFileId=FILE_000000000739997&fileSn=0,2026년 중소기업육성자금 이차보전금 지원계획 공고.hwp,,,"방문 접수 - 접수처 : 농협은행 성남시지부, 신한은행 성남공단금융센터, 우리은행 성남공단지점, KEB하나은행 성남지점, 중소기업은행 성남하이테크지점, KB국민은행 성남하이테크밸리지점, SC제일은행 판교지점 ※ 대출가능여부 은행에서 사전상담 후 접수","농협은행 성남시지부 031-740-6643, 신한은행 성남공단금융센터 031-732-6195, 우리은행 성남공단지점 031-744-5885(512), 및 기타 문의처 공고문 참조",,2026-01-07 10:36:15,finance_all.json,bizinfo
PBLN_000000000117965,[경기] 수원시 2026년 중소기업 동행지원 사업계획 공고,경기도,기초자치단체,금융,예산 소진시까지,중소기업,타지역,,False,"소기업,경영안정,보증",수원시 중소기업의 금융비용 부담을 완화하고 경영안정을 도모하고자 2025년 수원시 중소기업 동행지원 사업계획을 다음과 같이 공고합니다. ☞ 본사나 사업장이 수원시에 소재한 중소기업 ☞ 신용 또는 기술보증 연계 자금지원 및 이자ㆍ보증수수료 지원 ※ 자세한 지원내용 공고문 참조,https://www.bizinfo.go.kr/sii/siia/selectSIIA200Detail.do?pblancId=PBLN_000000000117965,https://www.bizinfo.go.kr/cmm/fms/getImageFile.do?atchFileId=FILE_000000000742049&fileSn=0,2026년 수원시 중소기업 동행지원 사업계획 공고문.hwp,,,"방문 접수 - 접수처 : IBK기업은행 전 지점 ※ 협약기관 : (은행) 기업은행 / (보증기관) 신용보증기금, 기술보증기금, 경기신용보증재단 ※ 보증 수수료는 은행—보증기관 간의 협약에 따라 별도 지원",IBK기업은행 동수원지점 031-239-6571 / 수원시 기업지원과 031-5191-2997,,2026-01-28 14:32:26,finance_all.json,bizinfo
PBLN_000000000117945,[경기] 수원시 2026년 중소기업 특례보증 지원계획 공고,경기도,경기신용보증재단,금융,예산 소진시까지,중소기업,타지역,,False,"소기업,경영안정,특례보증,보증",수원시 소재 중소기업의 경영안정 및 경쟁력 향상을 지원하기 위하여 2026년 중소기업 특례보증 지원계획을 다음과 같이 공고합니다. ☞ 「중소기업기본법」 제2조 규정에 의한 수원시 소재 중소기업 ☞ 중소기업 특례보증 (업체당 3억원 이내) 지원 ※ 자세한 지원내용 공고문 참조,https://www.bizinfo.go.kr/sii/siia/selectSIIA200Detail.do?pblancId=PBLN_000000000117945,https://www.bizinfo.go.kr/cmm/fms/getImageFile.do?atchFileId=FILE_000000000742048&fileSn=0,2026년 수원시 중소기업 특례보증 지원계획 공고문.hwp,,,방문 접수 - 접수처 : 경기신용보증재단 팔달ㆍ광교지점,경기신용보증재단 팔달ㆍ광교지점 1577-5900 / 수원시 기업지원과 031-5191-2997,,2026-01-28 14:21:19,finance_all.json,bizinfo
PBLN_000000000117967,[경기] 수원시 2026년 중소기업육성자금 융자지원 계획 공고,경기도,기초자치단체,금융,예산 소진시까지,중소기업,타지역,,False,"소기업,경영안정,운전자금,시설자금,융자","수원시 중소기업의 경영안정 및 지역경제 활성화를 위한 2026년 수원시 중소기업육성자금 융자지원 계획을 다음과 같이 공고합니다. ☞ 본사나 사업장이 수원시에 소재(등록)한 중소기업 - 제조업, 지식기반산업, 문화산업, 사회적기업 ※ 자세한 지원대상 공고문 참조 ☞ 운전자금(융자한도 5천만원~5억원), 시설자금(융자한도 5억원~7억원) 지원 ※ 자세한 지원내용 공고문 참조",https://www.bizinfo.go.kr/sii/siia/selectSIIA200Detail.do?pblancId=PBLN_000000000117967,https://www.bizinfo.go.kr/cmm/fms/getImageFile.do?atchFileId=FILE_000000000742050&fileSn=0,2026년 수원시 중소기업육성자금 융자지원 계획 공고문.hwp,,,방문 접수 - (운전자금) 6개 협약은행 (국민ㆍ기업ㆍ농협ㆍ신한ㆍ우리ㆍ하나은행 전 지점) - (시설자금) 1개 협약은행 (기업은행 전 지점) ※ 자세한 신청방법 공고문 참조,수원시청 기업지원과 031-5191-2997 및 지점별 문의처 공고문 참조,,2026-01-28 14:51:33,finance_all.json,bizinfo
PBLN_000000000117995,[경기] 용인시 2026년 중소기업 특례보증 지원계획 공고,경기도,경기신용보증재단,금융,예산 소진시까지,중소기업,타지역,,False,"소기업,운전자금,특례보증,보증","「용인시 중소기업의 육성 및 지원에 관한 조례」제5조에 따른 2026년 용인시 중소기업 특례보증 지원계획을 다음과 같이 공고합니다. ☞ 「중소기업기본법」 제2조에 따른 중소기업으로, 용인시 관내에 주된 사무소(본사) 또는 사업장을 둔 기업 ☞ 기업당 최대 3억원 운전자금 지원",https://www.bizinfo.go.kr/sii/siia/selectSIIA200Detail.do?pblancId=PBLN_000000000117995,https://www.bizinfo.go.kr/cmm/fms/getImageFile.do?atchFileId=FILE_000000000742226&fileSn=0,2026년 용인시 중소기업 특례보증 지원계획 공고문.hwp,https://www.bizinfo.go.kr/cmm/fms/getImageFile.do?atchFileId=FILE_000000000742227&fileSn=0,(붙임1) 개인(기업) 정보 수집·이용 및 제3자 제공 동의서.hwp,사전상담 후 온라인 접수 ① 사전상담(경기신용보증재단 용인지점) ② 온라인 신청(용인기업지원시스템),"경기신용보증재단 용인지점 031-285-8681 (105,116) / 용인시 기업지원과 031-6193-2286",https://ybs.ypa.or.kr/poratlAppFormDtl.do?regNo=RGS_0000000000000509#LINK,2026-01-30 09:44:38,finance_all.json,bizinfo
PBLN_000000000122613,[경기] 평택시 2026년 수출ㆍ환변동 보험료 지원사업 모집 공고,경기도,평택산업진흥원,금융,예산 소진시까지,중소기업,타지역,,False,소기업,"재단법인 평택산업진흥원에서는 대내외 경제 불확실성 증가 및 환율 변동성 확대로 인한 평택시 내 중소기업들의 환위험 관리 능력을 보완하고, 환율 변동으로 인한 피해를 최소화 하기 위해 아래와 같이 참여기업을 모집하오니 적극적인 참여 바랍니다. ☞ 공고 마감일 기준 본사, 연구소, 등록공장 소재지가 평택인 중소기업 ☞ 한국무역보험공사의 수출ㆍ환변동 보험료 지원(기업당 최대 3,000천원)",https://www.bizinfo.go.kr/sii/siia/selectSIIA200Detail.do?pblancId=PBLN_000000000122613,https://www.bizinfo.go.kr/cmm/fms/getImageFile.do?atchFileId=FILE_000000000757667&fileSn=0,[공고] 2026년 ｢수출환변동 보험료 지원사업｣ 공고문.pdf,https://www.bizinfo.go.kr/cmm/fms/getImageFile.do?atchFileId=FILE_000000000757668&fileSn=0@https://www.bizinfo.go.kr/cmm/fms/getImageFile.do?atchFileId=FILE_000000000757668&fileSn=1@https://www.bizinfo.go.kr/cmm/fms/getImageFile.do?atchFileId=FILE_000000000757668&fileSn=2,붙임3. 확약서.hwp@붙임1. 신청서.hwp@붙임2. 개인정보활용동의서.hwp,온라인 접수 (평택기업지원시스템),평택산업진흥원 기업지원팀 031-8029-9348,https://pipabiz.or.kr/icu/contents/ICU10201000.do?page=1&viewCount=12&id=&schBdcode=&schGroupCode=&schM=view&idx=224,2026-05-29 15:08:18,finance_all.json,bizinfo
PBLN_000000000117711,[경기] 포천시 2026년 중소기업 육성자금 융자지원 (이자차액 보전) 계획 공고,경기도,기초자치단체,금융,예산 소진시까지,중소기업,타지역,,False,"소기업,운전자금,융자","경제적 어려움을 겪고 있는 포천시 제조업체에 육성자금 융자지원을 통해 안정적인 경영활동을 도모하고 기업경쟁력을 강화하기 위한 2026년 포천시 중소기업 육성자금 융자지원(이자차액 보전) 계획을 다음과 같이 공고합니다. ☞ 「중소기업기본법」 제2조에 따른 중소기업으로 신청일 현재 포천시에 본사와 공장이 모두 소재하는 제조 중소기업 ☞ 협약 은행에서 받은 대출액 이자의 1.5% ~ 4.5% 이자지원(이자 차액 보전) - 운전자금(인건비, 원부자재 구입 등), 시설설비 구입비 등 업체당 2억원 이내(상환방법 3년 이내)",https://www.bizinfo.go.kr/sii/siia/selectSIIA200Detail.do?pblancId=PBLN_000000000117711,https://www.bizinfo.go.kr/cmm/fms/getImageFile.do?atchFileId=FILE_000000000741457&fileSn=0,2026년 포천시 중소기업 육성자금 융자지원 계획 공고.hwp,https://www.bizinfo.go.kr/cmm/fms/getImageFile.do?atchFileId=FILE_000000000741458&fileSn=0,신청서 등(서식).hwp,방문 접수 - 접수처 : 융자 협약은행 ※ 포천시 관내 9개 협약 은행 공고문 참조,포천시 기업지원과 기업지원팀 031-538-3274,,2026-01-21 14:19:58,finance_all.json,bizinfo
PBLN_000000000122024,[경기] 하남시 2026년 중소기업 특례보증 지원 확대 계획 공고,경기도,경기신용보증재단,금융,예산 소진시까지,중소기업,타지역,,False,"소기업,특례보증,보증",중동 전쟁으로 인한 대외 경제 불확실성 속에서 관내 중소기업의 자금난을 해소하고 경영 안정을 도모하고자 「2026년 하남시 중소기업 특례보증 지원 확대 계획」을 다음과 같이 공고합니다. ☞ 중소기업기본법 제2조에 규정한 중소기업 ☞ 특례보증 및 보증료 지원 - 특례보증 : 업체당 최대 3억원 이내(심사 거쳐 보증금액 확정) - 보증료 : 특례보증시 발생하는 보증료 1% 이내 지원,https://www.bizinfo.go.kr/sii/siia/selectSIIA200Detail.do?pblancId=PBLN_000000000122024,https://www.bizinfo.go.kr/cmm/fms/getImageFile.do?atchFileId=FILE_000000000755624&fileSn=0,2026년 중소기업 특례보증 지원 확대 계획 공고.pdf,,,"방문, 온라인, 모바일 접수 - 접수처 : (13023) 경기도 하남시 검단산로 239, 경기창업혁신공간 1층 - 온라인 : 경기신용보증재단 - 모바일 : 경기신용보증재단 앱 Easy One 이용 ※ 전화 후 방문(031-690-4555, 4560, 4563)","경기신용보증재단 하남지점 031-690-4555, 4560, 4563",https://www.gcgf.or.kr/cyber/,2026-05-15 09:45:24,finance_all.json,bizinfo
PBLN_000000000125084,[경기] 화성시 2026년 중소기업 매출채권보험 지원사업 변경사항 공고,경기도,기초자치단체,금융,예산 소진시까지,중소기업,타지역,,False,"소기업,보증",외상거래 위험에 따른 신용리스크를 중소기업(제조업) 스스로 관리하여 자생력을 키우고자 화성시-신용보증기금 협약 2026년 중소기업 매출채권보험 지원사업을 다음과 같이 공고합니다. ☞ 당기매출액 500억원 미만인 본사 또는 주사업장의 소재지가 화성시에 있는「중소기업기본법」제2조에 따른 중소기업 ☞ 매출채권보험료의 최대 70% 지원(기업당 최대 2백만원),https://www.bizinfo.go.kr/sii/siia/selectSIIA200Detail.do?pblancId=PBLN_000000000125084,https://www.bizinfo.go.kr/cmm/fms/getImageFile.do?atchFileId=FILE_000000000767580&fileSn=0,(공고2738) 2026년 화성시 중소기업 매출채권보험 지원사업 공고.pdf,https://www.bizinfo.go.kr/cmm/fms/getImageFile.do?atchFileId=FILE_000000000767581&fileSn=0,(공고2738) 2026년 화성시 중소기업 매출채권보험 지원사업 공고.hwpx,방문 접수 - 접수처 : 전국 신용보험센터,"경기신용보험센터 031-230-1581 및 서울, 인천권역 신용보험센터 공고문 참조",,2026-08-04 13:52:29,finance_all.json,bizinfo
PBLN_000000000117728,[경기] 화성시 2026년 중소기업 특례보증 지원계획 공고,경기도,경기신용보증재단,금융,예산 소진시까지,중소기업,타지역,,False,"소기업,특례보증,보증","「화성시 기업지원 및 기업활동 촉진 등에 관한 조례」제5조에 따라 2026년도 화성시 중소기업 특례보증 지원계획을 다음과 같이 공고합니다. ☞ 「중소기업기본법」제2조에 따른 중소기업으로, 사업자등록일로부터 1년 이상 경과한 관내 중소기업 ☞ 기업당 최대 3억원 이내 보증지원(최장 5년)",https://www.bizinfo.go.kr/sii/siia/selectSIIA200Detail.do?pblancId=PBLN_000000000117728,https://www.bizinfo.go.kr/cmm/fms/getImageFile.do?atchFileId=FILE_000000000741498&fileSn=0,(공고2026271호)2026년 화성시 중소기업 특례보증 지원계획 공고 및 신청서.hwp,,,※ 신청방법 공고문 참조 - 접수처 : 경기신용보증재단,경기신용보증재단 대표전화 (1577-5900) / 경기신용보증재단 화성지점 (031-366-8070) / 화성시 기업지원과 (031-5189-2371),,2026-01-22 09:30:20,finance_all.json,bizinfo
PBLN_000000000118014,[경남] 2026년 농어촌진흥기금 농산물 가격안정자금 융자시행계획 공고,경상남도,직접수행,금융,2026-02-02 ~ 2026-12-31,중소기업,타지역,,False,"소기업,융자","「경상남도 농어촌진흥기금 설치 및 운용 조례」제11조의 규정에 의하여 경상남도 소재 농업인, 농업관련 법인, 생산자단체에 대한 농어촌진흥기금 가격안정자금 융자시행계획을 다음과 같이 공고합니다. ☞ 도내 생산 농산물을 수매ㆍ저장하고자 하는 도내 거주하는 농업인 및 도내 주된 사무소를 둔 농업 관련 법인ㆍ생산자단체 - 대상품목 : 도내 생산 농산물(마늘, 양파, 녹차, 단감 등) ☞ 운영자금 융자 지원(연리 1.0%, 청년농업인 0.8%) - 지원한도 개인 50백만원, 법인 70백만원 지원",https://www.bizinfo.go.kr/sii/siia/selectSIIA200Detail.do?pblancId=PBLN_000000000118014,https://www.bizinfo.go.kr/cmm/fms/getImageFile.do?atchFileId=FILE_000000000742228&fileSn=0,2026년+농산물+가격안정자금(농어촌진흥기금)+융자시행계획+공고문.hwp,,,방문 접수 - 접수처 : 시군 농업기술센터(읍면동),경남도청 농정국 스마트농업과 055-211-6353 및 시ㆍ군 농업기술센터 가격안정자금담당 부서,,2026-01-30 09:53:33,finance_all.json,bizinfo
PBLN_000000000123412,[경남] 2026년 수산부산물 재활용 규제자유특구 책임보험 지원기업 모집 공고,경상남도,경남테크노파크,금융,2026-06-19 ~ 2026-11-30,중소기업,타지역,,False,소기업,"경남 수산부산물 재활용 규제자유특구 관련 “실증특례확인서”를 받은 특구사업자를 대상으로 수산부산물 재활용 규제자유특구 기업지원사업을 안내하오니, 해당 프로그램 참여를 희망하는 기업의 많은 신청 바랍니다. ☞ 경남 수산부산물 재활용 규제자유특구 관련 실증 특례지정 및 참여기업(기관) - 9차 경남 수산부산물 재활용 규제자유특구 실증특례확인서를 받은 특구사업자 ☞ 책임보험 가입 지원 - 지역특구법 제88조, 제90, 동법 시행령 제60조 근거, 법적 보장한도를 포함한 책임보험 가입비용 지원 - 기업당 가입보험료의 80%(최대 20백만원) 이내 지원",https://www.bizinfo.go.kr/sii/siia/selectSIIA200Detail.do?pblancId=PBLN_000000000123412,https://www.bizinfo.go.kr/cmm/fms/getImageFile.do?atchFileId=FILE_000000000760824&fileSn=1,붙임1. 지원기업 모집공고문_책임보험+.pdf,https://www.bizinfo.go.kr/cmm/fms/getImageFile.do?atchFileId=FILE_000000000760825&fileSn=1,붙임2. 기업지원 신청서_책임보험.hwp,"온라인 접수 (경남테크노파크) ※ 상시접수 중 지원기업 모집 완료 시 자동 종료, 관련사항 담당자 문의 요청","경남테크노파크 조선해양본부 055-670-6614, shsehd46@gntp.or.kr",https://www.gntp.or.kr/biz/applyInfo/3784,2026-06-22 10:10:23,finance_all.json,bizinfo
PBLN_000000000118586,[경남] 2026년 식품진흥기금 융자금 지원계획 공고,경상남도,직접수행,금융,예산 소진시까지,중소기업,타지역,,False,"소기업,융자","「경상남도 식품진흥기금 설치 및 운용 조례」 제4조(융자계획)에 따라 2026년도 경상남도 식품진흥기금 ‘시설개선’ 융자금 지원계획을 다음과 같이 공고합니다. ☞ HACCP 지정업소 또는 적용 희망업소, 식품제조ㆍ가공업소, 식품위생검사기관, 식품접객업소 ☞ 식품진흥기금 융자금(총 소요액의 80% 이내) 지원 ※ 자세한 지원내용 공고문 참조",https://www.bizinfo.go.kr/sii/siia/selectSIIA200Detail.do?pblancId=PBLN_000000000118586,https://www.bizinfo.go.kr/cmm/fms/getImageFile.do?atchFileId=FILE_000000000743977&fileSn=0,2026년+경상남도+식품진흥기금+융자+지원계획+공고문.hwp,,,방문 접수 - 접수처 : 영업장 소재지 관할 시ㆍ군 식품위생부서,경상남도 식품위생과 (055-211-5014) 및 시ㆍ군 식품위생부서 (공고문 4p 참조),,2026-02-19 10:11:35,finance_all.json,bizinfo
PBLN_000000000120422,[경남] 2026년 중소기업육성자금 특별자금(이란사태 피해 관련) 지원계획 수정 공고,경상남도,경남투자경제진흥원,금융,예산 소진시까지,중소기업,타지역,,False,"소기업,이차보전","최근 이란사태에 따라 도내 중동지역 수출 중소기업 금융부담 해소를 위한 2026년 경상남도 중소기업육성자금 특별자금(이란사태 피해 관련) 지원 계획을 다음과 같이 수정 공고합니다. ☞ 「중소기업기본법」제2조에 따른 중소기업으로 주사무소(본사)와 사업장이 모두 경남에 소재하고, '26. 1월 1일 이후 대중동 직접수출실적 보유 기업 ※ 한국무역협회 기준 중동 22개국 : 아랍에미리트, 바레인, 알제리, 이집트, 이스라엘, 이라크, 이란, 요르단, 쿠웨이트, 레바논, 리비아, 모로코, 모리타니, 오만, 팔레스타인 해방기구, 카타르, 사우디, 수단, 시리아, 튀니지, 예멘, 튀르키예 ☞ 중소기업육성자금에 대한 이차보전 지원 ※ 자세한 지원내용 공고문 참조",https://www.bizinfo.go.kr/sii/siia/selectSIIA200Detail.do?pblancId=PBLN_000000000120422,https://www.bizinfo.go.kr/cmm/fms/getImageFile.do?atchFileId=FILE_000000000750035&fileSn=1,2026년+경상남도+중소기업육성자금+특별자금(이란사태+피해+관련)+지원계획+공고(수정).hwp,,,온라인 접수 (경상남도 중소기업육성자금 누리집),"경상남도 투자경제진흥원 기업지원단 055-230-2901 / 경상남도 경제기업과 055-211-3325, 3326",https://www.gibamoney.or.kr/main.web,2026-04-06 13:33:26,finance_all.json,bizinfo
PBLN_000000000125352,[경남] 2026년 하반기 식품진흥기금 융자금 지원계획 공고,경상남도,기초자치단체,금융,예산 소진시까지,중소기업,타지역,,False,"소기업,융자","｢경상남도 식품진흥기금 설치 및 운용 조례｣ 제4조(융자계획)에 따라 2026년도 경상남도 식품진흥기금 ‘시설개선’ 융자금 지원계획을 다음과 같이 공고합니다. ☞ HACCP 지정업소또는 적용 희망업소, 식품제조ㆍ가공업소(즉석판매제조ㆍ가공업 포함), 식품위생검사기관, 식품접객업소(휴게ㆍ일반, 제과점, 위탁급식) ☞ 대상별 5천만원~2억원 식품진흥기금 융자 지원 ※ 자세한 지원내용 공고문 참조",https://www.bizinfo.go.kr/sii/siia/selectSIIA200Detail.do?pblancId=PBLN_000000000125352,https://www.bizinfo.go.kr/cmm/fms/getImageFile.do?atchFileId=FILE_000000000768738&fileSn=0,2026년+경상남도+식품진흥기금+융자+지원계획+공고문(하반기).hwpx,,,방문 접수 - 접수처 : 영업장 소재지 관할 시ㆍ군 식품위생부서,경상남도 식품위생과 055-211-5014 및 각 시ㆍ군 식품위생부서 문의처 공고문 4p 참조,,2026-08-11 14:56:33,finance_all.json,bizinfo
PBLN_000000000117303,[경남] 거제시 2026년 조선협력사 중소기업 육성자금 연장 지원 계획 공고,경상남도,기초자치단체,금융,2026-01-02 ~ 2026-12-29,중소기업,타지역,,False,"소기업,이차보전,융자","조선 협력사의 원활한 자금 운용과 경영 정상화를 지원하고자, 기존 중소기업 육성자금 융자 지원을 받고 있는 조선 협력사를 대상으로 2026년도 상환 유예 및 이차보전 연장 지원계획을 다음과 같이 공고합니다. ☞ 거제시 중소기업 육성자금을 지원받고 있는 조선 협력사로서, 최종 상환일이 2026년 12월 31일 이전인 기업체 ※ 2025년 연장지원 업체도 신청 가능 ※ 조선 협력사 : 신청일 기준, 하도급 업체는 삼성중공업 또는 한화오션과 하도급 계약을 체결한 기업을 말하며, 재하도급 업체는 이들 업체와 계약한 하도급 업체와 재하도급 계약을 체결한 기업을 말함 ☞ 상환 유예(만기 연장), 이자 차액(연 최대 3%) 지원",https://www.bizinfo.go.kr/sii/siia/selectSIIA200Detail.do?pblancId=PBLN_000000000117303,https://www.bizinfo.go.kr/cmm/fms/getImageFile.do?atchFileId=FILE_000000000740323&fileSn=0,2026년 조선협력사 중소기업 육성자금 연장 지원 공고문.hwp,,,- 접수처 : 거제시청 조선지원과,거제시청 조선지원과 조선산업팀 055-639-4153,,2026-01-09 14:32:03,finance_all.json,bizinfo
PBLN_000000000117276,[경남] 김해시 2026년 사회적경제기업 금융지원 사업 계획 공고,경상남도,기초자치단체,금융,예산 소진시까지,사회적기업,타지역,,False,"경영안정,보증","저금리 금융지원으로 사회적경제기업 경영안정 및 금융접근성 제고를 위한 「2026년 김해시 사회적경제기업 금융지원 사업」계획을 다음과 같이 공고하오니, 많은 참여를 부탁드립니다. ☞ 관내 사회적경제기업 - (예비)사회적기업, 마을기업, 자활기업, (사회적)협동조합 ☞ 기업 경영안정 및 시설현대화자금 지원 - 대출한도액 및 기간 : 기업당 최대 2억원/2년",https://www.bizinfo.go.kr/sii/siia/selectSIIA200Detail.do?pblancId=PBLN_000000000117276,https://www.bizinfo.go.kr/cmm/fms/getImageFile.do?atchFileId=FILE_000000000740300&fileSn=0,2026년 김해시 사회적경제기업 금융지원 사업계획 공고.hwp,,,상담 및 신청 접수 - 보증상담 및 접수 : 신용보증기금 김해지점 및 김해중앙지점 - 상담 및 대출실행 : BNK경남은행(관내 영업점 상담 가능) ※ 자세한 사항 공고문 참조,"보증상담 및 접수관련 문의 신용보증기금 김해지점 055-320-2714, 김해중앙지점 055-310-6414 / 사업 문의 김해시 민생경제과 055-330-3453",,2026-01-09 13:37:57,finance_all.json,bizinfo
PBLN_000000000117258,[경남] 김해시 2026년 상반기 중소기업육성자금 지원 계획 공고,경상남도,기초자치단체,금융,예산 소진시까지,중소기업,타지역,,False,"소기업,경영안정,시설자금,이차보전","2026년도 상반기 김해시 중소기업육성자금 지원 계획을 다음과 같이 공고합니다. ☞ 김해시에 본점 또는 사업장을 두고 매출실적이 3개월 이상 있는 공장등록된 중소제조업체 ※ 자세한 지원대상 공고문 참조 ☞ 경영안정자금 및 시설자금 지원 - 이차보전율 : 경영안정자금 2.5%, 시설자금 2%(우대기업 0.5% 추가 지원)",https://www.bizinfo.go.kr/sii/siia/selectSIIA200Detail.do?pblancId=PBLN_000000000117258,https://www.bizinfo.go.kr/cmm/fms/getImageFile.do?atchFileId=FILE_000000000740280&fileSn=0,2026년 상반기 김해시 중소기업육성자금 공고.hwp,,,온라인 접수 (김해시중소기업육성자금),김해시 기업투자유치단 055-330-3446 / 김해시 기업애로119센터 055-330-3119,https://www.gimhae.go.kr/bizmoney.web,2026-01-09 11:21:06,finance_all.json,bizinfo
PBLN_000000000119481,[경남] 진주시 2026년 중소기업 개별 수출보험료 지원사업 공고,경상남도,한국무역보험공사경남지사,금융,예산 소진시까지,중소기업,타지역,,False,"소기업,보증","관내 중소기업이 무역 거래 중 발생되는 각종 위험으로부터 보호받을 수 있도록 2026년 중소기업 개별 수출보험료 지원사업을 아래와 같이 공고합니다. ☞ 진주시에 본사 또는 지사(공장) 소재한 중소기업 ☞ 수출보험, 신용보증, 수입보험, 환변동보험 등 지원 (기업당 2,000천원)",https://www.bizinfo.go.kr/sii/siia/selectSIIA200Detail.do?pblancId=PBLN_000000000119481,https://www.bizinfo.go.kr/cmm/fms/getImageFile.do?atchFileId=FILE_000000000746752&fileSn=0,2026년 중소기업 개별 수출보험료 지원계획 공고문.hwp,,,"방문, 팩스 및 이메일 접수 - 접수처 : (우)51430 창원시 성산구 중앙대로 257 경남무역회관 5층 - 팩스 : 02-6234-1443 - 이메일 : pjh01061@ksure.or.kr",한국무역보험공사 경남지역본부 055-286-9394 진주시청 기업통상과 055-749-8147,,2026-03-13 13:25:30,finance_all.json,bizinfo
PBLN_000000000118917,[경남] 진주시 2026년 창업기업 신용보증수수료 지원사업 공고,경상남도,기초자치단체,금융,예산 소진시까지,창업벤처,타지역,,False,"소기업,융자,보증",2026년 창업기업 신용보증수수료 지원사업을 다음과 같이 공고합니다. ☞ 공고일 기준 창업 7년 이내 중소기업으로 진주시 소재 본사 또는 주사무소와 공장등록을 필한 제조업체(한국표준산업분류기준) ☞ 창업 중소기업의 기업자금 융자담보를 위한 신용보증수수료 지원 - 2026년 납부한 보증수수료의 50%(업체당 최대 2백만원),https://www.bizinfo.go.kr/sii/siia/selectSIIA200Detail.do?pblancId=PBLN_000000000118917,https://www.bizinfo.go.kr/cmm/fms/getImageFile.do?atchFileId=FILE_000000000744786&fileSn=0,공고문(2026년 창업기업 신용보증수수료 지원사업).hwp,,,"방문 및 우편 접수 - 접수처 : (52782) 진주시 대신로244번길 8(상대동), 상평혁신지원센터 3층 운영사무실",진주시 기업통상과 창업지원팀 055-749-4845,,2026-02-26 13:40:37,finance_all.json,bizinfo
PBLN_000000000123907,[경남] 진주시 2026년 하반기 중소기업육성기금 지원계획 공고,경상남도,기초자치단체,금융,예산 소진시까지,중소기업,타지역,,False,"소기업,육성기금,융자",2026년 하반기 진주시 중소기업육성기금 지원 계획을 다음과 같이 변경 공고합니다. ☞ 진주시에 본사와 사업장을 둔 중소기업으로서 다음 중 어느 하나에 해당되어야 함 ① 공장등록을 완료하고 제조전업률이 30% 이상인 제조업체 (제조전업률 = 손익계산서상 제품매출액/총매출액) ② 공장등록을 완료하고「중소기업협동조합법」제2조 1호 나목에 따른 중소기업협동조합 ③ 소프트웨어 개발업체(한국표준산업분류코드 58221~58222) ☞ 업체별 융자한도 2억원 ~ 9억원 지원 ※ (재해피해업체) 기존한도의 1.5배 이내(최대 11억 원) ※ 자세한 지원내용 공고문 참조,https://www.bizinfo.go.kr/sii/siia/selectSIIA200Detail.do?pblancId=PBLN_000000000123907,https://www.bizinfo.go.kr/cmm/fms/getImageFile.do?atchFileId=FILE_000000000762719&fileSn=2,2026년 하반기 진주시 중소기업육성기금 지원계획 공고.pdf,https://www.bizinfo.go.kr/cmm/fms/getImageFile.do?atchFileId=FILE_000000000762751&fileSn=1,2026년 하반기 진주시 중소기업육성기금 지원계획 공고.hwpx,"방문 또는 우편 접수 - 접수처 : (우)52789 진주시 동진로 155, 진주시 기업통상과(시청 3층)",진주시 기업통상과 기업정책팀 055-749-8134,,2026-07-02 14:26:18,finance_all.json,bizinfo
PBLN_000000000117298,[경남] 창녕군 2026년 상반기 중소기업 육성자금 융자지원 계획 공고,경상남도,기초자치단체,금융,예산 소진시까지,중소기업,타지역,,False,"소기업,경영안정,이차보전,융자","「창녕군 중소기업육성자금 지원 조례」제9조 및 제10조에 따라 2026년도 창녕군 중소기업육성자금 지원계획을 다음과 같이 공고합니다. ☞「창녕군 중소기업육성자금 지원 조례」제6조에 따라 융자신청일 현재 공장등록을 하고 가동 중인 중소기업 ※ 자세한 내용 공고문 참조 ☞ 경영안정자금, 기술개발자금, 시설현대화자금 지원 - 융자한도액 : 업체당 최대 3억 원 이내 - 융자상환기간: 2년 (1년 거치 1년 분할 상환, 2년 만기 일시상환 (택1)) - 이차보전율: 3% ※ 자세한 내용 공고문 참조",https://www.bizinfo.go.kr/sii/siia/selectSIIA200Detail.do?pblancId=PBLN_000000000117298,https://www.bizinfo.go.kr/cmm/fms/getImageFile.do?atchFileId=FILE_000000000740434&fileSn=0,2026년 창녕군 중소기업육성자금 지원계획 공고문.hwp,,,"방문 접수 접수처 : NH농협은행 창녕군지부, BNK경남은행 창녕지점 - NH농협은행 창녕군지부 : 창녕읍 종로 18 - BNK경남은행 창녕지점 : 창녕읍 군청길 18 ※ 금융기관에 융자 가능 여부 및 융자가능액 사전 상담",창녕군 일자리경제과 기업유치팀 055-530-1694,,2026-01-12 09:49:56,finance_all.json,bizinfo
PBLN_000000000116487,[경남] 창원시 2025년 중소기업육성자금 긴급 융자 지원사업 재공고,경상남도,기초자치단체,금융,예산 소진시까지,중소기업,타지역,,False,"소기업,융자","대외 무역 여건 변화로 어려움을 겪고 있는 수출기업의 금융 부담을 완화하고 안정적인 경영 환경 조성을 위해 중소기업육성자금 긴급 융자 지원사업을 아래와 같이 공고합니다. ☞ 본사와 사업장을 창원시에 두고 있는 전년도 연간 매출액 200억 원 이하의 제조업 기반 중소기업 중 직접수출 실적이 있는 업체 및 직접수출 업체의 납품업체(2024. 1. 1. 이후의 수출실적) ☞ 업체당 최대 3억 원 지원 - 1년 거치 일시 상환, 1년간 200억 원 - 업체별 경남은행 대출금리에서 연 3.20% 이자를 감면",https://www.bizinfo.go.kr/sii/siia/selectSIIA200Detail.do?pblancId=PBLN_000000000116487,https://www.bizinfo.go.kr/cmm/fms/getImageFile.do?atchFileId=FILE_000000000737037&fileSn=0,2025년 중소기업 긴급 융자 지원사업 재공고문.hwp,,,방문 접수 - 접수처 : BNK경남은행 ※ 자세한 신청방법 공고문 참조,"창원시청 경제일자리국 지역경제과 055-225-3169, 3215",,2025-11-24 09:47:49,finance_all.json,bizinfo
PBLN_000000000117254,[경남] 창원시 2026년 중소기업 육성자금 융자지원 계획 공고,경상남도,기초자치단체,금융,예산 소진시까지,중소기업,타지역,,False,"소기업,경영안정,시설자금,이차보전,융자","2026년도 창원시 중소기업 육성자금 융자 이차보전금 지원 계획을 다음과 같이 공고합니다. ☞ 창원시에 본사와 사업장을 둔 중소기업 ☞ 경영안정자금(대환용도 사용 가능) 및 시설자금 지원 - 대출금리 : 시중 대출금리에서 이차보전율을 감한 금리 - 이차보전 : 연 2.5%(2년 거치기간), 연 1.5%(1년 분기별 균등 상환기간) - 상환방식 : 2년 거치 일시상환 또는 2년 거치 1년 분기별 균등상환",https://www.bizinfo.go.kr/sii/siia/selectSIIA200Detail.do?pblancId=PBLN_000000000117254,https://www.bizinfo.go.kr/cmm/fms/getImageFile.do?atchFileId=FILE_000000000740265&fileSn=0,2026년 중소기업 육성자금 융자지원 계획 공고문.hwp,,,방문 접수 - 접수처 : 융자취급금융기관 9개소(시와 협약 체결한 은행) ※ 공고문 참조,"창원시 지역경제과 (055-225-3215, 3216)",,2026-01-09 10:46:43,finance_all.json,bizinfo
PBLN_000000000125736,[경남] 함안군 2026년 하반기 농업발전기금 융자시행계획 공고,경상남도,기초자치단체,금융,2026-08-18 ~ 2026-09-11,중소기업,타지역,,False,"소기업,시설자금,융자","「함안군농업발전기금 설치 및 운용 조례」제12조의 규정에 의하여 함안군 소재 농어업인, 농어업관련 법인, 생산자단체, 공동사업장에 대한 농업발전기금 융자시행계획을 다음과 같이 공고합니다. ☞ 함안군 관내 주소를 둔 농어업인 및 주된 사무소를 두고 있는 농어업관련 법인ㆍ생산자 단체 ☞ 운영자금, 시설자금 지원 - 대출금리 : 고정금리(최대 5%지원)",https://www.bizinfo.go.kr/sii/siia/selectSIIA200Detail.do?pblancId=PBLN_000000000125736,https://www.bizinfo.go.kr/cmm/fms/getImageFile.do?atchFileId=FILE_000000000770371&fileSn=0,공고문.pdf,,,방문 접수 - 접수처 : 신청인의 주소지 읍ㆍ면 사무소,함안군농업기술센터 농정담당 055-580-4402,,2026-08-24 14:08:41,finance_all.json,bizinfo
PBLN_000000000117158,[경북] 2026년 벤처기업 육성자금 운용계획 공고,경상북도,경상북도경제진흥원,금융,예산 소진시까지,중소기업,타지역,,False,"소기업,운전자금,시설자금,특례보증,융자,보증","기술력은 우수하나 담보력이 부족한 벤처기업 및 청년 기술창업으로 자금 확보에 어려움을 겪고 있는 기업 등에게 기술평가보증(청년창업특례보증)으로 자금을 추가 지원하여 벤처산업 육성과 지역경제 활성화 도모를 위한 융자계획을 다음과 같이 공고합니다. ☞ 도내 소재 중소기업 및 청년창업자 등 ※ 자세한 융자대상 공고문 참조 ☞ 시설자금 및 운전자금 융자 지원 - 시설자금 : 생산설비 및 시험검사장비 등의 도입에 소요되는 자금, 사업장 건축 및 확보자금 등 (매입, 경ㆍ공매 등) - 운전자금 : 원부자재 구입비, 인건비 등 기업경영에 소요되는 자금 지원",https://www.bizinfo.go.kr/sii/siia/selectSIIA200Detail.do?pblancId=PBLN_000000000117158,https://www.bizinfo.go.kr/cmm/fms/getImageFile.do?atchFileId=FILE_000000000739905&fileSn=0,2026년도 벤처기업육성자금 지원 계획(공고).pdf,https://www.bizinfo.go.kr/cmm/fms/getImageFile.do?atchFileId=FILE_000000000739906&fileSn=0@https://www.bizinfo.go.kr/cmm/fms/getImageFile.do?atchFileId=FILE_000000000739906&fileSn=1,벤처기업육성자금 신청서식.hwp@2026년도 벤처기업육성자금 지원 계획(공고).hwp,"방문 접수 - 접수처 : 기술보증기금 7개 지점(포항, 구미, 경산, 대구, 대구북, 대구서, 대구달성) ※ 세부사항은 공고문 참조",경상북도경제진흥원 054-470-8550,,2026-01-06 13:57:09,finance_all.json,bizinfo
PBLN_000000000117214,[경북] 2026년 중소기업 운전자금(이차보전) 지원 계획 공고,경상북도,경상북도경제진흥원,금융,예산 소진시까지,중소기업,타지역,,False,"소기업,경영안정,운전자금,이차보전,융자","일시적 자금난 및 재해 등으로 어려움을 겪고 있는 지역 중소기업에 대출이자의 일부를 지원하여 기업경영 안정화 도모를 지원해드리는 사업입니다. ☞ ​ 경상북도 내 사업장(사업자등록증명원의 소재지, 매출액)을 둔「중소기업기본법」 상의 중소기업 ※ 자금별 지원대상 상이 (공고문 참조) ☞ 중소기업 운전자금, 재해기업 긴급경영안정자금, 관세대응 긴급경영안정자금 지원 ※ 최근 1년 이내, 중소기업 운전자금 旣 지원받은 업체도 긴급경영안정자금(재해기업, 관세대응)은 중복 신청 가능 ※ 긴급경영안전자금(재해기업, 관세대응) 미소진시 중소기업 운전자금으로 전환 예정 ※ 업체별 융자한도액 상이 (공고문 참조)",https://www.bizinfo.go.kr/sii/siia/selectSIIA200Detail.do?pblancId=PBLN_000000000117214,https://www.bizinfo.go.kr/cmm/fms/getImageFile.do?atchFileId=FILE_000000000739942&fileSn=0,2026년도 중소기업 운전자금 지원 계획.hwp,,,온라인 접수(지펀드) 및 시ㆍ군 중소기업지원 담당부서(공고문 참조),"경상북도 기업지원과 054-880-2681, (재)경상북도경제진흥원 054-470-8570 및 해당 시군 중소기업지원부서 (공고문 참조)",https://www.gfund.kr/,2026-01-08 13:08:49,finance_all.json,bizinfo
PBLN_000000000117162,[경북] 2026년 창업 및 경쟁력강화 사업자금 지원 계획 공고,경상북도,경상북도경제진흥원,금융,예산 소진시까지,중소기업,타지역,,False,"소기업,시설자금,융자,보증","창업기업 및 기존 제조업체의 생산설비 및 ESG 경영 등에 소요되는 자금을 장기 저리로 융자 지원하여 창업과 투자를 촉진하고 지역경제 활성화에 기여하는 사업입니다. ☞ 경상북도 내에 사업장(종된 사업장 제외)을 둔 「중소기업기본법」 상의 중소기업 ☞ 시설자금 업체당 8억원 이내(공급가액의 75% 범위) 지원 - 부지매입비 및 공장신축비, 사업장매입비, 기계구입비, 공장 또는 제조시설 임차보증금, 기존 공장의 증ㆍ개축비, ESG경영에 따른 시설자금 - 융자기간 : 3년 거치 5년 균등분할상환",https://www.bizinfo.go.kr/sii/siia/selectSIIA200Detail.do?pblancId=PBLN_000000000117162,https://www.bizinfo.go.kr/cmm/fms/getImageFile.do?atchFileId=FILE_000000000739891&fileSn=0,2026년 창업 및 경쟁력강화 사업자금 지원 계획(공고).hwp,https://www.bizinfo.go.kr/cmm/fms/getImageFile.do?atchFileId=FILE_000000000739892&fileSn=0,신청서식_2026년 창업 및 경쟁력강화 사업자금.hwp,온라인 접수 (경상북도중소기업육성자금 홈페이지),경상북도경제진흥원 금융지원팀 054-470-8550,https://www.gfund.kr/,2026-01-06 13:24:12,finance_all.json,bizinfo
PBLN_000000000120964,[경북] 경주시 2026년 중소기업 화재보험료 지원사업 참여기업 모집 공고,경상북도,경상북도경제진흥원,금융,예산 소진시까지,중소기업,타지역,,False,소기업,"경주시와 경북경제진흥원에서는「경주시 중소기업 화재보험료 지원사업」을 추진하고 있습니다. 참여를 희망하시는 기업은 신청하여 주시기 바랍니다. ☞ 신청일 현재 해당 사업장이 화재보장(화재손해, 화재배상) 보험에 가입된 기업(①~③모두 충족) ① 사업장 기준: 경주지역에 사업자등록된 사업장 ② 기업규모 기준: 「중소기업기본법」상 중소기업 ③ 업종 기준: 공장등록(공장등록증명서) 된 제조기업 ☞ 연간보험료의 35~90% 지원, 업체당 최대 4백만원 지원",https://www.bizinfo.go.kr/sii/siia/selectSIIA200Detail.do?pblancId=PBLN_000000000120964,https://www.bizinfo.go.kr/cmm/fms/getImageFile.do?atchFileId=FILE_000000000751788&fileSn=0,「2026년 경주시 중소기업 화재보험료 지원사업」참여업체 모집 공고.pdf,https://www.bizinfo.go.kr/cmm/fms/getImageFile.do?atchFileId=FILE_000000000751789&fileSn=0,「2026년 경주시 중소기업 화재보험료 지원사업」 참여신청 서식.hwp,온라인 접수 (중소기업 화재보험료 지원사업) ※ 신청 후 반드시 접수사이트에서 접수 여부 확인,"경상북도경제진흥원 동부지소 054-612-2979, 2978",https://www.gepa-safe.kr/,2026-04-17 14:37:07,finance_all.json,bizinfo
PBLN_000000000120604,[경북] 구미시 2026년 중소기업 신용보증수수료 지원사업 공고,경상북도,경상북도경제진흥원,금융,예산 소진시까지,중소기업,타지역,,False,"소기업,시설자금,융자,보증",구미시 기업사랑 및 기업활동 촉진 등에 관한 조례 제3조 및 제26조에 따라 2026년 구미시 중소기업 신용보증수수료 지원사업을 다음과 같이 공고합니다. ☞ 구미시 소재 중소기업 ※ 자세한 지원대상 공고문 참조 ☞ 운전ㆍ시설자금 융자 담보를 위한 신용보증기관의 보증수수료 지원,https://www.bizinfo.go.kr/sii/siia/selectSIIA200Detail.do?pblancId=PBLN_000000000120604,https://www.bizinfo.go.kr/cmm/fms/getImageFile.do?atchFileId=FILE_000000000750601&fileSn=0,공고_2026 구미시 중소기업 신용보증수수료 지원사업.hwp,https://www.bizinfo.go.kr/cmm/fms/getImageFile.do?atchFileId=FILE_000000000750602&fileSn=0,신청서식_2026 구미시 중소기업 신용보증수수료 지원사업.hwp,방문 또는 이메일 접수 - 접수처 : 경상북도경제진흥원 ESGㆍ기업지원팀 - 이메일 : djlee@gepa.kr,경상북도경제진흥원 ESGㆍ기업지원팀 054-470-8550,,2026-04-09 13:50:32,finance_all.json,bizinfo
PBLN_000000000117324,[경북] 문경시 2026년 중소기업 운전자금 지원 계획 공고,경상북도,기초자치단체,금융,예산 소진시까지,중소기업,타지역,,False,"소기업,운전자금,이차보전,융자","자금난을 겪고 있는 중소기업에 대하여 운전자금 융자 및 대출이자 일부를 지원하여 기업 경영 안정화를 도모하고자 「2026년도 문경시 중소기업 운전자금 지원 계획」을 붙임과 같이 공고합니다. ☞ 문경시 내 사업장(사업자등록증명원의 소재지, 매출액)을 두고 정상 운영 중인 ｢중소기업기본법｣ 상의 중소기업 ☞ 중소기업 운전자금 융자한도 업체당 최대 3억원(우대업체 최대 5억원) 지원 ※ 이차보전율 : 3%(도비분(2%) 추가 이차보전율 1%)",https://www.bizinfo.go.kr/sii/siia/selectSIIA200Detail.do?pblancId=PBLN_000000000117324,https://www.bizinfo.go.kr/cmm/fms/getImageFile.do?atchFileId=FILE_000000000740469&fileSn=0,2026년도 문경시 중소기업 운전자금 지원 계획.hwp,,,온라인(경상북도 중소기업육성자금 홈페이지) 또는 방문 접수 - 접수처 : 문경시청 일자리경제과 기업지원팀,문경시청 일자리경제과 기업지원팀 054-550-6167,https://www.gfund.kr/,2026-01-12 11:07:04,finance_all.json,bizinfo
PBLN_000000000125798,[경북] 성주군 2026년 중소기업 운전자금(이차보전) 추석분 접수 계획 공고,경상북도,기초자치단체,금융,2026-08-31 ~ 2026-09-04,중소기업,타지역,,False,"소기업,운전자금,이차보전,융자","성주군 중소기업 운전자금(이차보전) 추석분 접수 계획을 다음과 같이 공고합니다. ☞ 성주군 내 사업장(사업자등록증명원의 소재지, 매출액)을 둔「중소기업 기본법」상의 중소기업 ※ 자세한 지원대상 공고문 참조 ☞ 융자한도 일반업체 최대 3억원, 우대업체 최대 5억원 지원 ※ 자세한 지원내용 공고문 참조",https://www.bizinfo.go.kr/sii/siia/selectSIIA200Detail.do?pblancId=PBLN_000000000125798,https://www.bizinfo.go.kr/cmm/fms/getImageFile.do?atchFileId=FILE_000000000770592&fileSn=0,2026+중소기업+운전자금(이차보전)+추석분+공고.hwpx,,,온라인 및 오프라인 접수 - 온라인 : Gfund 경상북도중소기업육성자금 - 접수처 : 성주군청 4층 기업지원과,성주군 기업지원과 054-930-6435 / 경상북도경제진흥원 054-470-8570,https://www.gfund.kr/,2026-08-25 14:07:12,finance_all.json,bizinfo
PBLN_000000000117319,[경북] 의성군 2026년 중소기업 고용보조금 지원사업 공고,경상북도,기초자치단체,금융,예산 소진시까지,중소기업,타지역,,False,소기업,"관내 중소기업에 고용보조금을 지원하여 신규 일자리 창출 및 인력난 해소로 인구를 정착시키고 지역경제를 활성화하고자 2026년 중소기업 고용보조금 지원사업을 다음과 같이 공고하오니, 관심 있는 관내 중소기업에서는 신청하시기 바랍니다. ☞ 관내에 본사나 사업장을 두고 1년 이상 정상가동 중이고 고용보험에 가입하고, 근로자 수가 3명 이상인 관내 중소기업 - 2025. 7. 1.이후 신규채용한 근로자를 6개월 이상 고용유지하고 있는 중소기업 - 의성군 내 공장 등록된 제조업체, 마을기업ㆍ사회적기업ㆍ청년기업 ☞ 보조금 지급 신청일 현재 6개월 이상 고용유지 확인 시 1인당 2,000천원 지원(기업당 최대 2명)",https://www.bizinfo.go.kr/sii/siia/selectSIIA200Detail.do?pblancId=PBLN_000000000117319,https://www.bizinfo.go.kr/cmm/fms/getImageFile.do?atchFileId=FILE_000000000740487&fileSn=0,2026년 중소기업 고용보조금 지원사업 공고.hwp,,,"방문 또는 우편 접수 - 접수처 : (37333) 의성군 의성읍 안평의성로 1122-24, 미래산업과 기업투자팀",의성군청 관광복지국 미래산업과 기업투자팀 054-830-6617,,2026-01-12 13:49:19,finance_all.json,bizinfo
PBLN_000000000117316,[경북] 의성군 2026년 중소기업 운전자금 지원 공고,경상북도,기초자치단체,금융,2026-01-05 ~ 2026-12-31,중소기업,타지역,,False,"소기업,경영안정,운전자금,이차보전,융자","중소기업의 경영안정을 통한 지역경제 활성화를 위하여「2026년 의성군 중소기업 운전자금 지원」을 다음과 같이 공고합니다. ☞ 관내 정상가동 중인 중소기업(업종별 요건 충족) ☞ 운전자금 융자 추천 및 대출이자의 일부 지원 - 융자규모 : 11,500백만원(도 4,500 군 7,000) - 이차보전율 : 4.0% ※ 자세한 지원내용 공고문 참조",https://www.bizinfo.go.kr/sii/siia/selectSIIA200Detail.do?pblancId=PBLN_000000000117316,https://www.bizinfo.go.kr/cmm/fms/getImageFile.do?atchFileId=FILE_000000000740482&fileSn=0,2026년 의성군 중소기업 운전자금 공고문.hwp,,,"방문, 등기우편, 온라인(경상북도중소기업육성자금 G펀드) 접수 - 접수처 : (37333) 의성군 의성읍 안평의성로 1122-24, 미래산업과 기업투자팀 ※ 자세한 신청방법 공고문 참조",의성군청 관광복지국 미래산업과 기업투자팀 054-830-6617,https://www.gfund.kr/,2026-01-12 13:23:43,finance_all.json,bizinfo
PBLN_000000000117340,[경북] 칠곡군 2026년 설대비 중소기업 운전자금(이차보전) 지원 계획 공고,경상북도,기초자치단체,금융,예산 소진시까지,중소기업,타지역,,False,"소기업,운전자금,육성기금,이차보전","일시적 자금난 및 재해 등으로 어려움을 겪고 있는 지역 중소기업에 대출이자의 일부를 지원하여 기업경영 안정화 도모를 위한 2026년도 설대비 중소기업 운전자금(이차보전) 지원 계획을 다음과 같이 공고하오니 희망업체는 기한 내에 신청하여 주시기 바랍니다. ☞ 칠곡군 내 사업장(사업자등록증명원의 소재지, 매출액)을 둔 ｢중소기업기본법｣ 상의 중소기업 ※ 자세한 지원대상 공고문 참조 ☞ 중소기업 운전자금 신규 대출 건에 대한 이자 일부 지원 ※ 자세한 지원내용 공고문 참조",https://www.bizinfo.go.kr/sii/siia/selectSIIA200Detail.do?pblancId=PBLN_000000000117340,https://www.bizinfo.go.kr/cmm/fms/getImageFile.do?atchFileId=FILE_000000000740234&fileSn=0,2026년도 설대비 중소기업 운전자금 지원 계획.hwp,https://www.bizinfo.go.kr/cmm/fms/getImageFile.do?atchFileId=FILE_000000000740235&fileSn=0,지펀드 신청매뉴얼.hwp,온라인 접수(경상북도 중소기업육성기금 지펀드) ※ 자금신청 전 대출 희망 은행과 협의(대출가능여부) 후 신청(은행 신규 대출 건에 대한 이자 일부 지원),칠곡군청 투자유치과 054-979-6533,https://www.gfund.kr/,2026-01-12 14:55:29,finance_all.json,bizinfo
PBLN_000000000122368,[광주] 2026년 농업발전기금 융자사업 공고,전남광주통합특별시,직접수행,금융,반기별 상이,중소기업,타지역,,False,"소기업,융자","농식품 상품성제고와 가공시설확충사업 등을 추진하여 농식품산업 경쟁력 제고 및 농업ㆍ농촌 발전을 도모하기 위한 「2026년도 농업발전기금 융자사업」계획을 다음과 같이 공고합니다. ☞ 광주광역시 관내 농업인과 농업법인, 생산자 단체 및 농식품 제조ㆍ가공업체 ☞ 개소당 50백만원 이내 융자 지원",https://www.bizinfo.go.kr/sii/siia/selectSIIA200Detail.do?pblancId=PBLN_000000000122368,https://www.bizinfo.go.kr/cmm/fms/getImageFile.do?atchFileId=FILE_000000000756844&fileSn=1,2026년 농업발전기금 융자사업 공고문_.pdf,,,방문 접수 - 접수처 : 사업장 소재지 관할 구청(농업부서),광주광역시 농업동물정책과 062-613-3965,,2026-05-22 14:59:35,finance_all.json,bizinfo
PBLN_000000000119834,[광주] 2026년 벤처기업육성자금 지원계획 공고,전남광주통합특별시,기술보증기금,금융,예산 소진시까지,창업벤처,타지역,,False,"융자,보증","벤처기업 창업 촉진과 안정적 성장 등을 위한 2026년도 벤처기업육성자금의 지원 계획을 붙임과 같이 공고합니다. ☞ 광주 지역소재 법상 벤처기업, 창업 7년 이내 광(光) 관련기업 ☞ 업체 당 5억원(시설3, 운전2) 융자 지원 - 상환방법 : 2년 거치 일시상환 - 이자지원 : 2.3%p - 채권보전 : 기술보증기금의 보증서 - 대출금리 : 은행별 변동금리",https://www.bizinfo.go.kr/sii/siia/selectSIIA200Detail.do?pblancId=PBLN_000000000119834,https://www.bizinfo.go.kr/cmm/fms/getImageFile.do?atchFileId=FILE_000000000748009&fileSn=0,☆2026년도 벤처기업육성자금 공고문.hwp,,,- 접수처 : 기술보증기금,기술보증기금 광주기술평가센터 062-360-4600 / 기술보증기금 광주서기술평가센터 062-970-9200 / 기술보증기금 광주북기술평가센터 062-570-7300,,2026-03-23 14:41:57,finance_all.json,bizinfo
PBLN_000000000119836,[광주] 2026년 상반기 구조고도화자금 지원 계획 공고,전남광주통합특별시,광주경제진흥상생일자리재단,금융,예산 소진시까지,중소기업,타지역,,False,"소기업,경영안정,운전자금,시설자금,육성기금,융자","「광주광역시 중소기업육성기금 특별회계설치 및 운용조례」 제7조의 규정에 따라 2026년도 상반기 구조고도화자금 지원 계획을 다음과 같이 공고합니다. ☞ 공장 및 제조업장을 소유하거나 임차 중인 중소 제조업체, 제조업 관련 서비스업체 ☞ 구조고도화자금(창업지원사업, 경쟁력강화사업, 경영안정사업) 지원 - 창업지원사업(3년 거치, 5년 균분상환 / 지원 한도 10억원 / 시설자금) - 경쟁력강화사업(3년 거치, 5년 균분상환 / 지원 한도 10억원 / 시설자금) - 경영안정화사업(1년 거치, 2년 균분상환 / 지원 한도 3억원 / 운전자금)",https://www.bizinfo.go.kr/sii/siia/selectSIIA200Detail.do?pblancId=PBLN_000000000119836,https://www.bizinfo.go.kr/cmm/fms/getImageFile.do?atchFileId=FILE_000000000748017&fileSn=0,공고문_2026년도 상반기 구조고도화자금 지원.pdf,https://www.bizinfo.go.kr/cmm/fms/getImageFile.do?atchFileId=FILE_000000000748018&fileSn=0,신청서식_2026년도 상반기 구조고도화자금 지원.hwp,온라인 접수 (기금융자관리시스템),"광주광역시 하남혁신지원센터 일자리경제실 062-956-2647, 062-531-6332",https://harus.gjep.or.kr/harus/login/index.jsp,2026-03-23 15:11:09,finance_all.json,bizinfo
PBLN_000000000118203,[광주] 2026년 식품진흥기금 융자지원계획 공고,전남광주통합특별시,직접수행,금융,예산 소진시까지,중소기업,타지역,,False,"소기업,융자","식품위생법 제89조(식품진흥기금) 제3항 제1호 및 광주광역시 식품진흥기금관리ㆍ운용조례 제13조(융자계획의 공고)에 따라 2026년도 식품진흥기금 융자지원 계획을 다음과 같이 공고합니다. ☞ 융자신청일 현재 광주광역시 내에서 식품위생법에 의한 영업 신고(허가,등록)를 하고 있는 자로서 위생관리 시설을 개선ㆍ확충 하려는 자 ☞ 시설개선자금 1천만원~1억원 이내 및 육성자금 1천만원 지원 ※ 자세한 지원내용 공고문 참조",https://www.bizinfo.go.kr/sii/siia/selectSIIA200Detail.do?pblancId=PBLN_000000000118203,https://www.bizinfo.go.kr/cmm/fms/getImageFile.do?atchFileId=FILE_000000000742860&fileSn=0,2026년도 식품진흥기금 융자사업 공고문.hwpx,,,방문 접수 - 접수처 : 영업소 소재지 관할 자치구(식품위생부서),광주광역시 건강위생과 062-613-4363 / 동구청 위생과 062-608-2453 / 서구청 위생과 062-360-7238 / 남구청 위생과 062-607-4411 / 북구청 위생과 062-410-6699 / 광산구청 위생과 062-960-8783,,2026-02-04 13:17:48,finance_all.json,bizinfo
PBLN_000000000118134,[광주] 2026년 중소유통업구조개선자금 지원계획 공고,전남광주통합특별시,광주경제진흥상생일자리재단,금융,예산 소진시까지,중소기업,타지역,,False,"소기업,운전자금,육성기금","「광주광역시 중소기업육성기금 특별회계설치 및 운용조례」 제7조에 따라 2026년도 광주광역시 중소유통업구조개선자금 지원 계획을 다음과 같이 공고합니다. ☞ 통계청의 한국표준산업분류표 상 도매 및 소매업종을 영위하고, 광주광역시 관내에 사업자 등록을 한 후 6개월 이상 영업 중인 중소유통업체 ☞ 시설개선자금(지원한도 2억원 이하, 3년거치 5년균분상환), 운전자금(지원한도 1억원 이하,1년거치 2년균분상환) 지원",https://www.bizinfo.go.kr/sii/siia/selectSIIA200Detail.do?pblancId=PBLN_000000000118134,https://www.bizinfo.go.kr/cmm/fms/getImageFile.do?atchFileId=FILE_000000000742665&fileSn=0,2026년 중소유통구조개선자금 공고문(안).hwp,,,- 접수처 : 광주경제진흥상생일자리재단,"광주광역시 경제진흥상생일자리재단 062-956-2647, 531-6332",https://harus.gjep.or.kr,2026-02-03 11:18:43,finance_all.json,bizinfo
PBLN_000000000121214,[광주ㆍ전북ㆍ전남] 2026년 광주ㆍ호남권 거점기업 육성 금융지원 공고,전남광주통합특별시,광주경제진흥상생일자리재단,금융,예산 소진시까지,중소기업,타지역,,False,"소기업,육성기금,융자,보증",「광주광역시 중소기업육성기금 특별회계설치 및 운용조례」 제7조의 규정에 따라 2026년도 광주ㆍ호남권 거점기업 육성 금융지원 계획을 다음과 같이 공고합니다. ☞ 다음의 지원 대상 중 어느 하나에 해당하면서 보증기관(신용보증기금ㆍ기술보증기금)의 보증을 담보로 하면서 하나은행에서 대출실행하는 업체 - 공장 및 제조업장을 소유하거나 임차 중인 중소 제조업체 (한국표준산업분류코드의 제조업 10 ~ 34) [붙임 1] - 제조업 관련 서비스업체 [붙임 2] 및 지식서비스업체 [붙임 3] - 「중소기업협동조합법」에 의해 설립된 조합 중 공동사업을 시행하는 업종별 협동조합 ☞ 업체당 3억원 이내 한도 지원 - 이차 보전율 : (기본) 2% ~ (최대) 4% - 보증료 지원 : 보증기관의 0.2%p ~ 0.6%p 감면 ※ 자세한 지원내용 공고문 참조,https://www.bizinfo.go.kr/sii/siia/selectSIIA200Detail.do?pblancId=PBLN_000000000121214,https://www.bizinfo.go.kr/cmm/fms/getImageFile.do?atchFileId=FILE_000000000752656&fileSn=0,공고문_2026년도+광주·호남권+거점기업+육성+금융지원.hwp,https://www.bizinfo.go.kr/cmm/fms/getImageFile.do?atchFileId=FILE_000000000752657&fileSn=0,신청서식_2026년도+광주·호남권+거점기업+육성+금융지원.hwp,온라인 접수(기금융자관리시스템),"광주광역시 하남혁신지원센터 일자리경제실 062-531-6332, 062-956-2647",https://harus.gjep.or.kr/harus/login/index.jsp,2026-04-23 15:26:19,finance_all.json,bizinfo
PBLN_000000000125689,[대구] 2026년 AI 로봇 글로벌 혁신특구 수혜기업 추가 모집 공고,중소벤처기업부,대구기계부품연구원,금융,2026-08-20 ~ 2026-09-03,중소기업,타지역,,False,소기업,"중소벤처기업부와 대구광역시의 지원으로, 국내외 실증 및 해외인증을 통한 지역 AI 로봇 기업의 글로벌 진출 기반 마련 및 시장성 확보를 위한 「AI 로봇 글로벌 혁신특구」사업의 수행을 희망하는 특구사업자를 다음과 같이 모집하오니 관심 있는 기업의 많은 참여를 바랍니다. ☞ 「글로벌 혁신 규제자유특구계획」에서 지정된 특구사업자 - 규제자유특구 재정지원사업 운영요령 제10조(수행기관 등의 자격)에 해당하는 자 - 부여받은 실증특례를 활용하여 신산업보험 및 글로벌 진출(해외실증ㆍ인증)을 주도적으로 추진할 수 있는 자 ☞ 신산업 보험(책임보험(대인/대물) 가입), 글로벌 진출(해외인증) 지원",https://www.bizinfo.go.kr/sii/siia/selectSIIA200Detail.do?pblancId=PBLN_000000000125689,https://www.bizinfo.go.kr/cmm/fms/getImageFile.do?atchFileId=FILE_000000000770171&fileSn=1,[공고문] 『대구광역시 AI 로봇 글로벌 혁신특구』 수혜기업 추가 모집 공고+.pdf,https://www.bizinfo.go.kr/cmm/fms/getImageFile.do?atchFileId=FILE_000000000770172&fileSn=1@https://www.bizinfo.go.kr/cmm/fms/getImageFile.do?atchFileId=FILE_000000000770172&fileSn=2,[붙임1] (양식)글로벌 특구 제출서류_신산업 책임보험.hwpx@[붙임2] (양식)글로벌 특구 제출서류_해외인증.hwpx,"이메일 접수 (zem727@dmi.re.kr, kss0603@dmi.re.kr)","대구기계부품연구원 기계로봇연구본부 기계로봇연구본부 053-608-2045, 2072",,2026-08-21 13:48:35,finance_all.json,bizinfo
PBLN_000000000125765,[대구] 이노-덴탈 규제자유특구 특구사업자 책임보험료 지원 공고,중소벤처기업부,대구테크노파크,금융,2026-08-24 ~ 2026-09-04,중소기업,타지역,,False,소기업,"중소벤처기업부와 대구광역시가 지원하는 대구 이노-덴탈 규제자유특구와 관련하여 특구사업자들의 실증이행 과정에서 발생할 수 있는 인적ㆍ물적 손해를 배상하기 위한 책임보험 가입과 관련하여 지정된 사업자를 대상으로 책임보험료 지원을 아래와 같이 공고하오니, 특구사업자들의 많은 참여 바랍니다. ☞ 대구 이노-덴탈 규제자유특구 지정사업자 ☞ 지역특구법 시행령 제60조 제5항에 따른 책임보험료 지원",https://www.bizinfo.go.kr/sii/siia/selectSIIA200Detail.do?pblancId=PBLN_000000000125765,https://www.bizinfo.go.kr/cmm/fms/getImageFile.do?atchFileId=FILE_000000000770506&fileSn=6,1. 대구 이노-덴탈 규제자유특구 특구사업자 책임보험료 지원 공고문.pdf,https://www.bizinfo.go.kr/cmm/fms/getImageFile.do?atchFileId=FILE_000000000770507&fileSn=0,2. 대구 이노-덴탈 규제자유특구 특구사업자 책임보험료 지원 서식.hwp,이메일 접수(jbj6733@dgtp.or.kr),"대구테크노파크 의료바이오산업본부 이노덴탈센터 053-602-1824, jbj6733@dgtp.or.kr",,2026-08-25 10:36:48,finance_all.json,bizinfo
PBLN_000000000119420,[대전] 2026년 수출보증보험료 지원사업 참가기업 모집 공고,대전광역시,한국무역보험공사 대전세종충남본부,금융,예산 소진시까지,중소기업,타지역,,False,"소기업,보증","관내 수출 중소기업의 수출대금 미회수 위험 해소를 통한 안정적인 수출여건 조성을 위하여 「2026년 수출보증보험료 지원사업」참가기업을 모집하고자 다음과 같이 공고합니다. ☞ 대전에 본사 또는 사업장이 있는 중소기업 ☞ 수출보증보험료 100%(업체당 연간 25만원) 지원 - 지원종목 : 단기수출보험(단체보험), 수출신용보증(선적전)",https://www.bizinfo.go.kr/sii/siia/selectSIIA200Detail.do?pblancId=PBLN_000000000119420,https://www.bizinfo.go.kr/cmm/fms/getImageFile.do?atchFileId=FILE_000000000746550&fileSn=0,2026년_대전광역시청_수출보증보험료_지원사업_공고문.hwp,,,온라인 접수 (대전시 수출지원사업 관리시스템),"한국무역보험공사 대전세종충남지역본부 042-526-3293, khs01058@ksure.or.kr",https://www.djtrade.or.kr/mps/bzaBizanc/bizancView?srch_bza_org_cd=&schType=1&schText=&menuId=MENU00308&pageNum=1&siteId=&bza_key=BZA0000487&rowCnt=10,2026-03-12 13:45:05,finance_all.json,bizinfo
PBLN_000000000120054,[대전] 2026년 중소유통업 시설투자 및 운전자금 융자지원계획 공고,대전광역시,대전일자리경제진흥원,금융,예산 소진시까지,중소기업,타지역,,False,"소기업,운전자금,육성기금,점포,융자","대전광역시 중소기업육성기금조례 제10조의 규정에 의거 2026년도 중소유통업 시설투자 및 운전자금 융자지원계획을 다음과 같이 공고합니다. ☞ 대전 소재 유통업자(한국표준산업분류의 도ㆍ소매업(대상 업종 붙임3)) - 유통업자는 본사 또는 사업장이 관내 소재한 영업 6월 이상 업체 ☞ 운영자금, 시설개선자금 지원 - 운영자금 : 재료비, 인건비, 일반관리비 등 경상운영비 - 시설개선자금 : 점포시설개선, 전문상가 시설개선, 전문상가 건립, 공동창고 건립",https://www.bizinfo.go.kr/sii/siia/selectSIIA200Detail.do?pblancId=PBLN_000000000120054,https://www.bizinfo.go.kr/cmm/fms/getImageFile.do?atchFileId=FILE_000000000748795&fileSn=1,2026년도+중소유통업+시설투자+및+운전자금+융자지원계획+공고+(최종).hwp,,,방문 또는 이메일 접수 - 접수처 : 대전 유성구 가정북로 96 2층 201호 - 이메일 : mypark@djbea.or.kr,대전광역시 소상공정책과 042-270-3673 / 대전일자리경제진흥원 기업혁신성장팀 042-380-3081,,2026-03-27 11:21:19,finance_all.json,bizinfo
PBLN_000000000124917,[대전] 2026년 하반기 중소기업 구매조건 생산지원자금 지원 공고,대전광역시,대전일자리경제진흥원,금융,2026-07-27 ~ 2026-12-31,중소기업,타지역,,False,"소기업,육성기금","「대전광역시 중소기업육성기금 조례」에 따라, 2026년도 하반기 구매조건 생산지원자금 지원계획을 다음과 같이 공고합니다. ☞ 대전광역시에 본사 또는 사업장(사업자등록)을 소재한「중소기업기본법」상 중소기업으로 별첨 1「지원가능 업종」에 해당하는 기업 - 2026년 5월 이후 국내 대기업 및 중소기업, 또는 공공기관과의 납품계약 및 해외구매자(해외조달시장 포함)와의 수출 또는 납품 계약을 체결 후 납품이 완료되지 아니한 기업 ☞ 지원규모 업체당 5억원 이내, 소요자금(원부자재 구매 비용)의 75% 지원",https://www.bizinfo.go.kr/sii/siia/selectSIIA200Detail.do?pblancId=PBLN_000000000124917,https://www.bizinfo.go.kr/cmm/fms/getImageFile.do?atchFileId=FILE_000000000766879&fileSn=1,2026년 하반기 중소기업 구매조건 생산지원자금 지원 공고문.hwpx,,,온라인 접수 (대전일자리경제진흥원),"대전일자리경제진흥원 기업혁신성장팀 042-380-3081, 3021, 3000",https://www.djbea.or.kr/mps/bizTskPbnc/view?tsk_pbnc_id=2026-0138&menuKey=TOfnnvp207&menuId=MENU002040101000000&schTab=&schGubun=&schStartDate=&schEndDate=&schText=&pageNum=1,2026-07-30 13:04:44,finance_all.json,bizinfo
PBLN_000000000124915,[대전] 2026년 하반기 중소기업 창업 및 경쟁력강화사업자금 지원 공고,대전광역시,대전일자리경제진흥원,금융,2026-07-27 ~ 2026-12-31,중소기업,타지역,,False,"소기업,운전자금,육성기금,이차보전,융자","「대전광역시 중소기업육성기금 조례」에 따라, 2026년도 하반기 중소기업 창업 및 경쟁력강화사업자금 지원계획을 다음과 같이 공고합니다. ☞ 대전광역시에 본사 또는 사업장을 소재한「중소기업기본법」의 중소기업 ☞ 시설투자자금 15억원 이내, 운전자금 3억원 이내 지원 - 융자금리 : 5.0%(1년 단위 변동금리, 농협협력자금) / 이차보전 : 일반기업 2.0%, 우대기업 2.5% ~ 3.0% ※ 자세한 지원내용 공고문 참조",https://www.bizinfo.go.kr/sii/siia/selectSIIA200Detail.do?pblancId=PBLN_000000000124915,https://www.bizinfo.go.kr/cmm/fms/getImageFile.do?atchFileId=FILE_000000000766873&fileSn=1,2026년 하반기 중소기업 창업 및 경쟁력강화사업자금 지원 공고문.hwpx,,,방문 접수 - 접수처 : 대전시 동구 계족로 151 (대동 549번지) 대전지식산업센터 4층 411호 대전일자리경제진흥원 기업혁신성장팀,"대전일자리경제진흥원 기업성장지원팀 042-380-3021, 3000",,2026-07-30 13:01:30,finance_all.json,bizinfo
PBLN_000000000117191,[부산] 2026년 식품진흥기금 융자사업 계획 공고,부산광역시,직접수행,금융,예산 소진시까지,중소기업,타지역,,False,"소기업,융자","「식품위생법」 제89조 및 「부산광역시 식품진흥기금 조례」 제4조(기금의 융자계획)에 따라 2026년도 식품진흥기금 융자사업 계획을 다음과 같이 공고합니다. ☞ 식품위생영업소(식품제조ㆍ가공업, 식품접객업소) ☞ 위생관리시설 개선자금, 모범음식점 육성자금, 음식물쓰레기감량화기기 구입자금 융자 지원 - 융자기간 : 2년 거치 3년 균등분할 상환 ※ 자세한 지원내용 공고문 참조",https://www.bizinfo.go.kr/sii/siia/selectSIIA200Detail.do?pblancId=PBLN_000000000117191,https://www.bizinfo.go.kr/cmm/fms/getImageFile.do?atchFileId=FILE_000000000740003&fileSn=0,2026년 부산광역시 식품진흥기금 융자사업 계획 공고.hwp,https://www.bizinfo.go.kr/cmm/fms/getImageFile.do?atchFileId=FILE_000000000740004&fileSn=0,[별지 제1호~제6호 서식]식품진흥기금 융자사업(부산광역시 식품진흥기금 조례 시행규칙).hwp,방문 접수 - 접수처 : 영업장 소재지 관할 구ㆍ군 식품위생부서,부산광역시 보건위생과 위생협력팀 051-888-3395 및 구ㆍ군 식품위생부서 문의처 상이 (공고문 참조),,2026-01-07 10:55:59,finance_all.json,bizinfo
PBLN_000000000123596,[서울ㆍ경기ㆍ인천ㆍ강원] 2026년 중소기업 AI활용 도입을 위한 AI훈련 참여기업 모집 공고,고용노동부,대한상공회의소,경영,예산 소진시까지,중소기업,타지역,,False,소기업,"중소기업의 AI 역량 강화부터 실무 적용까지 전 과정을 지원하는 맞춤형 AI 도입 훈련 프로그램,「2026년 중소기업 AI 훈련 참여기업 모집」을 다음과 같이 공고하오니, 본 사업에 참여를 원하는 기업은 신청하여 주시기 바랍니다. ☞ AI 활용ㆍ도입 수요가 있는 중소기업 ※ 상시근로자 20인 이상 기업 우선 지원(단, AI기반 스타트업 등의 경우에는 20인 미만도 가능) ☞ 컨설팅 비용 100% , 기업당 최대 783만원, 실무 중심 AI 프로젝트 교육 지원 ※ 자세한 지원내용 공고문 참조",https://www.bizinfo.go.kr/sii/siia/selectSIIA200Detail.do?pblancId=PBLN_000000000123596,https://www.bizinfo.go.kr/cmm/fms/getImageFile.do?atchFileId=FILE_000000000761501&fileSn=0,포스터_2.pdf,,,,"대한상공회의소 경기인력개발원 중소기업AI훈련확산센터 031-940-6894, 6896",https://kgai.korchamhrd.net,2026-06-25 14:03:33,management_seoul.json,bizinfo
PBLN_000000000123983,[서울ㆍ인천ㆍ강원] 2026년 상시 디자인 컨설팅 지원 공고,산업통상부,한국디자인진흥원,경영,2026-07-03 ~ 2026-12-31,중소기업,타지역,,False,소기업,"한국디자인진흥원에서 서울, 인천, 강원지역 중소기업들에게 상시적 디자인 컨설팅을 통하여 기업의 제품개발과 관련된 애로사항을 진단하고, 방향성을 제시하는 맞춤형 일일 컨설팅을 지원하오니, 많은 관심과 신청 바랍니다. ☞ 서울ㆍ인천ㆍ강원 소재 중소ㆍ중견기업 ☞ 디자인 관련 자문, CMF 컨설팅 등 지원(제품 디자인, 제조기술, 시각디자인, 브랜드ㆍ패키지, UX/UI 등) - 미팅룸, 컨퍼런스룸, 촬영스튜디오 무료대관시설 지원",https://www.bizinfo.go.kr/sii/siia/selectSIIA200Detail.do?pblancId=PBLN_000000000123983,https://www.bizinfo.go.kr/cmm/fms/getImageFile.do?atchFileId=FILE_000000000763029&fileSn=1,2026년 상시컨설팅.pdf,https://www.bizinfo.go.kr/cmm/fms/getImageFile.do?atchFileId=FILE_000000000763030&fileSn=1@https://www.bizinfo.go.kr/cmm/fms/getImageFile.do?atchFileId=FILE_000000000763030&fileSn=2,2026년 컨설팅 신청서.hwp@2026년 컨설팅 신청서.pdf,이메일 접수 (dkseoul@kidp.or.kr),"한국디자인진흥원 02-853-9324, 9323",,2026-07-06 11:22:15,management_seoul.json,bizinfo
PBLN_000000000123108,[서울ㆍ인천ㆍ경기ㆍ강원] 2026년 중소기업 AI훈련확산센터 참여기업 모집 공고,고용노동부,한국산업인력공단,경영,모집 완료시,중소기업,타지역,,False,소기업,"AI 도입과 활용에 어려움을 겪는 중소기업을 위해 고용노동부와 산업인력공단, 캐럿글로벌이 함께합니다. 전문 코치가 기업 현장을 직접 방문하여 귀사에 가장 최적화된 AX 솔루션을 제시해 드립니다. 지금 바로 신청하여 우리 기업의 워크플로우를 혁신해 보세요. ☞ AI 활용 및 도입 수요가 있는 상시 근로자 20인 이상, AI기반 스타트업 등의 경우 20인 미만인 중소기업(서울, 인천, 경기, 강원 소재) - AI 기술 도입 및 활용에 어려움을 겪고 있어 전문가의 컨설팅이 필요한 중소기업 ☞ AI 맞춤 컨설팅 비용 100% 전액 지원, 전문 AI 훈련 코치 전담 매칭, 맞춤 로드맵 설계, 지속적인 기술 자문 및 사후 관리 시스템 등 지원",https://www.bizinfo.go.kr/sii/siia/selectSIIA200Detail.do?pblancId=PBLN_000000000123108,https://www.bizinfo.go.kr/cmm/fms/getImageFile.do?atchFileId=FILE_000000000759634&fileSn=0,01_홍보_이미지.pdf,https://www.bizinfo.go.kr/cmm/fms/getImageFile.do?atchFileId=FILE_000000000759635&fileSn=0@https://www.bizinfo.go.kr/cmm/fms/getImageFile.do?atchFileId=FILE_000000000759635&fileSn=1@https://www.bizinfo.go.kr/cmm/fms/getImageFile.do?atchFileId=FILE_000000000759635&fileSn=2,중소기업AI훈련확산센터 리플릿.pdf@2026 AI전환 지원사업 리플릿(펼친버전).pdf@2026 AI전환 지원사업 종합책자(1쪽기준).pdf,온라인 접수 (캐럿글로벌),"캐럿글로벌 02-518-5467, axcenter@carrotglobal.com 및 권역별 문의처 첨부파일 참조",https://ai.carrotglobalblog.com/apply?ref=bizinfo,2026-06-12 13:16:49,management_seoul.json,bizinfo
PBLN_000000000125856,[세종] 2026년 2차 중소기업육성자금 지원계획 변경 공고,세종특별자치시,세종일자리경제진흥원,금융,예산 소진시까지,중소기업,타지역,,False,"소기업,경영안정,육성기금","세종특별자치시 중소기업육성기금 운용 조례 제7조 및 같은 조례 시행규칙 제3조에 따른 2026년도 중소기업육성자금 지원계획을 다음과 같이 변경 공고합니다. ☞ 세종특별자치시에 사업장을 둔 중소기업으로「별표1」의 ‘업종별 세부지원대상’과「별표2, 4」의 ‘자금별 지원조건’에 해당하는 기업 ☞ 창업자금, 경쟁력강화자금, 혁신형 자금, 기업회생자금, 경영안정자금 지원",https://www.bizinfo.go.kr/sii/siia/selectSIIA200Detail.do?pblancId=PBLN_000000000125856,https://www.bizinfo.go.kr/cmm/fms/getImageFile.do?atchFileId=FILE_000000000770861&fileSn=0,(붙임)_★_2026년_중소기업육성자금_지원계획_변경(2차)_공고문.pdf,https://www.bizinfo.go.kr/cmm/fms/getImageFile.do?atchFileId=FILE_000000000770862&fileSn=0,(붙임)_★_2026년_중소기업육성자금_지원계획_변경(2차)_공고문.hwpx,방문 접수 - (30098) 세종특별자치시 보듬6로 20(도담동) 세종사회적경제공동체센터 2층 ※ 접수 전 반드시 사전연락,"세종일자리경제진흥원 경제육성팀 044-251-3214, jej2064@sjepa.or.kr",,2026-08-27 10:48:43,finance_all.json,bizinfo
PBLN_000000000117067,[세종] 2026년 사회적경제 조직 금융(이차보전) 지원계획 공고,세종특별자치시,신용보증기금,금융,예산 소진시까지,사회적기업,타지역,,False,"시설자금,이차보전,보증","2026년도 세종특별자치시 사회적경제 조직 금융(이차보전) 지원계획을 다음과 같이 공고합니다. ☞ 세종특별자치시 소재의 사회적경제 조직 - (예비)사회적기업, (예비)마을기업, (사회적)협동조합, 자활기업 ☞ 운영 및 시설자금 업체당 3억원 이내 지원 ※ 자세한 지원내용 공고문 참조",https://www.bizinfo.go.kr/sii/siia/selectSIIA200Detail.do?pblancId=PBLN_000000000117067,https://www.bizinfo.go.kr/cmm/fms/getImageFile.do?atchFileId=FILE_000000000739561&fileSn=0,2026년 세종특별자치시 사회적경제 조직 금융(이차보전) 지원계획 공고문.hwp,https://www.bizinfo.go.kr/cmm/fms/getImageFile.do?atchFileId=FILE_000000000739562&fileSn=0,(제출서식) 기업실태표.hwp,신용보증기금 충청영업본부 보증서 발급 후 은행 자금신청 ※ 자세한 신청방법 공고문 참조,세종특별자치시 기업지원과 044-300-4832 / [상담ㆍ접수 관련 문의] 신용보증기금 충청영업본부 042-539-5604,,2025-12-31 13:34:13,finance_all.json,bizinfo
PBLN_000000000119321,[세종] 2026년 수출보증보험료 지원 사업 참가기업 모집 공고,세종특별자치시,직접수행,금융,예산 소진시까지,중소기업,타지역,,False,"소기업,보증","관내 수출 중소기업의 수출대금 미회수 위험 해소를 통한 안정적인 수출여건 조성을 위하여「2026년도 수출보증보험료 지원사업」참가기업을 모집하고자 다음과 같이 공고합니다. ☞ 세종특별자치시에 본사 또는 사업장이 있는 중소기업체 ☞ 단기수출보험(단체보험), 단기수출보험(개별보험에 한함), 단기수출보험(중소중견Plus+), 환변동보험(수출선물환 일반형), 수출신용보증 (선적전, 선적후, 매입, 포괄매입), 수입보험 등 지원 ※ 자세한 지원내용 공고문 참조",https://www.bizinfo.go.kr/sii/siia/selectSIIA200Detail.do?pblancId=PBLN_000000000119321,https://www.bizinfo.go.kr/cmm/fms/getImageFile.do?atchFileId=FILE_000000000746191&fileSn=0,2026년_세종시_수출보증보험료_지원사업_참가기업_모집_공고.pdf,,,한국무역보험공사 개별담당자를 통해 신청서류 접수,"한국무역보험공사 대전세종충남본부 042-526-3294, 3291 / whe01013@ksure.or.kr, lem0637@ksure.or.kr",,2026-03-10 14:10:47,finance_all.json,bizinfo
PBLN_000000000119636,[세종] 2026년 중소기업육성자금 지원계획 변경 공고,세종특별자치시,세종일자리경제진흥원,금융,예산 소진시까지,중소기업,타지역,,False,"소기업,경영안정,육성기금","세종특별자치시 중소기업육성기금 운용 조례 제7조 및 같은 조례 시행규칙 제3조에 따른 2026년도 중소기업육성자금 지원계획을 다음과 같이 공고합니다. ☞ 세종특별자치시에 사업장을 둔 중소기업으로 「별표1」의 ‘업종별 세부지원대상’과 「별표2, 4」의 ‘자금별 지원조건’에 해당하는 기업 ☞ 창업자금, 경쟁력강화자금, 혁신형 자금, 기업회생자금, 경영안정자금 지원 ※ 자세한 지원내용 공고문 참조",https://www.bizinfo.go.kr/sii/siia/selectSIIA200Detail.do?pblancId=PBLN_000000000119636,https://www.bizinfo.go.kr/cmm/fms/getImageFile.do?atchFileId=FILE_000000000747273&fileSn=1,★_2026년_중소기업육성자금_지원계획_변경_공고문.hwp,,,"방문 접수 - 접수처 : (30098) 세종특별자치시 보듬6로 20, 세종사회적경제공동체센터 2층(도담동) ※ 접수 전 반드시 사전 연락","세종일자리경제진흥원 경제육성팀 044-251-3214, jej2064@sjepa.or.kr",,2026-03-18 11:17:10,finance_all.json,bizinfo
PBLN_000000000120512,[울산] 2026년 1차 통상변화 대응 중소기업 육성자금 지원계획 변경 공고,울산광역시,울산경제일자리진흥원,금융,예산 소진시까지,중소기업,타지역,,False,"소기업,육성기금,융자,보증","「울산광역시 중소기업육성기금 조례」제12조의 규정에 의거「2026년 통상변화 대응 중소기업 육성자금 지원계획」을 다음과 같이 변경공고합니다. ☞ 울산광역시 관내에 본사(필수) 및 사업장을 둔 중소기업으로「중소기업기본법」제2조관세 피해 또는 고환율 피해를 입은 기업 - 달러화 환율 변동으로 인한 원재료ㆍ중간재 수입 비용 증가 피해를 입은 중소기업 - 미국의 고율 관세 부가로 인한 피해를 입은 중소기업 ※ 자세한 지원대상 공고문 참조 ☞ 대출이자 중 일부 지원(1.2~3% 이내 / 우대기업 0.5% 가산 포함) - 이자 지원 우대(0.5% 가산), 보증료 지원(기업은행 대출상품 일부에 한함) 최대 1.2% ※ 자세한 지원내용 공고문 참조",https://www.bizinfo.go.kr/sii/siia/selectSIIA200Detail.do?pblancId=PBLN_000000000120512,https://www.bizinfo.go.kr/cmm/fms/getImageFile.do?atchFileId=FILE_000000000750287&fileSn=1,2026년 울산광역시 통상변화 대응 중소기업 육성자금 지원 변경 공고문.pdf,https://www.bizinfo.go.kr/cmm/fms/getImageFile.do?atchFileId=FILE_000000000750289&fileSn=1,2026년 울산광역시 통상변화 대응 중소기업 육성자금 지원 변경 공고문.hwp,온라인접수(울산 경제일자리진흥원 기금융자관리시스템),울산경제일자리진흥원 052-283-7221 울산광역시 기업투자국 기업지원과 052-229-2794,https://hext.ubpi.or.kr/hext/apply/view.jsp?no=19,2026-04-07 15:48:02,finance_all.json,bizinfo
PBLN_000000000117768,[울산] 2026년 식품진흥기금 융자사업 시행 공고,울산광역시,직접수행,금융,예산 소진시까지,중소기업,타지역,,False,"소기업,융자","「울산광역시 식품진흥기금조례」 제5조(융자사업)의 규정에 따라 2026년도 울산광역시 식품진흥기금 융자지원사업을 다음과 같이 공고합니다. ☞ 울산광역시 내 위생관리시설을 개선ㆍ확충하고자 하거나 영업에 필요한 기계, 설비 등을 설치ㆍ보유하고자 하는 영업자 ☞ 위생시설 개선이 필요한 영업자 대상 저금리 융자지원 - 식품안전관리인증기준(HACCP) 적용업소 : 2억원 이내 - 식품제조ㆍ가공업소, 즉석판매제조ㆍ가공업소 : 1억원 이내 - 식품접객업소 : 5천만원 이내(화장실만 개선하는 경우는 1천만원 이내)",https://www.bizinfo.go.kr/sii/siia/selectSIIA200Detail.do?pblancId=PBLN_000000000117768,https://www.bizinfo.go.kr/cmm/fms/getImageFile.do?atchFileId=FILE_000000000741563&fileSn=0,공고문(안)-2026년도 식품진흥기금 시설개선자금 융자.hwp,,,방문 접수 - 접수처 : 울산광역시 구ㆍ군 위생부서,울산광역시 식의약안전과 052-229-3654 및 구ㆍ군 위생부서 문의처 공고문 참조,,2026-01-22 13:52:07,finance_all.json,bizinfo
PBLN_000000000121243,[울산] 2026년 중소기업 AI인프라 육성자금 지원계획 변경 공고,울산광역시,울산경제일자리진흥원,금융,예산 소진시까지,중소기업,타지역,,False,"소기업,경영안정,운전자금,시설자금,육성기금,융자","「울산광역시 중소기업육성기금 조례」 제12조의 규정에 의거 「2026년 중소기업 AI인프라 육성자금 지원계획 변경 공고」를 다음과 같이 공고합니다. ☞ 관내 사업장을 두었거나 둘 예정인 중소기업(자금사용처가 관내인 경우) ※ 자세한 지원대상 공고문 참 ☞ AI인프라자금(시설자금 업체당 최대 8억 이내, 경영안정자금(운전자금) 업체당 최대 6억 이내) 지원 - 대출이자 중 일부 지원(2~2.5% 이내/운전자금-우대기업 0.5% 가산 포함) ※ 자세한 지원내용 공고문 참조",https://www.bizinfo.go.kr/sii/siia/selectSIIA200Detail.do?pblancId=PBLN_000000000121243,https://www.bizinfo.go.kr/cmm/fms/getImageFile.do?atchFileId=FILE_000000000752800&fileSn=0,★2026년 울산광역시 중소기업 AI인프라 육성자금 계획 변경 공고+.pdf,https://www.bizinfo.go.kr/cmm/fms/getImageFile.do?atchFileId=FILE_000000000752801&fileSn=0,★2026년 울산광역시 중소기업 AI인프라 육성자금 계획 변경 공고.hwp,"온라인 접수 (울산경제일자리진흥원 기금융자관리시스템) ※ 반드시 「신청서 작성요령, p.18」을 참고하여 작성",신용보증기금 1588-6565 / 울산경제일자리진흥원 052-283-7221 ~ 7223,https://hext.ubpi.or.kr/hext/main/main.jsp,2026-04-24 13:13:49,finance_all.json,bizinfo
PBLN_000000000123019,[인천] 2026년 7차 중소기업육성자금 지원 공고(기술전환지원 융자자금 신설),인천광역시,인천테크노파크,금융,예산 소진시까지,중소기업,타지역,,False,"소기업,육성기금,융자","「인천광역시 중소기업 육성기금 설치 및 운용조례」 제13조 규정 등에 의거 ‘2026년도 인천광역시 중소기업 육성자금 지원(7차)’을 다음과 같이 공고합니다. ☞ 인천 소재 중소 제조기업 또는 벤처기업(예비벤처기업 포함) ※ 자세한 지원대상 공고문 참조 ☞ 기계구입자금, 공장확보, 벤처창업자금, 에너지효율화자금, 재해기업자금, 기술이전기업(기계, 공장, R&D) 등 지원 ※ 자세한 지원내용 공고문 참조",https://www.bizinfo.go.kr/sii/siia/selectSIIA200Detail.do?pblancId=PBLN_000000000123019,https://www.bizinfo.go.kr/cmm/fms/getImageFile.do?atchFileId=FILE_000000000759263&fileSn=0,[공고문] 중소기업육성자금 지원 공고(7차-기금 융자자금).pdf,,,온라인 접수 (비즈오케이),인천테크노파크 경영지원센터 032-260-0661,https://bizok.incheon.go.kr/open_content/support.do?act=detail&policyno=7040&keyfield=poilicy_nm&keyword=%EC%A4%91%EC%86%8C%EA%B8%B0%EC%97%85%EC%9C%A1%EC%84%B1,2026-06-10 15:07:56,finance_all.json,bizinfo
PBLN_000000000124861,[인천] 2026년 8차 중소기업육성자금 지원 공고,인천광역시,인천테크노파크,금융,예산 소진시까지,중소기업,타지역,,False,"소기업,경영안정,육성기금,이차보전","「인천광역시 중소기업경영안정자금 지원 및 운용조례」 제6조 및「인천광역시 중소기업 육성기금 설치 및 운용조례」 제13조의 규정에 의거 ‘2026년도 인천광역시 중소기업 육성자금 지원(8차)’을 다음과 같이 공고합니다. ☞ 신청일 현재 인천시 경영안정자금(이차보전) 잔여한도가 있는 기업 ※ 자세한 지원대상 공고문 참조 ☞ 기계구입자금, 공장확보, 벤처창업자금, 에너지효율화자금, 재해기업자금, 기술이전기업(기계, 공장, R&D) 등 지원 ※ 자세한 지원내용 공고문 참조",https://www.bizinfo.go.kr/sii/siia/selectSIIA200Detail.do?pblancId=PBLN_000000000124861,https://www.bizinfo.go.kr/cmm/fms/getImageFile.do?atchFileId=FILE_000000000766644&fileSn=1,(공고문)2026년_인천광역시_중소기업육성자금(경영안정자금 이차보전)지원공고_ 8차.pdf,,,온라인 접수 (비즈오케이),"인천테크노파크 경영지원센터 032-260-0662, 0663, 0664",http://bizok.incheon.go.kr,2026-07-29 13:09:30,finance_all.json,bizinfo
PBLN_000000000118207,[인천] 2026년 농어촌진흥기금 융자지원 사업계획 공고,인천광역시,직접수행,금융,2026-02-10 ~ 2026-09-30,중소기업,타지역,,False,"소기업,융자",농어업 생산구조개선과 우수농수산물 생산기반을 구축하여 농어업의 경쟁력 제고 도모를 위한 2026년 농어촌진흥기금 융자지원 사업계획을 공고합니다. ☞ 인천광역시 관내 농ㆍ어업인 및 생산자단체 ☞ 자금별 융자 대출에 따른 이자차액 보전(대출금리 중 3.0%) 지원 ※ 자세한 지원내용 공고문 참조,https://www.bizinfo.go.kr/sii/siia/selectSIIA200Detail.do?pblancId=PBLN_000000000118207,https://www.bizinfo.go.kr/cmm/fms/getImageFile.do?atchFileId=FILE_000000000742868&fileSn=0,공고문(인천광역시 공고 제2026-256호).hwpx,https://www.bizinfo.go.kr/cmm/fms/getImageFile.do?atchFileId=FILE_000000000742869&fileSn=0,농어촌진흥기금 융자지원(이차보전비) 지침.hwp,방문 접수 - 접수처 : 사업장 소재지를 관할하는 군ㆍ구청(농수산업무 담당과),인천광역시 농축산과 농정팀 담당자 032-440-4362,,2026-02-04 13:36:56,finance_all.json,bizinfo
PBLN_000000000118191,[인천] 2026년 식품진흥기금 융자사업 공고,인천광역시,직접수행,금융,예산 소진시까지,중소기업,타지역,,False,"소기업,융자","식품위생업소의 위생 수준 향상을 위한 2026년 인천광역시 식품진흥기금 융자사업을 다음과 같이 공고합니다. ☞ 인천 소재 음식점 및 업소 - 육성자금 : 모범음식점, 위생등급제 지정업소 - 시설개선자금 : 식품제조ㆍ가공업소, 식품접객업소(유흥ㆍ단란 제외) ☞ (육성자금) 업소당 2천만원 이내 / (시설개선자금) 업소당 1천만원～2억원 이내 지원",https://www.bizinfo.go.kr/sii/siia/selectSIIA200Detail.do?pblancId=PBLN_000000000118191,https://www.bizinfo.go.kr/cmm/fms/getImageFile.do?atchFileId=FILE_000000000742824&fileSn=0,공고문(2026년 식품진흥기금 융자사업).hwpx,https://www.bizinfo.go.kr/cmm/fms/getImageFile.do?atchFileId=FILE_000000000742826&fileSn=1,(2026)식품진흥기금 융자신청서 등 제출서류.hwp,신한은행 사전상담 후 방문 접수 - 접수처 : 군ㆍ구 위생부서,인천광역시청 위생정책과 032-440-2764 및 군ㆍ구 위생부서별 문의처 상이 (공고문 4p 참조),,2026-02-04 10:38:25,finance_all.json,bizinfo
PBLN_000000000121268,[인천] 2026년 인천형 특별 경영안정자금 지원 공고(금융비용 확대 지원을 위한 하나은행 출연 및 협업),인천광역시,인천테크노파크,금융,예산 소진시까지,중소기업,타지역,,False,"소기업,경영안정,운전자금,이차보전","인천광역시 중소기업경영안정자금 지원 및 운용조례 제6조의 규정에 의거 ‘2026년 인천형 특별 경영안정자금(하나은행 출연 및 협업)’지원사업을 다음과 같이 공고합니다. ☞ 인천 소재 제조업 또는 제조업관련업 중소기업 - 경영안정자금 지원 업종(관내 공장을 운영중인 제조기업 또는 제조업관련업)을 영위하면서 하나은행 대출이 가능한 기업 ☞ 은행 대출 운전자금의 이자차액보전 지원 - 지원 한도 : 일반기업 10억원(우대10~100억원, 업체별 세부심사기준에 따라 다름) ※ 최근 결산년도 매출액의 1/3과 지원 한도 중 적은 금액이 최대한도 (최저 2억원) - 지원기간 : 1년(만기 일시 상환) - 지원 금리 : 이차보전 1.9%p 균등지원(하나은행 0.6%p, 인천시 1.3%p)",https://www.bizinfo.go.kr/sii/siia/selectSIIA200Detail.do?pblancId=PBLN_000000000121268,https://www.bizinfo.go.kr/cmm/fms/getImageFile.do?atchFileId=FILE_000000000752873&fileSn=0,(공고문)2026년_인천형_특별경영안정자금_하나은행협업_지원.pdf,,,온라인 접수 (비즈오케이 홈페이지),인천테크노파크 경영지원센터 032-260-0661~0664,https://bizok.incheon.go.kr/open_content/support.do?act=detail&policyno=6931,2026-04-24 15:02:19,finance_all.json,bizinfo
PBLN_000000000119052,[인천] 2026년 중소기업 환경개선자금 이자지원 계획 공고,인천광역시,직접수행,금융,예산 소진시까지,중소기업,타지역,,False,"소기업,시설자금,융자",「인천광역시 기업환경시설 개선을 위한 지원조례」제5조 규정에 의거「2026년도 인천광역시 기업환경시설자금 융자금 이자지원 계획」을 다음과 같이 공고합니다. ☞ 인천광역시에 소재하는 아래의 중소기업자로 - 대기(악취ㆍVOC포함)오염방지시설을 설치하려는 자 - 수질오염방지시설을 설치하려는 자 - 대기ㆍ수질 측정기기를 설치하려는 자 ☞ 기업별 환경개선시설 융자금(2억원이내) 발생이자 지원,https://www.bizinfo.go.kr/sii/siia/selectSIIA200Detail.do?pblancId=PBLN_000000000119052,https://www.bizinfo.go.kr/cmm/fms/getImageFile.do?atchFileId=FILE_000000000745246&fileSn=0,2026년 기업환경개선자금 이자지원 사업 추진계획.hwp,,,방문 또는 우편 접수 - 접수처 : 인천광역시 남동구 정각로 29 (구월동 1138) 인천시청 대기보전과,인천광역시 대기보전과 032-440-3503,,2026-03-03 14:51:18,finance_all.json,bizinfo
PBLN_000000000118017,[인천] 2026년 중소기업육성자금 지원계획 공고,인천광역시,인천테크노파크,금융,예산 소진시까지,중소기업,타지역,,False,"소기업,경영안정,육성기금,보증","「인천광역시 중소기업경영안정자금 지원 및 운용조례」 제6조및 「인천광역시 중소기업 육성기금 설치 및 운용조례」 제13조의 규정에 의거 2026년도 인천광역시 중소기업육성자금지원계획을 다음과 같이 공고합니다. ☞ 인천소재 제조업 또는 제조업관련업 중소기업 등 ※ 자금별 지원대상 상이, 공고문 참조 ☞ 경영안정자금(이자차액보전, 매출채권보험 보험료, 협약보증), 구조고도화자금(기계ㆍ공장 지원확보 자금, 벤처창업자금, 에너지효율화자금, 재해기업자금) 지원 ※ 자금별 지원한도 등 상이, 공고문 참조",https://www.bizinfo.go.kr/sii/siia/selectSIIA200Detail.do?pblancId=PBLN_000000000118017,https://www.bizinfo.go.kr/cmm/fms/getImageFile.do?atchFileId=FILE_000000000742234&fileSn=0,공고문(2026년 중소기업육성자금 지원-홈페이지).pdf,,,온라인 또는 방문 접수 - 온라인 접수 : 비즈오케이 ※ 자금별 신청방법 상이하므로 공고문 참조,"인천테크노파크 경영지원센터 자금담당 032-260-0661~4 및 문의처 자금별 상이, 공고문 참조",https://bizok.incheon.go.kr/open_content/,2026-01-30 10:29:19,finance_all.json,bizinfo
PBLN_000000000125650,[인천] 인천형 특별 경영안전자금 지원사업 NH농협은행 협업 자금 추가 지원 변경 공고,인천광역시,인천테크노파크,금융,예산 소진시까지,중소기업,타지역,,False,"소기업,경영안정,운전자금,이차보전",인천광역시 중소기업경영안정자금 지원 및 운용조례 제6조 규정 등에 의거 「인천형 특별 경영안정자금」 지원사업인 'NH농협은행 협업 자금' 추가 지원을 다음과 같이 변경 공고합니다. ☞ 인천소재 제조업 또는 제조업관련업 중소기업 - 경영안정자금 지원 업종(관내 공장을 운영중인 제조기업 또는 제조업관련업)을 영위하면서 NH농협은행 대출이 가능한 기업 - 신청일 현재 인천시 경영안정자금(이차보전) 잔여 한도가 있는 기업 ☞ 은행 대출 운전자금의 이자차액보전 지원 - 지원 금리 : 1.8%p 균등 지원,https://www.bizinfo.go.kr/sii/siia/selectSIIA200Detail.do?pblancId=PBLN_000000000125650,https://www.bizinfo.go.kr/cmm/fms/getImageFile.do?atchFileId=FILE_000000000770061&fileSn=1,변경 공고문(NH농협은행 협업 자금-인천형_특별 경영안정자금 지원)+.pdf,,,온라인 접수 (비즈오케이),인천테크노파크 경영지원센터 032-260-0661~0664,https://bizok.incheon.go.kr/open_content/support.do?act=detail&policyno=6729,2026-08-21 09:41:46,finance_all.json,bizinfo
PBLN_000000000125649,[인천] 인천형 특별 경영안전자금 지원사업 하나은행 협업 자금 지원 변경 공고,인천광역시,인천테크노파크,금융,예산 소진시까지,중소기업,타지역,,False,"소기업,경영안정,운전자금,이차보전",인천광역시 중소기업경영안정자금 지원 및 운용조례 제6조 규정 등에 의거「인천형 특별 경영안정자금」 지원사업인 '하나은행 협업 자금' 지원을 다음과 같이 변경 공고합니다. ☞ 인천 소재 제조업 또는 제조업관련업 중소기업 - 경영안정자금 지원 업종(관내 공장을 운영중인 제조기업 또는 제조업관련업)을 영위하면서 하나은행 대출이 가능한 기업 - 신청일 현재 인천시 경영안정자금(이차보전) 잔여 한도가 있는 기업 ☞ 은행 대출 운전자금의 이자차액보전 지원 - 지원 금리 : 이차보전 1.9%p 균등 지원,https://www.bizinfo.go.kr/sii/siia/selectSIIA200Detail.do?pblancId=PBLN_000000000125649,https://www.bizinfo.go.kr/cmm/fms/getImageFile.do?atchFileId=FILE_000000000770046&fileSn=1,변경 공고문(하나은행 협업 자금-인천형_특별 경영안정자금 지원)+.pdf,,,온라인 접수 (비즈오케이),인천테크노파크 경영지원센터 032-260-0661~0664,https://bizok.incheon.go.kr/open_content/support.do?act=detail&policyno=6931,2026-08-21 09:38:57,finance_all.json,bizinfo
PBLN_000000000120138,[인천] 중동 수출 중소기업 긴급 경영안정자금 지원 공고,인천광역시,인천테크노파크,금융,예산 소진시까지,중소기업,타지역,,False,"소기업,경영안정,운전자금,이차보전","「인천광역시 중소기업경영안정자금 지원 및 운용 조례」 제6조에 의거 중동 정세 악화에 따른 중동 수출 중소기업 등의 금융부담 해소를 위한 '중동 수출 중소기업 긴급 경영안정자금 지원'을 다음과 같이 공고합니다. ☞ 인천광역시 경영안정자금 지원 업종 중 아래 요건을 충족하는 기업 - 신청일 기준 최근 1년 이내 중동 지역 수출실적이 있는 기업, 중동지역으로 수출 이력이 있는 기업과 거래 실적이 있는 기업 ※ 자세한 지원대상 공고문 참조 ☞ 은행 대출 운전자금의 이자차액보전 지원 - 지원 한도 : 업체당 5억원 이내(매출액의 1/3 이내) - 지원 기간 : 1년(만기 일시 상환) - 지원 금리 : 이차보전 2.0%p 균등 지원",https://www.bizinfo.go.kr/sii/siia/selectSIIA200Detail.do?pblancId=PBLN_000000000120138,https://www.bizinfo.go.kr/cmm/fms/getImageFile.do?atchFileId=FILE_000000000749063&fileSn=0,공고문(중동 수출기업 긴급 경영안정자금 지원).hwp,https://www.bizinfo.go.kr/cmm/fms/getImageFile.do?atchFileId=FILE_000000000749064&fileSn=0@https://www.bizinfo.go.kr/cmm/fms/getImageFile.do?atchFileId=FILE_000000000749064&fileSn=1,(별첨)_중소기업_지원대상_업종_안내.pdf@[첨부]_2026년_인천시_중소기업육성자금_신청_매뉴얼.pdf,온라인 접수 (비즈오케이),인천테크노파크 인천기업경영지원센터 032-260-0661~4,https://bizok.incheon.go.kr/open_content/support.do?act=detail&policyno=6852&keyfield=poilicy_nm&keyword=%EC%A4%91%EB%8F%99,2026-03-30 14:59:49,finance_all.json,bizinfo
PBLN_000000000117611,[인천] 지역 중소기업 금융지원 강화를 위한 금융기관(NH농협은행) 협업 특별 경영안정자금 추가 지원 공고,인천광역시,인천테크노파크,금융,예산 소진시까지,중소기업,타지역,,False,"소기업,경영안정,운전자금","인천광역시 중소기업경영안정자금 지원 및 운용조례 제6조의 규정에 의거 「금융기관(NH농협은행) 협업 특별 경영안정자금」추가 지원(3차)를 다음과 같이 공고합니다. ☞ 인천소재 제조업 또는 제조업관련업 중소기업 ※ 자세한 사항 공고문 참조 ☞ 은행 대출 운전자금의 이자차액보전 지원 - 지원 한도 : 일반기업 10억원(우대10~100억원, 업체별 세부심사기준에 따라 다름) - 지원 기간 : 1년(만기 일시 상환) - 지원 금리 : 1.8% 균등지원(NH농협은행 0.5%, 인천시 1.3%)",https://www.bizinfo.go.kr/sii/siia/selectSIIA200Detail.do?pblancId=PBLN_000000000117611,https://www.bizinfo.go.kr/cmm/fms/getImageFile.do?atchFileId=FILE_000000000741216&fileSn=0,(공고문)금융기관(NH농협은행)_협업_특별_경영안정자금_추가_지원.pdf,https://www.bizinfo.go.kr/cmm/fms/getImageFile.do?atchFileId=FILE_000000000741217&fileSn=0,2026년_인천형_특별_경영안정자금_영업점_안내.pdf,온라인 접수 (비즈오케이),인천테크노파크 경영지원센터 032-260-0661~0664,https://bizok.incheon.go.kr/open_content/support.do?act=detail&policyno=6729&pgno=2,2026-01-20 09:58:03,finance_all.json,bizinfo
PBLN_000000000120233,[전남] 2026년 중소기업 수출보험료 지원사업 신청 안내 변경 공고,전남광주통합특별시,한국무역보험공사광주전남지사,금융,예산 소진시까지,중소기업,타지역,,False,"소기업,보증","전라남도에 소재하고 있는 수출중소기업의 수출거래상 발생할 수 있는 위험에 대비하기 위해 2026년 수출보험료 지원사업을 아래와 같이 변경 공고하오니 많은 신청 바랍니다. ☞ 도내 수출기업 및 수출대행기업(코스피 및 코스닥 상장기업 제외) ☞ 단기수출보험(단체, 개별), 환변동보험, 수출신용보증 지원 - (중동지역 수출기업) 기업당 6백만원 한도(단체보험의 경우 연간한도 제외) ※ 사우디아라비아, 아랍에미리트 등 (국가별 대륙 분류는 외교부 기준을 따름) - (그 외 수출기업) 기업당 5백만원 한도(단체보험의 경우 연간한도 제외) ※ 단, 지원예산이 소진되거나 기업별 한도를 초과하는 경우에는 별도의 통보없이 지원이 중단되며, 수출자가 해당 보험(보증)료를 부담하여야 함. ※ 자세한 지원내용 공고문 참조",https://www.bizinfo.go.kr/sii/siia/selectSIIA200Detail.do?pblancId=PBLN_000000000120233,https://www.bizinfo.go.kr/cmm/fms/getImageFile.do?atchFileId=FILE_000000000749415&fileSn=1,중소기업 수출보험료 지원사업 신청안내.hwp,,,"온라인 접수 (전라남도 수출정보망) (①→②) ① 전라남도 수출정보망 로그인 후 ‘지원사업신청’ 화면에서 ‘지원사업신청(빨간색)’ 클릭 ② 제출서류 : 한국무역보험공사 K-SURE ON(기업고객을 통한 파일첨부 또는 이메일 및 우편 발송 가능) - 이메일 : csp01069@ksure.or.kr - 접수처 : 광주광역시 북구 금남로 136, 8층(교보빌딩) 한국무역보험공사 광주전남지사 ※ 자세한 신청방법 공고문 참조",한국무역보험공사 광주전남지사 062-226-4821 / 전라남도 국제협력관실 061-286-2443 / 한국무역보험공사 K-SURE ON 고객센터 1588-3884,https://www.jexport.or.kr/user/reg_biz/detail?project_no=202603-0001&page=1,2026-04-01 13:16:02,finance_all.json,bizinfo
PBLN_000000000121888,[전남] 2026년 중소기업 육성자금 지원계획 2차 변경 공고,전남광주통합특별시,전라남도중소기업일자리경제진흥원,금융,예산 소진시까지,중소기업,타지역,,False,"소기업,경영안정,육성기금","「전라남도 중소기업 육성기금 조례」제12조의 규정에 따라 2026년도 전라남도 중소기업 육성자금 지원계획을 다음과 같이 변경 공고합니다. ☞ 전라남도 내 중소기업 ※ 자금별 신청자격 상이하므로, 자세한 지원대상 공고문 참조 ☞ 중소기업경영안정자금, 공제사업기금, 창업 및 경쟁력 강화자금, 벤처기업 육성자금, 중소유통업 구조개선금, 건설업 경영안정자금, 사회적경제기업 특별 경영안정자금 지원 ※ 자세한 지원내용 공고문 참조",https://www.bizinfo.go.kr/sii/siia/selectSIIA200Detail.do?pblancId=PBLN_000000000121888,https://www.bizinfo.go.kr/cmm/fms/getImageFile.do?atchFileId=FILE_000000000755036&fileSn=1,중소기업 육성자금 지원계획 2차 변경 공고.hwpx,,,온라인 접수 (전남중소기업일자리경제진흥원 자금시스템),전라남도중소기업일자리경제진흥원 기업육성팀 061-288-3832~4,http://www.jnfund.kr,2026-05-12 14:41:40,finance_all.json,bizinfo
PBLN_000000000117147,[전남] 2026년 중소기업 육성자금(건설업 (특별)경영안정자금) 지원계획 공고,전남광주통합특별시,전라남도중소기업일자리경제진흥원,금융,예산 소진시까지,중소기업,타지역,,False,"소기업,경영안정,육성기금,융자",「전라남도 중소기업 육성기금 조례」제12조의 규정에 따라 2026년도 전라남도 중소기업 육성자금 지원계획을 다음과 같이 공고합니다. ☞ 도내에 사업장을 두고 3개월 이상 운영 중인 건설업 중소기업으로 건설업(한국산업분류코드 41~42 중 별표1)에 해당하는 사업체 ☞ 중소기업의 경쟁력 강화를 위한 연구개발 및 기업 경영을 위해 소요되는 자금 지원 - 융자한도 : 총 3억원 이내(매출액기준 100% 범위 내 이용 가능) / 융자금리 : 연 3.4%(고정금리) / 융자기간 3년(1년거치 2년 분할상환),https://www.bizinfo.go.kr/sii/siia/selectSIIA200Detail.do?pblancId=PBLN_000000000117147,https://www.bizinfo.go.kr/cmm/fms/getImageFile.do?atchFileId=FILE_000000000739866&fileSn=0,★2026년도_전라남도_중소기업_육성자금(건설업특별경영안정자금)_지원계획_공고.hwp,,,온라인 접수 (전남중소기업일자리경제진흥원 자금시스템),전남중소기업일자리경제진흥원 기업육성팀 061-288-3832~4,https://www.jnfund.kr/,2026-01-06 11:08:24,finance_all.json,bizinfo
PBLN_000000000117149,[전남] 2026년 중소기업 육성자금(사회적경제 (특별)경영안정자금) 지원계획 공고,전남광주통합특별시,전라남도중소기업일자리경제진흥원,금융,예산 소진시까지,사회적기업,타지역,,False,"소기업,경영안정,육성기금,융자","「전라남도 중소기업 육성기금 조례」제12조의 규정에 따라 2026년도 전라남도 중소기업 육성자금 지원계획을 다음과 같이 공고합니다. ☞ 도내 사회적 경제기업(사회적기업, 마을기업, 협동조합, 자활기업) ☞ 중소기업의 경쟁력 강화를 위한 연구개발 및 기업 경영을 위해 소요되는 자금 지원 - 융자한도 : 총 3억원 이내(매출액 무관 범위 내 이용 가능) / 융자금리 : 연 2.5%(고정금리) / 융자기간 3년(1년거치 2년 분할상환)",https://www.bizinfo.go.kr/sii/siia/selectSIIA200Detail.do?pblancId=PBLN_000000000117149,https://www.bizinfo.go.kr/cmm/fms/getImageFile.do?atchFileId=FILE_000000000739867&fileSn=0,★2026년도_전라남도_중소기업_육성자금(사회적경제(특별)경영안정자금)_지원계획_공고.hwp,,,온라인 접수 (전남중소기업일자리경제진흥원 자금시스템),전남중소기업일자리경제진흥원 기업육성팀 061-288-3832~4,https://www.jnfund.kr/,2026-01-06 11:11:01,finance_all.json,bizinfo
PBLN_000000000117146,[전남] 2026년 중소기업 육성자금(중소기업 경영안정자금) 지원계획 공고,전남광주통합특별시,전라남도중소기업일자리경제진흥원,금융,분기별 상이,중소기업,타지역,,False,"소기업,경영안정,육성기금","「전라남도 중소기업 육성기금 조례」제12조의 규정에 따라 2026년도 전라남도 중소기업 육성자금 지원계획을 다음과 같이 공고합니다. ☞ 도내에 사업장을 두고 3개월 이상 가동 중인 중소기업 등 ※ 세부자금 별 지원대상 상이 (공고문 참조) ☞ 은행자금으로 대출이 진행되며, 전라남도에서 대출이자 중 일부 지원(이자지원 1.1%p～2.5%p) - 지원규모 : 3,200억원(운영자금) / 일반 2,550, 동행지원협자금 500, 긴급경영안정자금 150",https://www.bizinfo.go.kr/sii/siia/selectSIIA200Detail.do?pblancId=PBLN_000000000117146,https://www.bizinfo.go.kr/cmm/fms/getImageFile.do?atchFileId=FILE_000000000739863&fileSn=0,제2026-9호_전라남도_중소기업_육성자금(경영안정자금)_지원계획_공고_(1).hwp,,,온라인 접수 (전남중소기업일자리경제진흥원 자금시스템),전남중소기업일자리경제진흥원 기업육성팀 061-288-3832~4,https://www.jnfund.kr/,2026-01-06 10:48:01,finance_all.json,bizinfo
PBLN_000000000117145,[전남] 2026년 중소기업 육성자금(중소유통업 구조개선자금) 지원계획 공고,전남광주통합특별시,전라남도중소기업일자리경제진흥원,금융,2026-01-05 ~ 2026-12-31,중소기업,타지역,,False,"소기업,육성기금,융자","「전라남도 중소기업 육성기금 조례」제12조의 규정에 따라 2026년도 전라남도 중소기업 육성자금 지원계획을 다음과 같이 공고합니다. ☞ 지원 신청일 현재 도내에 사업자등록을 한 업체 - 한국표준산업분류 중 도ㆍ소매업 및 상품중개업자, 프랜차이즈 본부 및 가맹점(유통업에 한함) ☞ 중소유통업 구조개선자금 지원 - 융자금액 : 시설투자 최대 4억원 이내, 운영자금 1억원 이내 / 융자이율 : 연3.0%(변동금리) ※ 자세한 지원내용 공고문 참조",https://www.bizinfo.go.kr/sii/siia/selectSIIA200Detail.do?pblancId=PBLN_000000000117145,https://www.bizinfo.go.kr/cmm/fms/getImageFile.do?atchFileId=FILE_000000000739862&fileSn=0,★2026년도_전라남도_중소기업_육성자금(중소유통업구조개선자금)_지원계획_공고.hwp,,,온라인 접수 (전남중소기업일자리경제진흥원 자금시스템),전남중소기업일자리경제진흥원 기업육성팀 061-288-3832~4,https://www.jnfund.kr/main.do,2026-01-06 10:46:11,finance_all.json,bizinfo
PBLN_000000000117337,[전남] 여수시 2026년 중소기업발전자금 지원계획 공고,전남광주통합특별시,기초자치단체,금융,예산 소진시까지,중소기업,타지역,,False,"소기업,이차보전,융자,보증","여수시중소기업발전기금 설치 및 운용조례 제12조의 규정에 의하여 2026년도 여수시 중소기업발전자금 지원계획을 다음과 같이 공고합니다. ☞ 여수시 관내에 사업장이 소재하고 있으며, 사업개시일 이후 2년 이상 가동 중인 중소기업체 - 「중소기업협동조합법」및「중소기업기본법」에 따른 협동조합 및 중소기업체 ☞ 융자한도 업체당 2억 원 이내(매출액의 50%범위 내), 이차보전 연 3.0% 지원(2년간) - IBK기업은행 동행협약 지원 : 이차보전 연 3.0% 지원(2년간), 보증료 1.2% 지원(기업은행)",https://www.bizinfo.go.kr/sii/siia/selectSIIA200Detail.do?pblancId=PBLN_000000000117337,https://www.bizinfo.go.kr/cmm/fms/getImageFile.do?atchFileId=FILE_000000000740505&fileSn=0,2026년 여수시 중소기업발전자금 공고.hwp,,,방문 접수 - 접수처 : 전남 여수시 시청동1길 23(학동) 경제일자리과(59689),여수시 경제일자리과 기업지원팀 061-659-3614,,2026-01-12 14:39:01,finance_all.json,bizinfo
PBLN_000000000125528,[전남광주] 2026년 하반기 관광진흥개발기금 융자지원 계획 공고,전남광주통합특별시,직접수행,금융,2026-08-14 ~ 2026-09-11,중소기업,타지역,,False,"소기업,시설자금,융자",2026년 통합특별시 하반기 관광진흥개발기금 융자지원 계획을 아래와 같이 공고합니다. ☞「관광진흥법」제3조에 따른 관광사업자(또는 예정자) 중 공고일 기준 전남광주통합특별시 22개 시ㆍ군 중 사업장을 둔 자 ※ 자세한 지원대상 공고문 참조 ☞ 관광사업 운영을 위한 시설(건축) 자금 및 운영자금 융자 지원 ※ 자세한 지원내용 공고문 참조,https://www.bizinfo.go.kr/sii/siia/selectSIIA200Detail.do?pblancId=PBLN_000000000125528,https://www.bizinfo.go.kr/cmm/fms/getImageFile.do?atchFileId=FILE_000000000769378&fileSn=0,2026년 하반기 통합특별시 관광진흥개발기금 융자지원 계획 공고문.hwpx,,,"방문 및 우편 접수 - (시설자금) 방문, (운영자금) 방문 및 등기우편 제출 - 접수처 : 전남광주통합특별시 시ㆍ군 관광부서 ※ 자세한 신청방법 공고문 참조",전남광주통합특별시 관광과 061-286-5226 및 시군별 관광진흥개발기금 융자사업 접수처 문의처 공고문 8p 참조,,2026-08-18 13:16:21,finance_all.json,bizinfo
PBLN_000000000118377,[전북] 2026년 식품진흥기금 융자지원 사업 공고,전북특별자치도,기초자치단체,금융,예산 소진시까지,중소기업,타지역,,False,"소기업,시설자금,육성기금,융자","식품위생법 제89조(식품진흥기금)및 전북특별자치도 식품진흥기금 설치 및 운용 조례 따라 2026년도 식품진흥기금 융자지원사업을 다음과 같이 공고합니다. ☞ 전북특별자치도 관내에서 식품위생영업을 하는 자 중 시설개선을 목적으로 기금을 사용할 자 - 모범ㆍ향토음식점으로 지정된 자 중 육성기금을 필요로 하는 자 ☞ 영업장 시설개선자금, HACCP 시설자금, 육성자금, 화장실 시설개선자금 지원 ※ 자세한 지원내용 공고문 참조",https://www.bizinfo.go.kr/sii/siia/selectSIIA200Detail.do?pblancId=PBLN_000000000118377,https://www.bizinfo.go.kr/cmm/fms/getImageFile.do?atchFileId=FILE_000000000743462&fileSn=0,2026년+전북특별자치도+식품진흥기금+융자사업+공고.hwp,,,방문 접수 - 접수처 : 영업장 소재지 관할 시ㆍ군 위생부서,시ㆍ군별 문의처 상이 (공고문 참조),,2026-02-10 13:21:45,finance_all.json,bizinfo
PBLN_000000000120102,[전북] 2026년 중동분쟁 대응 수출입기업 긴급 경영안정자금 지원계획 변경 공고,전북특별자치도,직접수행,금융,예산 소진시까지,중소기업,타지역,,False,"소기업,경영안정,육성기금","「전북특별자치도 중소기업 육성기금 설치 및 운용 조례」 제11조에 따라 중동분쟁으로 어려움을 겪는 수출입기업의 금융부담 해소를 위해 2026년 전북특별자치도 중소기업 육성자금 긴급 경영안정자금 지원계획을 다음과 같이 공고합니다. ☞ 도내 소재 중소기업 중 중동 분쟁 등 외부 환경으로 피해가 있는 직ㆍ간접 수출입업체(업종무관) ☞ 지원한도 : 업체당 최고 2억원 - 이자차액보전 : 2.0% 지원 ※ 특례사항 : 심사평가 생략하고, 제출서류 확인으로 지원",https://www.bizinfo.go.kr/sii/siia/selectSIIA200Detail.do?pblancId=PBLN_000000000120102,https://www.bizinfo.go.kr/cmm/fms/getImageFile.do?atchFileId=FILE_000000000748945&fileSn=1,중동 분쟁 대응 수출입기업 긴급경영안정자금 지원계획 변경 공고문.pdf,https://www.bizinfo.go.kr/cmm/fms/getImageFile.do?atchFileId=FILE_000000000749046&fileSn=1,중동 분쟁 대응 수출입기업 긴급경영안정자금 지원계획 변경 공고문.hwp,온라인 접수 (전북특별자치도중소기업종합지원시스템),"전북특별자치도 경제통상진흥원 063-711-2021,2022, 2053",https://jbok.kr/index.do,2026-03-30 10:47:26,finance_all.json,bizinfo
PBLN_000000000117356,[전북] 2026년 중소기업육성자금 융자 지원계획 공고,전북특별자치도,전북특별자치도경제통상진흥원,금융,분기별 상이,중소기업,타지역,,False,"소기업,경영안정,육성기금,융자","「전북특별자치도 중소기업 육성기금 설치 및 운용 조례」제12조 및 동 조례 시행규칙 제7조에 따라 2026년도 중소기업 육성자금 융자 지원계획을 다음과 같이 공고합니다. ☞ 도내 중소기업 ※ 세부사업별 지원대상 상이 (공고문 참조) ☞ 융자 지원규모 3,300억원 이내(창업 및 경쟁력강화자금, 벤처기업육성자금, 경영안정자금, 거치기간 연장지원) 지원 ※ 자세한 지원내용 공고문 참조",https://www.bizinfo.go.kr/sii/siia/selectSIIA200Detail.do?pblancId=PBLN_000000000117356,https://www.bizinfo.go.kr/cmm/fms/getImageFile.do?atchFileId=FILE_000000000740611&fileSn=0,★2026년+전북특별자치도+중소기업육성자금+융자지원+계획+공고.hwp,,,온라인 접수 (전북특별자치도중소기업종합지원시스템),전북특별자치도 경제통상진흥원 자금지원팀 063-711-2021~2/2053,https://jbok.kr/spWork/supportBusinessView.do?menuId=60&spSeq=98889cf9600c413e9e47de5bde6c910a,2026-01-13 10:09:52,finance_all.json,bizinfo
PBLN_000000000117490,[전북] 남원시 2026년 중소기업육성기금 지원계획 공고,전북특별자치도,기초자치단체,금융,2026-01-01 ~ 2026-11-20,중소기업,타지역,,False,"소기업,운전자금,시설자금,육성기금,이차보전","관내 소재 중소기업의 운전자금 및 시설자금에 대한 이차보전 지원으로 자금난 완화와 경영 안정을 도모하기 위하여「남원시 중소기업육성기금 설치 및 운영조례」제8조 규정에 따라 ‘2026년도 남원시 중소기업 육성기금 지원계획’을 다음과 같이 공고합니다. ☞ 남원시에 한국표준산업분류 상 제조업 공장이 소재한 「중소기업기본법」 제2조의 중소기업체 및 그 밖에 시장이 지원이 필요하다고 인정하는 업체 ☞ 이차보전금 (일반기업 4%, 벤처기업ㆍ전북 우수중소기업인상 수상 기업ㆍ유망중소기업 5%) 지원 - 운전자금 최대 3억원, 시설자금 최대 5억원",https://www.bizinfo.go.kr/sii/siia/selectSIIA200Detail.do?pblancId=PBLN_000000000117490,https://www.bizinfo.go.kr/cmm/fms/getImageFile.do?atchFileId=FILE_000000000740951&fileSn=0,2026년 남원시 중소기업육성기금 지원 공고문.hwp,,,방문 접수 - 접수처 : 남원시청 3층 기업정책과 기업지원팀,남원시 기업정책과 기업지원담당 063-620-6645,,2026-01-15 14:11:32,finance_all.json,bizinfo
PBLN_000000000125742,[제주] 2026년 낙농가 한시적 특별융자 지원사업 대상자 모집 공고,제주특별자치도,기초자치단체,금융,2026-08-18 ~ 2026-09-01,중소기업,타지역,,False,"소기업,경영안정,융자",낙농가 경영안정 및 원유 생산기반 유지를 위하여「제주특별자치도 지역농어촌진흥기금 설치 및 운용 조례」등에 따라 2026년 낙농가 한시적 특별융자 지원사업 대상자를 다음과 같이 모집 공고합니다. ☞ 젖소 사육농가 및 농업법인 -「농어업경영체 육성 및 지원에 관한 법률」제4조에 따라 농업경영체 등록을 완료한 농업인 또는 농업법인 -「축산법」에 따른 축산업(가축사육업) 허가 또는 등록을 완료한 도내 낙농가 및 낙농관련 법인 ☞ (개인) 3백만원 이상 1억원 이하 (생산자단체) 3백만원 이상 3억원 이하 한도 융자 지원 ※ 자세한 지원내용 공고문 참조,https://www.bizinfo.go.kr/sii/siia/selectSIIA200Detail.do?pblancId=PBLN_000000000125742,https://www.bizinfo.go.kr/cmm/fms/getImageFile.do?atchFileId=FILE_000000000770382&fileSn=0,(공고문)_2026년 낙농가 한시적 특별융자 지원사업 대상자 모집 공고.hwpx,https://www.bizinfo.go.kr/cmm/fms/getImageFile.do?atchFileId=FILE_000000000770383&fileSn=0,(업무지침)_낙농가 한시적 특별융자 이차보전금.hwpx,방문 접수 - 접수처 : 주소지 관할 읍ㆍ면사무소 및 동 주민센터,"제주특별자치도 친환경축산정책과 064-710-2123 제주시 청정축산과 064-728-3891, 3893 서귀포시 청정축산과 064-760-2661, 2662 주소지 읍·면사무소, 동주민센터(산업부서)",,2026-08-24 14:23:29,finance_all.json,bizinfo
PBLN_000000000117935,[제주] 2026년 식품진흥기금 융자지원 계획 공고,제주특별자치도,직접수행,금융,예산 소진시까지,중소기업,타지역,,False,"소기업,융자","「제주특별자치도 식품진흥기금 조례 시행규칙」제2조 규정에 따라 아래와 같이 2026년도 제주특별자치도 식품진흥기금 융자지원 계획을 공고합니다. ☞ 제주특별자치도 내 식품접객업소 및 식품제조가공업소 등 ☞ 시설개선자금, 운영(육성)자금 융자 지원(연 1%, 1년 거치, 3년 균등분할 상환)",https://www.bizinfo.go.kr/sii/siia/selectSIIA200Detail.do?pblancId=PBLN_000000000117935,https://www.bizinfo.go.kr/cmm/fms/getImageFile.do?atchFileId=FILE_000000000741997&fileSn=0,2026년 식품진흥기금 융자지원 계획 공고 (1).hwp,https://www.bizinfo.go.kr/cmm/fms/getImageFile.do?atchFileId=FILE_000000000741998&fileSn=0@https://www.bizinfo.go.kr/cmm/fms/getImageFile.do?atchFileId=FILE_000000000741998&fileSn=1,(공고) 2027년 향토산업육성 신규 사업대상자 공모·선정 계획.hwp@(공고) 2027년 농촌자원복합산업화 신규 사업대상자 공모·선정 계획.hwp,"방문 접수 - 접수처 : 영업장 소재지의 행정시(제주시 식품안전과/서귀포시 위생관리과) ※ 사전 은행여신규정 확인(농협, 제주은행) 후 융자신청(행정시) - 융자 취급은행 : 농협 중앙회, 제주은행 각 영업점",제주특별자치도 건강위생과 064-710-2943 / 제주시 식품안전과 064-728-1453 / 서귀포시 위생관리과 064-760-2422,,2026-01-28 10:06:37,finance_all.json,bizinfo
PBLN_000000000117095,[충남] 2026년 사회적경제기금 융자지원 계획 공고,충청남도,신협중앙회,금융,예산 소진시까지,사회적기업,타지역,,False,융자,「충청남도 사회적경제기금 설치 및 운용에 관한 조례」에 따라 2026년도 충청남도 사회적경제 기금 융자지원 계획을 다음과 같이 공고합니다. ☞ 「충청남도 사회적경제육성지원에 관한 조례」 제2조 제2호에서 정한 사회적경제조직 중 신청일 현재 충청남도 소재 사회적경제기업 ☞ 최대 1억 5천만원 ~ 3억원 한도 내 융자 지원 ※ 자세한 지원내용 공고문 참조,https://www.bizinfo.go.kr/sii/siia/selectSIIA200Detail.do?pblancId=PBLN_000000000117095,https://www.bizinfo.go.kr/cmm/fms/getImageFile.do?atchFileId=FILE_000000000739766&fileSn=0,2026년 충남 사회적경제기금 융자지원 계획 공고(안).hwp,,,"온라인, 이메일, 방문 접수 - (3천만원 초과융자) 사회적경제기업 평가시스템 접속 및 회원가입 후 신청 - (3천만원 이하융자) 이메일(socialeconomy@cu.co.kr)로 송부 (신협 담당자 별도연락 예정) 또는 시군별 취급신협 사전통화 후 방문신청",충청남도 경제정책과 사회적경제육성팀 041-635-3323 / 신협중앙회 사회적금융실 042-720-1293 / 충남 사회적경제지원센터 041-406-8129,https://www.kodit.co.kr/seenp/index.do,2026-01-05 13:59:02,finance_all.json,bizinfo
PBLN_000000000117232,[충남] 2026년 식품진흥기금 시설개선자금 융자계획 공고,충청남도,직접수행,금융,2026-01-07 ~ 2026-09-30,중소기업,타지역,,False,"소기업,융자","충청남도 식품진흥기금 설치 및 운용 조례 시행규칙 제6조(융자계획의 공고 등) 규정에 의거 2026년 식품진흥기금 시설개선자금 융자계획을 다음과 같이 공고합니다. ☞ 식품위생법 및 건강기능식품에 관한 법률에 의한 영업자, 어린이 기호식품 우수판매업소 등 ☞ 대상별 1~5천만원 한도 내 융자(최대 7천만원까지 가능(화장실 포함)) 지원 - 대출금리 : 연1%(취급수수료) / 대출기간 : 2년 거치 후 3년차부터 4년동안 원금균등분할상환 ※ 자세한 지원내용 공고문 참조",https://www.bizinfo.go.kr/sii/siia/selectSIIA200Detail.do?pblancId=PBLN_000000000117232,https://www.bizinfo.go.kr/cmm/fms/getImageFile.do?atchFileId=FILE_000000000740143&fileSn=0,2026년 식품진흥기금 시설개선자금 융자계획 공고문.hwp,,,방문 접수 - 접수처 : 소재지 관할 시장ㆍ군수(위생부서),충청남도 보건복지국 건강증진식품과 041-635-4332 또는 관할 시ㆍ군 위생부서,,2026-01-08 09:54:31,finance_all.json,bizinfo
PBLN_000000000120062,[충북] 2026년 긴급 운전자금 융자(이차보전) 지원계획 공고,충청북도,직접수행,금융,예산 소진시까지,중소기업,타지역,,False,"소기업,운전자금,육성기금,이차보전,융자","충청북도 중소기업육성기금 설치 및 운용 조례 제10조 및 같은 조례 시행규칙 제4조의 규정에 따라 「2026년도 충청북도 긴급 운전자금 융자(이차보전) 지원계획」을 다음과 같이 공고합니다. ☞ 충청북도에 사업장을 둔 「중소기업기본법」의 적용을 받는 중소기업으로서 지원업종 요건을 충족하면서, 아래 유형의 어느 하나에 해당되는 기업 - 지원업종(공통요건ㆍ필수충족) : 제조업, 서비스업, 폐기물처리 원료재생업 ㆍ 지원유형 : 중동지역 직ㆍ간접 수출ㆍ입 피해기업, 최근 1년 이내 100만$ 이상 수출실적(직수출)이 있는 중소기업, 일반화물자동차운송업 ☞ 이차보전 방식(은행 대출금리의 일부 지원)",https://www.bizinfo.go.kr/sii/siia/selectSIIA200Detail.do?pblancId=PBLN_000000000120062,https://www.bizinfo.go.kr/cmm/fms/getImageFile.do?atchFileId=FILE_000000000748834&fileSn=1,2026년 충청북도 긴급 운전자금 융자(이차보전) 지원계획 공고문+.pdf,https://www.bizinfo.go.kr/cmm/fms/getImageFile.do?atchFileId=FILE_000000000748837&fileSn=1,2026년 충청북도 긴급 운전자금 융자(이차보전) 지원계획 공고문.hwp,"방문 및 우편 접수 - 접수처 : (우 28399) 충북 청주시 흥덕구 풍산로 50, 2층 기업지원부","충청북도기업진흥원 기업지원부 043-230-9751, 9729",,2026-03-27 13:24:27,finance_all.json,bizinfo
PBLN_000000000118033,[충북] 2026년 사회적기업 육성자금 이차보전금 지원계획 공고,충청북도,신용보증기금,금융,예산 소진시까지,사회적기업,타지역,,False,"시설자금,이차보전,보증","「사회적기업육성법」제11조,「충청북도 사회적기업 육성지원에 관한 조례」제6조에 따라 사회적기업 또는 예비사회적기업 육성자금 이차보전금 지원계획을 다음과 같이 공고합니다. ☞ 도내 소재 사회적기업 또는 예비사회적기업 ☞ 기업 운영 및 시설자금 대출에 대한 이자차액(2.5%) 지원 - 업체당 1억원 이내, 최대 5년 지원(인증3, 예비2)",https://www.bizinfo.go.kr/sii/siia/selectSIIA200Detail.do?pblancId=PBLN_000000000118033,https://www.bizinfo.go.kr/cmm/fms/getImageFile.do?atchFileId=FILE_000000000742294&fileSn=0,(공고문)2026년 사회적기업 육성자금 이차보전금 지원계획.hwp,,,"방문 또는 온라인 접수 (해당기관 문의 후 진행) - 방문 : (보증심사) 신용보증기금 영업점, (대출실행) 도내 NH농협은행 영업점 - 온라인 : 신용보증기금",충청북도 소상공인정책과 사회적경제팀 043-220-2575 [보증상담] 신용보증기금 각 영업점 (대표)1588-6565 [대출상담] NH농협은행 충북본부(대표) 043-229-1534,https://www.kodit.co.kr/index.do,2026-01-30 13:25:49,finance_all.json,bizinfo
PBLN_000000000117554,[충북] 괴산군 2026년 중소기업육성자금 이차보전금 지원 선정계획 공고,충청북도,기초자치단체,금융,예산 소진시까지,중소기업,타지역,,False,"소기업,운전자금,시설자금,이차보전,융자","관내 중소기업의 건전한 육성과 지역경제 활성화에 기여하기 위해 「괴산군 중소기업육성자금 이차보전 지원」 대상 기업을 선정하고자 아래와 같이 공고합니다. ☞ 괴산군 관내 중소기업 ☞ 중소기업육성자금 이차보전금 지원 - 대출 협약 업체 NH농협은행에서 대출받은 융자금에 한하여 3년 동안 이자 3%로 지원(운전자금 5억, 시설자금 10억)",https://www.bizinfo.go.kr/sii/siia/selectSIIA200Detail.do?pblancId=PBLN_000000000117554,https://www.bizinfo.go.kr/cmm/fms/getImageFile.do?atchFileId=FILE_000000000741136&fileSn=0,2026년 중소기업육성자금 지원계획 공고문.hwp,,,"방문 접수 - 접수처 : 경제과 기업지원팀(괴산읍 임꺽정로 90, 괴산군청 동관 2층)",괴산군 경제과 기업지원팀 043-830-3328,,2026-01-19 10:55:24,finance_all.json,bizinfo
PBLN_000000000117535,[충북] 청주시 2026년 중소기업육성자금 융자(이차보전) 지원계획 공고,충청북도,기초자치단체,금융,예산 소진시까지,중소기업,타지역,,False,"소기업,경영안정,육성기금,이차보전,융자","청주시 중소기업육성기금 설치 및 운용 조례 제9조에 따라 「2026년도 청주시 중소기업육성자금 융자(이차보전) 지원계획」을 다음과 같이 공고 합니다. ☞ 청주시에 사업장(사업자등록증명원의 소재지)을 둔「중소기업기본법」의 적용을 받는 중소기업 ☞ 경영안정자금, 특별경영안정자금, 지식산업센터분양입주자금 지원 - 경영안정자금 : 융자한도 8억원, 이자지원기간 4년, 이차보전율 연 3% 이내 ※ 시 유망중소기업, 고용선도기업 이자지원기간 5년 - 특별경영안정자금 : 융자한도 5억원, 이자지원기간 4년, 이차보전율 연 3% 이내 -지식산업센터분양입주자금 : 융자한도 5억원, 이자지원기간 5년, 이차보전율 연 3% 이내",https://www.bizinfo.go.kr/sii/siia/selectSIIA200Detail.do?pblancId=PBLN_000000000117535,https://www.bizinfo.go.kr/cmm/fms/getImageFile.do?atchFileId=FILE_000000000741062&fileSn=0,★2026 중소기업 육성기금 융자 지원계획(공고문)★.hwp,https://www.bizinfo.go.kr/cmm/fms/getImageFile.do?atchFileId=FILE_000000000741063&fileSn=0@https://www.bizinfo.go.kr/cmm/fms/getImageFile.do?atchFileId=FILE_000000000741063&fileSn=1@https://www.bizinfo.go.kr/cmm/fms/getImageFile.do?atchFileId=FILE_000000000741063&fileSn=2@https://www.bizinfo.go.kr/cmm/fms/getImageFile.do?atchFileId=FILE_000000000741063&fileSn=3,붙임1) 2026년 중소기업 경영안정자금 이자보전 지원 신청서류(서식).hwp@붙임2) 2026년 중소기업 특별경영안정자금 이자보전 지원 신청서류(서식).hwp@붙임3) 2026년 지식산업센터분양입주자금 이자보전 지원 신청서류(서식).hwp@별첨) 2026년 청주시 중소기업 경영안정자금 이자보전 지원(융자추천) 심사기준표.hwp,방문 또는 우편 접수 - 접수처 : 우 28527/청주시 상당구 상당로69번길 38(임시청사 별관1층),청주시청 기업지원과 기업지원팀 043-201-1424,,2026-01-16 15:20:00,finance_all.json,bizinfo
PBLN_000000000120618,[충북] 충주시 2026년 중소기업육성기금 지원계획 변경 공고,충청북도,기초자치단체,금융,예산 소진시까지,중소기업,타지역,,False,"소기업,경영안정,육성기금,융자","「충주시 중소기업육성기금 설치와 운용 조례」 제9조의 규정에 의거 2026년 충주시 중소기업육성기금 지원계획을 다음과 같이 변경 공고합니다. ☞ 충주시에 사업장을 둔 「중소기업기본법」의 적용을 받는 중소기업으로서 「별첨1」의 ‘자금별 지원조건’의 융자대상에 해당하는 기업 ☞ 기업의 원활한 자금조달을 위한 융자에 대한 이자지원 - 경영안정자금, 수안보 관광특구 시설현대화 자금 ※ 자세한 지원내용 공고문 참조",https://www.bizinfo.go.kr/sii/siia/selectSIIA200Detail.do?pblancId=PBLN_000000000120618,https://www.bizinfo.go.kr/cmm/fms/getImageFile.do?atchFileId=FILE_000000000750636&fileSn=0,2026년 충주시 중소기업육성기금 지원계획 변경 공고문.hwpx,,,우편 및 방문 접수 - 접수처 : 충주시청 투자유치과,충주시청 투자유치과 043-850-6053,,2026-04-09 14:44:01,finance_all.json,bizinfo
PBLN_000000000117893,대구광역시 내국인 단체 관광객 유치 인센티브 지원 공고,대구광역시,대구문화예술진흥원,경영,예산 소진시까지,중소기업,타지역,,False,소기업,"대구광역시 내국인 단체 관광객 유치를 통한 지역 관광 활성화를 위하여 “2026년도 내국인 관광객 유치 인센티브 지원계획”을 다음과 같이 공고하오니 많은 관심과 참여 바랍니다. ☞ 관광진흥법 제4조 및 같은 법 시행령 제2조의 규정에 따른 종합여행업, 국내외여행업, 국내여행업 등록업체 - 그 외 대구시가 필요하다고 판단되는 관광사업체 ☞ 단체관광 상품운영 지원(1개 여행사별 연간 3천만원 한도 내 지원) ※ 자세한 지원내용 공고문 참조",https://www.bizinfo.go.kr/sii/siia/selectSIIA200Detail.do?pblancId=PBLN_000000000117893,https://www.bizinfo.go.kr/cmm/fms/getImageFile.do?atchFileId=FILE_000000000741908&fileSn=0,2026년 대구광역시 내국인 관광객 유치(인센티브) 지원 공고문.hwp,,,온라인 접수 (대구관광 B2B 정보교류 사이트) ※ 상품판매 협의 및 사전계획서 등 여행 3일 전까지 온라인 접수 ※ 투어종료 후 다음달 10일 이내 지원금 신청서(정산서류 사본) 제출,"대구문화예술진흥원 관광콘텐츠팀 053-430-7334, incentive1@dgfca.or.kr / [문화관광해설사 지원 신청] 대구광역시 관광협회 053-746-6407~8",https://www.visitdaegu.or.kr/insentibeu/1,2026-01-27 13:25:25,management_seoul.json,bizinfo
