trdar_cd,signgu,stdr_yyqu,svc_induty,flow_pop,work_pop,resident_pop,store_cnt,open_rate,close_rate,competitor_cnt,rent,change_idx,monthly_sales,survived_2y
01000,강남구,20231,커피-음료,12428,10064,11349,10,9.2,8.3,9,28.8,LL,2735,1
01000,강남구,20232,커피-음료,10452,6470,11103,11,8.9,8.9,3,28.6,LL,3130,1
01000,강남구,20233,커피-음료,10193,7905,10808,7,5.2,8.5,4,26.3,LL,3299,1
01000,강남구,20234,커피-음료,11202,9162,10416,1,6.6,7.0,1,25.5,LL,3566,1
01000,강남구,20241,커피-음료,11976,8221,10728,11,3.7,7.2,6,28.6,LL,3175,1
01000,강남구,20242,커피-음료,10089,7084,8838,3,5.2,5.8,1,26.6,LL,3531,0
01000,강남구,20243,커피-음료,12503,7569,13341,10,8.8,12.3,6,28.9,LL,3352,1
01000,강남구,20244,커피-음료,11715,8073,14225,8,11.9,7.7,7,28.3,LL,3381,1
01000,강남구,20231,한식음식점,13036,8491,11874,6,9.0,11.2,4,25.4,LL,4201,1
01000,강남구,20232,한식음식점,11806,7548,14205,7,8.7,7.5,5,25.3,LL,3968,0
01000,강남구,20233,한식음식점,13023,10615,13788,2,7.5,3.8,2,29.5,LL,4793,1
01000,강남구,20234,한식음식점,12051,10044,12689,6,7.3,9.3,3,25.6,LL,4343,1
01000,강남구,20241,한식음식점,9988,6313,8800,8,9.2,4.7,3,26.7,LL,4224,1
01000,강남구,20242,한식음식점,12994,7928,15856,13,10.6,6.0,6,26.8,LL,4021,0
01000,강남구,20243,한식음식점,11459,7755,12467,12,4.5,5.4,5,27.9,LL,4385,0
01000,강남구,20244,한식음식점,11837,7208,13288,10,9.1,9.5,3,28.9,LL,4508,1
01000,강남구,20231,분식전문점,10732,7375,10658,7,15.0,6.4,7,25.4,LL,2489,1
01000,강남구,20232,분식전문점,12651,8440,13346,10,5.9,6.5,6,29.0,LL,2468,1
01000,강남구,20233,분식전문점,9815,5853,10975,11,3.6,4.3,6,26.2,LL,2358,1
01000,강남구,20234,분식전문점,11928,7080,14761,3,9.1,11.0,4,26.3,LL,2148,1
01000,강남구,20241,분식전문점,10310,7517,10635,3,9.0,6.9,1,27.0,LL,2375,1
01000,강남구,20242,분식전문점,9921,6974,10533,11,10.0,10.3,12,25.0,LL,2036,1
01000,강남구,20243,분식전문점,12365,7240,15000,6,10.4,8.0,8,25.6,LL,2295,0
01000,강남구,20244,분식전문점,12698,11037,11669,6,6.7,8.4,1,26.0,LL,2712,1
01000,강남구,20231,제과점,10087,6578,12308,7,5.3,6.8,9,29.7,LL,2462,1
01000,강남구,20232,제과점,9882,8409,10382,2,5.3,7.6,0,30.1,LL,3310,1
01000,강남구,20233,제과점,12289,10584,14670,11,6.7,5.4,3,30.1,LL,3090,1
01000,강남구,20234,제과점,10090,7494,12132,5,5.6,3.2,3,29.1,LL,2993,1
01000,강남구,20241,제과점,9812,7172,11272,5,7.1,6.1,4,29.6,LL,2731,1
01000,강남구,20242,제과점,12589,10972,12404,10,9.0,4.4,3,28.2,LL,3281,0
01000,강남구,20243,제과점,11667,7747,14503,10,9.9,10.8,7,28.4,LL,2916,1
01000,강남구,20244,제과점,12054,10355,12997,3,1.0,4.1,0,27.2,LL,3486,1
01000,강남구,20231,치킨전문점,11126,6663,12882,5,7.4,3.4,2,26.5,LL,2715,0
01000,강남구,20232,치킨전문점,10912,7112,11611,5,9.6,6.4,2,29.7,LL,2648,1
01000,강남구,20233,치킨전문점,11941,7780,13164,2,6.9,4.3,2,26.1,LL,2604,1
01000,강남구,20234,치킨전문점,11047,9033,10989,6,8.3,5.3,1,28.7,LL,3198,1
01000,강남구,20241,치킨전문점,11850,7323,10900,5,13.4,9.7,0,25.4,LL,2977,1
01000,강남구,20242,치킨전문점,10741,6402,11958,5,4.7,8.0,3,28.4,LL,2902,1
01000,강남구,20243,치킨전문점,11246,8220,9712,8,1.7,1.4,5,29.5,LL,2619,1
01000,강남구,20244,치킨전문점,12504,9340,11292,7,5.9,9.9,7,29.8,LL,2432,1
01000,강남구,20231,의류,10250,6444,11807,7,7.9,7.8,3,27.3,LL,2627,1
01000,강남구,20232,의류,10669,7116,12658,8,8.1,6.1,5,29.4,LL,2182,1
01000,강남구,20233,의류,11196,8982,13319,5,9.2,8.7,2,26.0,LL,2733,0
01000,강남구,20234,의류,11632,7602,11204,11,7.7,9.8,6,25.3,LL,2521,1
01000,강남구,20241,의류,11181,8228,10494,8,7.9,2.9,8,26.2,LL,2418,1
01000,강남구,20242,의류,11983,8334,15024,10,10.6,11.4,8,26.7,LL,2760,1
01000,강남구,20243,의류,11556,9765,11997,6,4.3,11.3,3,29.0,LL,2451,0
01000,강남구,20244,의류,10748,6681,10531,11,6.3,9.4,6,29.4,LL,2388,1
01001,강남구,20231,커피-음료,11908,7857,6845,7,7.8,1.0,5,34.8,HH,3066,1
01001,강남구,20232,커피-음료,10071,7259,4591,7,3.4,6.0,4,32.3,HH,2770,1
01001,강남구,20233,커피-음료,11951,8617,6253,7,7.2,1.0,7,35.4,HH,2892,1
01001,강남구,20234,커피-음료,10520,5228,4490,1,7.3,3.4,0,33.8,HH,3455,1
01001,강남구,20241,커피-음료,11424,6972,6696,7,8.0,6.1,3,30.1,HH,2980,1
01001,강남구,20242,커피-음료,11946,6137,6591,10,4.6,1.0,6,31.2,HH,2930,1
01001,강남구,20243,커피-음료,10056,5488,5273,5,7.6,8.6,3,32.7,HH,3077,1
01001,강남구,20244,커피-음료,9463,6095,4356,3,6.0,2.0,0,31.9,HH,3382,1
01001,강남구,20231,한식음식점,9494,6591,5783,2,12.0,3.9,1,34.9,HH,3969,1
01001,강남구,20232,한식음식점,9864,6991,5285,11,6.4,7.1,5,33.7,HH,3663,1
01001,강남구,20233,한식음식점,10261,6334,5252,6,6.7,3.9,3,31.2,HH,3614,1
01001,강남구,20234,한식음식점,9016,6384,4485,2,12.9,5.1,0,29.7,HH,4464,1
01001,강남구,20241,한식음식점,8869,5941,4298,8,9.8,6.3,7,33.2,HH,3330,1
01001,강남구,20242,한식음식점,10157,5172,5902,5,6.3,3.9,3,33.6,HH,3748,1
01001,강남구,20243,한식음식점,9288,4886,4527,6,6.4,1.0,5,35.8,HH,3728,1
01001,강남구,20244,한식음식점,8993,6346,5305,3,6.9,6.7,3,35.9,HH,4147,1
01001,강남구,20231,분식전문점,9146,6304,5149,16,9.4,1.0,8,35.9,HH,1970,0
01001,강남구,20232,분식전문점,9590,4724,4294,6,14.7,7.0,6,35.7,HH,1923,1
01001,강남구,20233,분식전문점,9854,6284,5476,6,6.7,1.0,3,32.7,HH,2407,1
01001,강남구,20234,분식전문점,9564,6064,4078,10,3.9,1.0,11,34.4,HH,1881,1
01001,강남구,20241,분식전문점,11647,6362,5111,8,8.5,2.2,3,30.4,HH,2076,1
01001,강남구,20242,분식전문점,11296,7461,6611,7,9.6,6.7,4,32.0,HH,1932,0
01001,강남구,20243,분식전문점,10861,7485,6772,7,5.1,6.2,6,35.1,HH,2096,1
01001,강남구,20244,분식전문점,10107,5510,5477,6,3.9,2.1,2,30.8,HH,2575,1
01001,강남구,20231,제과점,9289,5979,5436,7,11.1,1.0,5,29.8,HH,2902,1
01001,강남구,20232,제과점,10087,6660,4973,10,3.7,3.1,6,32.6,HH,2713,1
01001,강남구,20233,제과점,9683,5293,4539,7,1.0,8.8,5,29.9,HH,2950,1
01001,강남구,20234,제과점,9253,6185,5653,10,9.6,2.8,7,33.0,HH,2403,0
01001,강남구,20241,제과점,11720,8407,5731,8,3.5,1.0,9,33.2,HH,2965,1
01001,강남구,20242,제과점,8948,5154,5479,7,4.6,2.5,4,33.7,HH,2376,1
01001,강남구,20243,제과점,10853,5743,6517,10,6.0,9.8,2,30.0,HH,3077,1
01001,강남구,20244,제과점,10823,7498,5937,8,5.7,2.3,4,34.6,HH,2864,1
01001,강남구,20231,치킨전문점,9774,6035,4653,10,16.4,2.6,4,34.5,HH,2086,1
01001,강남구,20232,치킨전문점,10389,6314,5620,10,8.8,3.1,3,34.3,HH,2407,1
01001,강남구,20233,치킨전문점,9375,5919,4534,12,10.6,8.7,12,36.0,HH,2040,1
01001,강남구,20234,치킨전문점,10562,6501,5502,7,10.0,2.1,5,33.8,HH,2332,1
01001,강남구,20241,치킨전문점,8920,6108,3997,7,10.6,2.3,3,34.3,HH,2245,1
01001,강남구,20242,치킨전문점,10343,5866,4783,3,3.3,5.6,3,30.2,HH,2560,1
01001,강남구,20243,치킨전문점,9550,5635,4793,6,8.4,2.6,2,35.5,HH,2431,1
01001,강남구,20244,치킨전문점,10770,6769,5412,7,2.8,2.8,5,35.7,HH,2601,1
01001,강남구,20231,의류,11513,6203,6268,6,14.0,4.2,2,31.4,HH,2105,1
01001,강남구,20232,의류,10247,7273,5647,5,8.7,3.7,1,32.4,HH,2532,1
01001,강남구,20233,의류,10771,6146,5938,1,9.5,4.5,0,34.9,HH,2481,1
01001,강남구,20234,의류,10461,5896,5266,3,8.9,3.7,2,35.6,HH,2788,1
01001,강남구,20241,의류,9310,5228,5783,3,8.5,3.9,3,30.1,HH,2621,1
01001,강남구,20242,의류,9661,5816,5743,8,6.6,7.0,2,34.0,HH,2493,1
01001,강남구,20243,의류,10309,5851,6114,5,9.1,5.7,2,35.7,HH,2288,1
01001,강남구,20244,의류,9919,5157,5195,3,3.8,1.0,2,31.3,HH,2521,1
01002,강남구,20231,커피-음료,10949,7948,7633,15,8.6,8.2,9,11.1,LL,3296,1
01002,강남구,20232,커피-음료,11323,6240,7800,7,9.0,4.6,6,11.4,LL,3435,1
01002,강남구,20233,커피-음료,9445,6716,4755,6,4.8,7.7,3,11.5,LL,3745,1
01002,강남구,20234,커피-음료,9118,4657,6511,6,4.4,8.0,5,11.6,LL,3502,1
01002,강남구,20241,커피-음료,9675,6236,4823,8,8.5,1.4,2,11.7,LL,3674,1
01002,강남구,20242,커피-음료,10995,6349,6773,11,8.5,8.7,11,13.1,LL,3280,1
01002,강남구,20243,커피-음료,10788,5772,5376,10,7.8,10.5,2,13.3,LL,3640,1
01002,강남구,20244,커피-음료,9631,5895,5574,7,4.7,8.9,5,11.2,LL,3818,1
01002,강남구,20231,한식음식점,10391,6300,6383,8,11.6,5.7,2,12.8,LL,4899,1
01002,강남구,20232,한식음식점,8714,4349,5919,8,9.2,13.7,6,12.3,LL,4270,1
01002,강남구,20233,한식음식점,9755,5090,6669,6,6.5,7.3,0,13.4,LL,4860,1
01002,강남구,20234,한식음식점,10947,6269,5240,6,11.6,11.7,7,12.7,LL,4345,1
01002,강남구,20241,한식음식점,8968,4869,5396,3,6.9,1.0,1,11.2,LL,5027,1
01002,강남구,20242,한식음식점,10832,6799,5989,11,10.9,7.8,6,13.0,LL,4349,1
01002,강남구,20243,한식음식점,11304,7350,5625,12,14.3,5.3,3,12.3,LL,5129,1
01002,강남구,20244,한식음식점,9810,6602,6545,5,15.8,5.9,5,12.7,LL,4733,1
01002,강남구,20231,분식전문점,11509,8205,6938,5,4.4,4.9,2,11.5,LL,2481,1
01002,강남구,20232,분식전문점,11423,5964,7923,7,7.7,7.3,4,12.1,LL,2770,0
01002,강남구,20233,분식전문점,9616,5354,5822,6,11.7,9.8,2,12.8,LL,2576,1
01002,강남구,20234,분식전문점,8946,5765,6379,6,2.6,12.7,4,11.5,LL,2487,1
01002,강남구,20241,분식전문점,10017,5841,6600,6,7.1,13.1,7,11.6,LL,2538,0
01002,강남구,20242,분식전문점,10144,6827,5484,13,5.6,4.1,7,11.5,LL,2741,1
01002,강남구,20243,분식전문점,10395,7223,5669,16,10.5,5.2,10,12.0,LL,2101,1
01002,강남구,20244,분식전문점,11136,7421,6206,8,11.6,6.0,7,12.0,LL,2781,1
01002,강남구,20231,제과점,11119,7312,6533,7,6.2,7.8,3,12.4,LL,3210,1
01002,강남구,20232,제과점,9153,6089,6068,3,6.6,8.5,2,11.5,LL,3312,1
01002,강남구,20233,제과점,11217,5921,7382,6,7.8,5.9,3,13.1,LL,3329,1
01002,강남구,20234,제과점,11445,5835,6309,8,8.2,7.3,4,11.4,LL,3569,1
01002,강남구,20241,제과점,9302,6078,5949,12,11.1,10.5,7,11.5,LL,3223,0
01002,강남구,20242,제과점,8763,4314,5337,7,10.5,9.3,7,13.0,LL,3191,1
01002,강남구,20243,제과점,9775,4853,6485,6,7.8,5.3,2,13.0,LL,3724,0
01002,강남구,20244,제과점,9958,6641,5826,6,13.2,1.3,3,11.1,LL,3264,1
01002,강남구,20231,치킨전문점,10255,4980,5277,5,10.0,3.9,0,11.3,LL,2924,1
01002,강남구,20232,치킨전문점,11651,5906,8250,8,6.1,9.4,6,12.1,LL,2660,0
01002,강남구,20233,치킨전문점,10803,7865,5162,6,8.2,8.7,4,12.2,LL,2813,1
01002,강남구,20234,치킨전문점,11650,6285,7807,8,7.7,5.0,5,13.4,LL,2692,1
01002,강남구,20241,치킨전문점,9619,5331,5893,8,12.7,12.5,5,11.6,LL,3015,1
01002,강남구,20242,치킨전문점,11053,7571,6077,7,6.8,4.7,4,11.3,LL,3186,1
01002,강남구,20243,치킨전문점,10966,7181,5948,6,8.6,12.9,4,12.5,LL,3046,1
01002,강남구,20244,치킨전문점,9343,6770,6019,2,6.2,7.4,1,12.1,LL,3067,0
01002,강남구,20231,의류,11345,5776,7153,7,5.7,3.4,5,12.8,LL,2979,0
01002,강남구,20232,의류,10848,7554,7506,6,6.1,10.2,4,13.3,LL,2427,1
01002,강남구,20233,의류,8896,5161,4781,10,5.3,5.5,7,11.7,LL,2577,1
01002,강남구,20234,의류,10026,5331,5234,7,7.1,7.0,4,11.8,LL,2938,1
01002,강남구,20241,의류,10592,7031,6837,2,11.1,5.6,1,11.8,LL,3096,0
01002,강남구,20242,의류,11637,8373,5935,6,10.3,10.2,6,11.0,LL,2927,1
01002,강남구,20243,의류,9171,4580,4542,6,8.7,8.7,5,12.9,LL,2795,1
01002,강남구,20244,의류,9912,4820,4867,5,7.3,7.8,3,11.8,LL,3088,1
01003,강남구,20231,커피-음료,23942,8569,20774,3,6.1,8.0,2,27.3,LL,3380,1
01003,강남구,20232,커피-음료,22946,9433,27143,6,9.7,9.1,2,24.7,LL,3552,1
01003,강남구,20233,커피-음료,22098,7096,25087,12,11.1,5.4,3,27.7,LL,3379,1
01003,강남구,20234,커피-음료,22998,9179,24367,7,3.6,5.7,5,27.5,LL,3384,0
01003,강남구,20241,커피-음료,24903,8374,21115,3,9.5,8.0,0,28.6,LL,3554,1
01003,강남구,20242,커피-음료,24108,7863,29159,2,7.0,7.3,1,25.8,LL,4004,1
01003,강남구,20243,커피-음료,21199,7785,23269,6,1.7,4.7,1,27.3,LL,4107,1
01003,강남구,20244,커피-음료,22951,8705,24481,8,9.7,13.2,4,29.4,LL,3931,1
01003,강남구,20231,한식음식점,21915,8634,22948,7,7.1,7.5,3,24.6,LL,4598,1
01003,강남구,20232,한식음식점,26317,9714,24344,5,4.8,2.1,1,28.5,LL,4672,1
01003,강남구,20233,한식음식점,25209,8886,22309,10,1.2,7.6,4,25.2,LL,4399,1
01003,강남구,20234,한식음식점,25353,10254,24249,3,9.9,6.2,0,29.3,LL,4575,1
01003,강남구,20241,한식음식점,26151,7699,24583,11,7.9,1.0,14,27.5,LL,4109,1
01003,강남구,20242,한식음식점,23282,9749,23089,1,5.1,15.4,1,28.6,LL,4758,0
01003,강남구,20243,한식음식점,27583,12025,33076,8,6.7,9.9,4,24.5,LL,4936,1
01003,강남구,20244,한식음식점,26193,8563,27893,7,3.4,6.1,6,25.8,LL,4949,1
01003,강남구,20231,분식전문점,24164,9612,24857,11,7.3,8.8,7,26.4,LL,2647,0
01003,강남구,20232,분식전문점,23947,9765,22554,5,8.0,9.0,6,29.3,LL,2539,1
01003,강남구,20233,분식전문점,22081,8605,21114,11,11.1,4.7,8,26.5,LL,2295,0
01003,강남구,20234,분식전문점,26259,9764,24559,3,12.1,12.0,2,25.8,LL,2504,1
01003,강남구,20241,분식전문점,21050,6666,20902,7,7.8,7.9,2,26.2,LL,2551,1
01003,강남구,20242,분식전문점,26792,9127,28304,3,10.9,14.3,2,29.4,LL,3068,1
01003,강남구,20243,분식전문점,21118,7878,23875,3,10.6,10.6,2,24.6,LL,2775,1
01003,강남구,20244,분식전문점,25751,10834,29181,20,12.3,5.8,17,29.5,LL,2382,0
01003,강남구,20231,제과점,21976,7058,25789,6,7.5,2.3,1,28.3,LL,3143,1
01003,강남구,20232,제과점,27149,8624,33329,3,9.7,7.4,2,29.3,LL,3253,1
01003,강남구,20233,제과점,23998,9522,20489,11,7.5,8.8,4,27.8,LL,3260,1
01003,강남구,20234,제과점,20564,6658,19535,2,7.7,11.2,4,24.6,LL,3392,1
01003,강남구,20241,제과점,25402,10588,28892,6,3.0,9.7,5,26.6,LL,3599,1
01003,강남구,20242,제과점,25379,9840,27656,10,4.0,8.3,7,27.9,LL,3510,1
01003,강남구,20243,제과점,22310,8576,22611,3,13.3,5.5,2,26.5,LL,3834,1
01003,강남구,20244,제과점,27486,8224,33727,11,6.4,6.3,4,26.3,LL,3438,0
01003,강남구,20231,치킨전문점,26370,9716,26807,10,7.0,6.5,7,27.4,LL,2863,1
01003,강남구,20232,치킨전문점,22925,8910,23524,2,3.9,6.0,0,29.0,LL,2694,0
01003,강남구,20233,치킨전문점,23522,10212,28453,7,4.4,3.2,3,26.9,LL,2945,1
01003,강남구,20234,치킨전문점,21498,7954,19403,2,5.1,5.8,0,24.7,LL,2904,1
01003,강남구,20241,치킨전문점,20970,6831,21251,8,4.9,2.5,3,28.8,LL,3230,1
01003,강남구,20242,치킨전문점,21552,6835,23129,3,10.7,9.4,2,28.1,LL,2647,1
01003,강남구,20243,치킨전문점,26201,11328,28545,8,5.8,14.2,7,25.6,LL,3091,0
01003,강남구,20244,치킨전문점,25281,9448,25431,12,9.0,6.2,8,27.7,LL,2718,1
01003,강남구,20231,의류,22431,8982,21284,6,8.8,9.7,3,27.4,LL,3119,0
01003,강남구,20232,의류,25207,9467,23878,11,9.8,8.8,11,28.5,LL,2611,1
01003,강남구,20233,의류,24135,8886,20032,7,6.4,8.7,3,26.5,LL,3007,1
01003,강남구,20234,의류,27004,8205,27190,7,7.5,11.2,1,29.4,LL,2870,1
01003,강남구,20241,의류,24462,9374,30006,10,2.7,8.7,3,28.7,LL,3033,1
01003,강남구,20242,의류,21715,6698,19671,7,10.9,4.9,4,25.2,LL,2806,0
01003,강남구,20243,의류,21763,6431,20872,6,12.1,7.6,2,24.6,LL,3115,0
01003,강남구,20244,의류,25182,10282,29258,6,6.3,8.1,3,28.8,LL,3269,1
01004,강남구,20231,커피-음료,5379,2890,6064,10,3.7,14.1,4,29.8,LH,2836,0
01004,강남구,20232,커피-음료,5850,3260,5674,3,9.0,4.6,2,32.0,LH,2979,1
01004,강남구,20233,커피-음료,4522,2470,4933,7,5.9,8.3,8,29.4,LH,3078,0
01004,강남구,20234,커피-음료,5767,2550,6639,2,7.8,8.9,0,29.8,LH,3114,0
01004,강남구,20241,커피-음료,5671,3057,7474,3,11.4,11.5,4,32.5,LH,3036,1
01004,강남구,20242,커피-음료,5057,2800,5051,5,6.8,9.3,3,32.3,LH,2887,1
01004,강남구,20243,커피-음료,5729,2823,5743,10,6.7,10.3,5,32.8,LH,2677,0
01004,강남구,20244,커피-음료,4898,2150,6250,5,7.8,8.8,0,30.1,LH,3158,1
01004,강남구,20231,한식음식점,4616,2111,4804,6,8.5,5.6,4,34.6,LH,3469,1
01004,강남구,20232,한식음식점,5078,2775,4774,10,6.9,5.2,6,35.4,LH,3605,1
01004,강남구,20233,한식음식점,4392,2345,5425,11,8.5,10.8,7,32.1,LH,3341,0
01004,강남구,20234,한식음식점,5026,2815,5754,6,7.6,9.2,4,30.9,LH,3778,1
01004,강남구,20241,한식음식점,5512,3361,7011,11,6.7,9.5,5,32.1,LH,3632,0
01004,강남구,20242,한식음식점,5440,2657,5240,1,5.7,6.3,1,33.6,LH,4059,0
01004,강남구,20243,한식음식점,4750,2858,4774,6,5.7,12.4,4,32.1,LH,3718,1
01004,강남구,20244,한식음식점,5830,3332,7512,10,11.3,3.1,10,29.7,LH,3535,1
01004,강남구,20231,분식전문점,5044,2507,5367,7,7.6,7.2,5,31.9,LH,1684,0
01004,강남구,20232,분식전문점,4851,2791,4911,2,8.9,3.7,1,34.9,LH,2191,1
01004,강남구,20233,분식전문점,5557,2527,5493,7,10.4,3.2,4,34.6,LH,1892,1
01004,강남구,20234,분식전문점,4760,2709,4745,2,7.7,11.9,2,35.4,LH,1829,1
01004,강남구,20241,분식전문점,5444,2878,5686,12,7.1,9.3,4,32.9,LH,2078,1
01004,강남구,20242,분식전문점,5233,2806,5231,6,6.3,12.0,4,30.5,LH,2074,1
01004,강남구,20243,분식전문점,4531,2557,4658,5,4.5,7.9,3,31.3,LH,1547,0
01004,강남구,20244,분식전문점,5843,2581,7971,10,5.4,7.2,3,29.5,LH,2077,1
01004,강남구,20231,제과점,4802,3079,6516,10,12.8,7.3,5,31.8,LH,2490,1
01004,강남구,20232,제과점,5446,2806,6575,8,10.2,8.7,5,31.6,LH,2456,1
01004,강남구,20233,제과점,5720,3173,6120,6,7.8,5.9,1,30.7,LH,3072,1
01004,강남구,20234,제과점,5333,2437,6887,5,7.7,6.7,3,34.7,LH,2677,1
01004,강남구,20241,제과점,4779,2287,5431,8,9.1,4.0,5,34.4,LH,2273,1
01004,강남구,20242,제과점,4759,2486,5024,10,10.2,6.7,7,35.0,LH,2230,0
01004,강남구,20243,제과점,5737,2955,6379,6,7.9,7.5,6,31.3,LH,3133,1
01004,강남구,20244,제과점,4412,2449,6126,12,5.0,2.4,6,30.5,LH,2679,1
01004,강남구,20231,치킨전문점,5280,2967,5087,11,7.0,13.5,5,29.0,LH,2142,1
01004,강남구,20232,치킨전문점,4672,2167,5372,7,9.7,2.6,5,33.6,LH,2013,1
01004,강남구,20233,치킨전문점,5249,2737,7130,10,9.1,3.7,2,30.2,LH,2530,0
01004,강남구,20234,치킨전문점,4698,2161,5064,8,6.0,7.8,4,32.9,LH,2494,1
01004,강남구,20241,치킨전문점,4552,2845,5322,7,1.6,8.8,4,30.1,LH,2292,1
01004,강남구,20242,치킨전문점,4963,2955,5580,12,9.3,8.2,6,32.3,LH,2250,1
01004,강남구,20243,치킨전문점,5761,2608,7845,6,3.2,2.0,3,34.9,LH,2327,1
01004,강남구,20244,치킨전문점,5061,3112,5887,1,6.5,3.4,0,32.6,LH,2427,1
01004,강남구,20231,의류,5700,3028,7676,5,11.0,2.6,1,31.9,LH,2106,0
01004,강남구,20232,의류,4965,2813,6315,8,8.1,6.9,2,32.4,LH,2208,1
01004,강남구,20233,의류,4413,2706,4154,12,8.3,6.3,6,35.0,LH,2279,1
01004,강남구,20234,의류,5802,3613,6492,3,14.9,4.2,0,29.6,LH,2238,1
01004,강남구,20241,의류,4337,2034,4512,8,8.5,2.7,4,33.2,LH,2234,1
01004,강남구,20242,의류,5063,2233,5320,11,7.8,7.1,10,32.7,LH,2255,0
01004,강남구,20243,의류,4793,3062,5304,6,7.4,13.3,7,32.5,LH,1964,1
01004,강남구,20244,의류,5297,3398,5655,5,9.0,8.7,3,31.1,LH,2630,0
01005,강남구,20231,커피-음료,6988,2894,3310,8,9.8,6.8,3,26.2,HH,3151,1
01005,강남구,20232,커피-음료,7888,3139,3611,10,11.2,5.0,9,26.0,HH,2819,1
01005,강남구,20233,커피-음료,6714,2711,3227,5,10.2,1.7,5,24.1,HH,3368,1
01005,강남구,20234,커피-음료,6674,2382,2474,7,5.3,5.0,5,24.3,HH,3037,1
01005,강남구,20241,커피-음료,8283,3281,4220,10,12.0,1.0,6,23.9,HH,3249,1
01005,강남구,20242,커피-음료,6245,2407,2963,6,10.4,6.7,2,22.8,HH,3467,1
01005,강남구,20243,커피-음료,6444,2540,2296,6,8.0,6.6,2,24.4,HH,3341,1
01005,강남구,20244,커피-음료,7138,2934,2851,8,8.0,3.1,3,24.6,HH,3486,1
01005,강남구,20231,한식음식점,7261,2530,2646,6,9.9,5.3,3,23.5,HH,3991,1
01005,강남구,20232,한식음식점,7373,2590,3615,5,12.1,1.0,5,25.9,HH,4130,1
01005,강남구,20233,한식음식점,6619,2638,3291,7,6.2,3.8,4,23.3,HH,4207,1
01005,강남구,20234,한식음식점,6514,2908,3011,12,7.6,1.1,5,24.6,HH,4188,1
01005,강남구,20241,한식음식점,8205,3575,3610,6,10.4,6.4,4,25.6,HH,4065,1
01005,강남구,20242,한식음식점,7583,2282,3415,6,5.8,4.2,2,26.1,HH,4104,1
01005,강남구,20243,한식음식점,7956,2830,3603,5,9.9,1.6,4,26.6,HH,4171,1
01005,강남구,20244,한식음식점,7394,2358,2822,13,9.7,2.1,8,26.4,HH,3989,1
01005,강남구,20231,분식전문점,8114,3340,3210,6,10.6,3.0,2,26.8,HH,2263,1
01005,강남구,20232,분식전문점,8394,3376,3050,5,10.3,3.4,1,26.6,HH,2291,1
01005,강남구,20233,분식전문점,6889,2347,3434,16,10.0,1.0,10,22.8,HH,2264,1
01005,강남구,20234,분식전문점,7265,2625,2959,10,3.2,4.1,8,26.6,HH,1855,1
01005,강남구,20241,분식전문점,6523,2065,3122,13,8.7,6.5,7,23.6,HH,2462,1
01005,강남구,20242,분식전문점,7817,2544,3194,7,2.5,3.2,3,24.9,HH,2369,1
01005,강남구,20243,분식전문점,7480,2757,3732,7,11.1,5.4,1,25.1,HH,2570,1
01005,강남구,20244,분식전문점,7653,3133,3532,7,2.7,7.4,2,23.4,HH,2661,1
01005,강남구,20231,제과점,7959,3527,3426,2,11.4,1.4,1,25.1,HH,2813,1
01005,강남구,20232,제과점,8081,3060,2876,5,11.3,11.6,4,25.2,HH,2588,1
01005,강남구,20233,제과점,7941,3411,3144,3,12.1,7.4,1,26.9,HH,2830,1
01005,강남구,20234,제과점,6780,2302,2989,10,9.7,6.7,4,24.8,HH,2841,1
01005,강남구,20241,제과점,6397,2555,2551,1,9.5,6.9,0,23.8,HH,3087,1
01005,강남구,20242,제과점,7080,2169,3100,10,11.0,7.2,5,23.1,HH,2720,0
01005,강남구,20243,제과점,7059,2727,3433,7,8.1,1.0,7,22.8,HH,2894,1
01005,강남구,20244,제과점,8385,3632,3088,7,11.6,4.1,3,27.1,HH,3268,1
01005,강남구,20231,치킨전문점,6244,2598,3231,5,8.6,5.7,4,23.2,HH,2596,1
01005,강남구,20232,치킨전문점,7118,2296,2952,6,9.6,1.9,2,25.2,HH,2557,1
01005,강남구,20233,치킨전문점,6654,2025,2956,5,11.1,13.6,2,25.6,HH,2612,1
01005,강남구,20234,치킨전문점,6539,2499,2481,10,11.9,4.0,6,22.8,HH,2390,1
01005,강남구,20241,치킨전문점,6931,2329,2400,6,7.1,1.1,3,23.5,HH,2635,1
01005,강남구,20242,치킨전문점,7662,3181,3078,8,5.4,1.1,2,25.4,HH,2338,1
01005,강남구,20243,치킨전문점,7557,2783,3061,11,10.3,10.4,5,23.9,HH,2401,0
01005,강남구,20244,치킨전문점,6660,2479,2351,10,5.4,4.5,4,26.3,HH,2659,1
01005,강남구,20231,의류,7405,2988,2807,6,14.2,1.0,2,27.1,HH,2006,1
01005,강남구,20232,의류,6397,2318,2948,5,11.0,1.5,2,25.6,HH,2335,1
01005,강남구,20233,의류,7017,3060,3538,6,12.4,1.0,2,26.6,HH,2329,1
01005,강남구,20234,의류,7538,2286,2649,7,4.8,1.0,4,27.0,HH,2727,1
01005,강남구,20241,의류,6521,2730,3158,7,3.0,2.9,4,26.8,HH,2730,1
01005,강남구,20242,의류,7401,2999,3181,7,1.0,1.0,6,24.5,HH,2608,1
01005,강남구,20243,의류,8152,3546,4055,13,5.7,7.1,10,25.3,HH,2287,1
01005,강남구,20244,의류,6681,2297,3318,10,10.6,3.7,4,25.6,HH,2533,1
01006,강남구,20231,커피-음료,4654,5966,2454,3,10.8,3.5,4,16.3,LL,2943,1
01006,강남구,20232,커피-음료,5558,5441,2001,5,9.6,16.3,1,14.9,LL,3452,0
01006,강남구,20233,커피-음료,5116,7007,2584,8,8.3,9.9,6,14.4,LL,3617,1
01006,강남구,20234,커피-음료,5670,6002,2761,8,3.9,6.2,7,14.4,LL,3055,0
01006,강남구,20241,커피-음료,5377,7209,2067,3,11.8,7.1,3,16.0,LL,3290,1
01006,강남구,20242,커피-음료,5239,6870,2003,7,5.5,10.2,3,16.7,LL,3446,1
01006,강남구,20243,커피-음료,4776,6726,2299,3,10.1,8.0,4,14.5,LL,3401,1
01006,강남구,20244,커피-음료,4785,6448,1908,6,4.9,9.2,4,15.8,LL,3246,1
01006,강남구,20231,한식음식점,5430,6471,2556,13,7.9,11.5,4,15.0,LL,3955,1
01006,강남구,20232,한식음식점,4961,4709,1867,6,11.7,6.7,1,15.2,LL,4593,1
01006,강남구,20233,한식음식점,5664,5983,2285,2,8.8,5.9,1,15.4,LL,4656,1
01006,강남구,20234,한식음식점,5709,6929,2837,6,6.4,6.3,4,16.5,LL,4294,0
01006,강남구,20241,한식음식점,5162,6124,2184,10,6.3,7.3,8,15.0,LL,4286,1
01006,강남구,20242,한식음식점,5719,6981,2875,8,7.1,6.1,5,14.4,LL,4777,1
01006,강남구,20243,한식음식점,5114,5215,2304,7,8.2,8.9,7,14.9,LL,4101,1
01006,강남구,20244,한식음식점,5594,6693,2842,3,12.5,3.6,2,13.9,LL,4559,1
01006,강남구,20231,분식전문점,5163,5966,2474,5,13.2,9.4,3,15.5,LL,2103,1
01006,강남구,20232,분식전문점,5634,6564,2827,10,8.2,6.9,5,15.0,LL,2189,0
01006,강남구,20233,분식전문점,5453,6625,2554,7,6.3,3.9,8,14.0,LL,2332,1
01006,강남구,20234,분식전문점,4545,6350,2150,6,6.7,9.4,7,15.6,LL,2038,0
01006,강남구,20241,분식전문점,5466,6017,2530,3,7.2,1.8,4,14.4,LL,2164,1
01006,강남구,20242,분식전문점,5747,5639,2378,6,8.0,5.5,4,14.7,LL,2590,1
01006,강남구,20243,분식전문점,4966,6548,2596,8,11.3,6.4,2,15.5,LL,2210,1
01006,강남구,20244,분식전문점,4842,5646,2428,15,12.6,9.7,11,15.8,LL,2156,0
01006,강남구,20231,제과점,4459,4765,2149,13,9.1,4.8,10,15.3,LL,2552,1
01006,강남구,20232,제과점,4911,5196,2579,3,9.0,5.6,4,15.6,LL,2850,1
01006,강남구,20233,제과점,4552,4835,2355,17,9.9,6.1,9,16.7,LL,2195,1
01006,강남구,20234,제과점,4741,5827,2447,1,12.9,13.7,0,14.2,LL,3490,0
01006,강남구,20241,제과점,5779,7234,2260,6,6.5,7.0,4,14.8,LL,2892,1
01006,강남구,20242,제과점,4617,4372,1868,10,5.8,8.4,6,16.2,LL,3157,1
01006,강남구,20243,제과점,5501,5880,2135,10,11.1,6.9,1,15.4,LL,3151,1
01006,강남구,20244,제과점,5228,5751,1998,12,13.1,12.6,5,14.6,LL,3392,1
01006,강남구,20231,치킨전문점,4830,6085,1836,7,13.9,2.3,10,16.6,LL,2247,1
01006,강남구,20232,치킨전문점,5232,6889,2730,5,8.2,8.4,4,16.6,LL,2419,1
01006,강남구,20233,치킨전문점,5415,6006,1992,6,8.4,10.6,5,15.8,LL,2746,0
01006,강남구,20234,치킨전문점,4973,5953,1806,8,14.1,5.7,4,14.1,LL,2964,1
01006,강남구,20241,치킨전문점,4650,6539,1906,7,8.7,9.9,9,15.3,LL,2646,1
01006,강남구,20242,치킨전문점,4430,5104,2293,6,7.9,3.9,2,14.8,LL,3088,1
01006,강남구,20243,치킨전문점,5446,7065,2319,7,11.5,7.6,5,16.2,LL,2881,0
01006,강남구,20244,치킨전문점,4477,6126,2106,7,6.9,14.5,4,14.6,LL,2769,0
01006,강남구,20231,의류,4858,4680,1761,10,9.0,7.1,9,13.8,LL,2364,1
01006,강남구,20232,의류,4761,4772,1726,7,10.1,4.3,6,16.1,LL,2466,1
01006,강남구,20233,의류,5179,6880,2349,5,11.9,9.3,3,15.3,LL,2575,1
01006,강남구,20234,의류,4377,4564,2133,11,7.0,10.2,5,14.0,LL,2470,0
01006,강남구,20241,의류,5704,6607,2128,5,10.7,5.5,2,16.2,LL,2771,1
01006,강남구,20242,의류,5022,4938,2107,7,9.4,8.7,5,15.5,LL,2380,0
01006,강남구,20243,의류,4529,5655,2001,5,6.8,11.6,1,14.2,LL,3004,1
01006,강남구,20244,의류,5156,6018,2087,11,7.2,4.4,5,14.7,LL,2725,1
01007,강남구,20231,커피-음료,11187,13751,5506,10,13.1,1.0,2,19.7,HL,3004,1
01007,강남구,20232,커피-음료,9474,8882,3755,2,1.6,4.2,2,20.1,HL,3160,1
01007,강남구,20233,커피-음료,9968,9917,4739,2,12.0,5.9,2,22.9,HL,3354,1
01007,강남구,20234,커피-음료,11039,10924,4394,6,7.7,1.0,4,22.8,HL,3192,1
01007,강남구,20241,커피-음료,8819,10621,4229,11,9.6,4.6,12,22.2,HL,2706,1
01007,강남구,20242,커피-음료,10729,10620,5408,6,5.4,2.7,1,19.2,HL,3456,1
01007,강남구,20243,커피-음료,10046,9175,3777,7,7.5,7.1,3,21.9,HL,3545,1
01007,강남구,20244,커피-음료,10590,12766,5520,8,10.9,3.4,7,20.1,HL,3280,0
01007,강남구,20231,한식음식점,10319,10918,5523,6,8.7,1.8,1,20.0,HL,3993,1
01007,강남구,20232,한식음식점,10048,9366,4769,7,9.3,5.8,5,22.5,HL,4118,1
01007,강남구,20233,한식음식점,8513,8814,4566,5,8.9,3.3,3,22.1,HL,4487,1
01007,강남구,20234,한식음식점,9695,11783,5298,15,7.9,8.0,7,20.6,HL,4346,1
01007,강남구,20241,한식음식점,8606,10966,4337,7,3.6,6.6,6,21.1,HL,3908,1
01007,강남구,20242,한식음식점,9062,11248,4049,6,7.5,5.0,4,21.9,HL,4239,1
01007,강남구,20243,한식음식점,10288,13199,4743,8,1.4,8.1,5,20.1,HL,4112,1
01007,강남구,20244,한식음식점,9138,8162,4460,5,5.9,6.8,5,20.0,HL,4491,1
01007,강남구,20231,분식전문점,8721,9409,4497,2,9.6,3.6,2,19.3,HL,2224,1
01007,강남구,20232,분식전문점,11205,14257,4783,3,11.5,2.5,1,21.8,HL,2458,1
01007,강남구,20233,분식전문점,9476,10860,4597,10,9.9,1.0,11,21.7,HL,2112,1
01007,강남구,20234,분식전문점,8917,8408,4085,2,9.3,1.0,1,20.3,HL,2749,1
01007,강남구,20241,분식전문점,8840,9013,4461,12,7.8,7.7,6,22.0,HL,2226,1
01007,강남구,20242,분식전문점,8603,7584,4259,2,7.0,2.9,5,22.9,HL,2020,1
01007,강남구,20243,분식전문점,11136,12813,5974,5,3.9,1.0,1,23.0,HL,2487,1
01007,강남구,20244,분식전문점,10631,12398,5081,8,7.4,7.5,5,20.7,HL,2951,1
01007,강남구,20231,제과점,11180,12505,5439,3,11.0,5.7,3,20.7,HL,2885,1
01007,강남구,20232,제과점,10453,13434,5004,15,5.6,6.3,9,23.1,HL,3075,1
01007,강남구,20233,제과점,11260,10741,5529,6,10.4,3.4,2,23.2,HL,2971,1
01007,강남구,20234,제과점,9678,12244,3996,5,8.4,5.8,4,22.1,HL,3071,1
01007,강남구,20241,제과점,9516,11192,4245,10,7.6,1.0,7,20.2,HL,2929,1
01007,강남구,20242,제과점,10065,9798,4169,11,8.2,5.4,5,21.9,HL,3144,1
01007,강남구,20243,제과점,10379,11611,4949,7,8.4,2.1,2,20.6,HL,3580,1
01007,강남구,20244,제과점,10850,9898,5958,7,2.9,4.4,5,23.0,HL,3021,1
01007,강남구,20231,치킨전문점,9044,8052,4843,10,8.8,8.9,7,22.9,HL,2584,1
01007,강남구,20232,치킨전문점,11168,14433,4958,3,7.1,4.3,1,22.1,HL,3058,1
01007,강남구,20233,치킨전문점,9081,10814,4377,10,9.9,11.4,6,22.9,HL,2411,1
01007,강남구,20234,치킨전문점,9831,8934,4001,8,13.3,7.7,4,20.6,HL,2535,1
01007,강남구,20241,치킨전문점,10384,11953,4622,6,10.8,2.4,5,22.9,HL,2887,1
01007,강남구,20242,치킨전문점,10707,11439,4406,7,4.1,3.6,5,21.6,HL,2868,1
01007,강남구,20243,치킨전문점,10946,13263,4520,7,7.9,1.0,5,19.5,HL,2879,1
01007,강남구,20244,치킨전문점,10219,11362,5225,7,8.6,5.8,5,20.9,HL,2979,1
01007,강남구,20231,의류,10575,13612,5551,12,9.6,1.0,8,21.8,HL,2255,1
01007,강남구,20232,의류,9035,11558,4398,1,7.5,3.1,2,22.4,HL,2648,1
01007,강남구,20233,의류,9293,9676,4997,3,8.6,2.0,2,19.8,HL,2531,1
01007,강남구,20234,의류,9970,12561,4971,11,9.8,7.4,3,20.2,HL,2574,1
01007,강남구,20241,의류,9968,11932,5312,8,7.2,2.5,5,19.7,HL,2932,1
01007,강남구,20242,의류,9054,11512,4862,8,7.6,1.0,5,22.4,HL,2577,1
01007,강남구,20243,의류,8926,11295,4591,5,3.3,8.5,1,20.4,HL,2893,1
01007,강남구,20244,의류,10295,11589,5122,11,9.4,2.6,12,20.1,HL,2662,1
01008,강남구,20231,커피-음료,3964,3316,1261,5,6.0,8.5,5,34.3,LH,2792,1
01008,강남구,20232,커피-음료,3630,2632,1195,5,7.5,10.1,5,28.4,LH,2848,1
01008,강남구,20233,커피-음료,4050,3430,980,6,8.9,9.6,0,28.4,LH,3011,1
01008,강남구,20234,커피-음료,3734,3091,1191,7,10.2,5.3,4,28.6,LH,2945,1
01008,강남구,20241,커피-음료,4511,3138,1279,10,11.4,7.3,7,30.1,LH,2712,0
01008,강남구,20242,커피-음료,3615,2869,944,5,8.6,4.7,2,30.3,LH,2726,1
01008,강남구,20243,커피-음료,3438,2345,910,2,8.0,7.3,2,33.9,LH,2798,1
01008,강남구,20244,커피-음료,3704,3155,1063,8,12.5,4.7,8,33.0,LH,3175,1
01008,강남구,20231,한식음식점,3635,2926,962,6,5.3,7.4,4,32.8,LH,3380,1
01008,강남구,20232,한식음식점,4483,3375,1404,8,7.4,6.6,9,29.8,LH,3466,1
01008,강남구,20233,한식음식점,3462,3249,1215,21,10.4,3.7,21,31.6,LH,2584,1
01008,강남구,20234,한식음식점,4219,3877,1107,5,7.6,8.7,7,31.5,LH,3668,0
01008,강남구,20241,한식음식점,3684,2745,1061,5,7.3,8.6,5,30.0,LH,3782,1
01008,강남구,20242,한식음식점,4308,4259,1369,2,3.9,7.7,0,28.3,LH,4194,1
01008,강남구,20243,한식음식점,3910,2789,1056,6,3.9,2.8,4,30.4,LH,4170,1
01008,강남구,20244,한식음식점,3753,3202,1005,5,3.5,13.9,5,29.8,LH,3831,1
01008,강남구,20231,분식전문점,3697,2510,1087,3,12.5,5.3,3,29.1,LH,2163,1
01008,강남구,20232,분식전문점,4009,3200,1293,1,8.0,12.9,1,31.6,LH,2149,0
01008,강남구,20233,분식전문점,4540,3872,1570,5,8.4,5.5,0,32.0,LH,2130,1
01008,강남구,20234,분식전문점,4157,3845,1144,5,9.3,11.9,2,31.0,LH,1785,0
01008,강남구,20241,분식전문점,4026,2750,976,5,7.2,8.1,6,33.2,LH,1952,0
01008,강남구,20242,분식전문점,4309,3660,1435,2,7.7,9.3,2,29.9,LH,2263,1
01008,강남구,20243,분식전문점,3568,2568,1018,5,4.9,5.3,2,33.0,LH,2409,1
01008,강남구,20244,분식전문점,3474,3314,1197,10,10.7,5.4,6,30.2,LH,2225,1
01008,강남구,20231,제과점,3463,2439,947,7,13.3,5.3,4,31.3,LH,2719,0
01008,강남구,20232,제과점,3678,3031,1247,8,9.6,6.4,10,28.7,LH,2556,1
01008,강남구,20233,제과점,4276,3592,1354,7,4.5,1.0,4,31.3,LH,2877,1
01008,강남구,20234,제과점,3564,2674,1035,8,7.4,8.1,3,33.7,LH,2496,1
01008,강남구,20241,제과점,3477,2840,881,13,4.7,9.2,6,30.3,LH,2536,1
01008,강남구,20242,제과점,3731,3447,1326,3,1.0,1.9,4,30.2,LH,2660,1
01008,강남구,20243,제과점,4373,4093,1261,6,8.1,14.2,5,31.8,LH,3071,1
01008,강남구,20244,제과점,3726,2938,1216,10,7.6,8.9,8,32.0,LH,2762,0
01008,강남구,20231,치킨전문점,3813,3755,1357,7,6.5,5.0,2,28.6,LH,2295,1
01008,강남구,20232,치킨전문점,4224,2977,1421,3,7.2,10.2,3,31.6,LH,2293,1
01008,강남구,20233,치킨전문점,4508,3545,1510,5,5.4,3.0,3,32.0,LH,2388,1
01008,강남구,20234,치킨전문점,4437,3614,1364,3,5.6,5.6,2,33.3,LH,2244,0
01008,강남구,20241,치킨전문점,3854,3536,1249,6,9.3,8.4,5,32.9,LH,2337,1
01008,강남구,20242,치킨전문점,4129,3080,1494,5,8.7,6.8,6,33.4,LH,2323,1
01008,강남구,20243,치킨전문점,4118,3968,1383,10,7.1,12.4,9,28.4,LH,2258,1
01008,강남구,20244,치킨전문점,4381,3152,1290,10,9.3,7.4,8,29.6,LH,1780,1
01008,강남구,20231,의류,4242,3615,1094,6,11.7,5.3,3,31.6,LH,2368,1
01008,강남구,20232,의류,3533,2812,1268,13,4.0,8.6,8,29.4,LH,2330,0
01008,강남구,20233,의류,4136,3654,1282,6,7.8,5.1,5,32.0,LH,2097,1
01008,강남구,20234,의류,4050,2839,1376,11,6.6,9.6,9,28.8,LH,2063,1
01008,강남구,20241,의류,3874,3441,1178,5,8.4,3.9,4,32.2,LH,2227,1
01008,강남구,20242,의류,3609,3258,923,3,7.2,7.5,4,32.6,LH,2320,0
01008,강남구,20243,의류,4021,2951,1138,7,5.1,4.8,8,28.2,LH,2669,0
01008,강남구,20244,의류,4321,4289,1430,11,5.5,6.0,5,33.7,LH,2413,1
02000,마포구,20231,커피-음료,6086,5212,3339,6,4.2,7.9,3,22.8,HH,2966,1
02000,마포구,20232,커피-음료,7640,6202,3525,7,13.2,1.0,3,19.1,HH,3073,1
02000,마포구,20233,커피-음료,5873,4796,2688,4,6.2,3.9,2,21.8,HH,2929,1
02000,마포구,20234,커피-음료,6576,6023,3535,1,8.3,1.0,0,22.2,HH,3175,0
02000,마포구,20241,커피-음료,6509,5433,3506,8,6.6,1.0,2,21.4,HH,3194,1
02000,마포구,20242,커피-음료,7387,6608,3781,7,12.8,3.6,4,18.8,HH,3685,1
02000,마포구,20243,커피-음료,6263,5320,3240,7,7.6,2.8,4,19.6,HH,3265,1
02000,마포구,20244,커피-음료,6194,5760,2661,2,2.1,3.3,0,19.9,HH,3705,1
02000,마포구,20231,한식음식점,7153,6258,3056,7,9.4,3.9,3,20.3,HH,4137,1
02000,마포구,20232,한식음식점,6666,5095,2620,10,8.7,1.0,6,21.0,HH,3662,1
02000,마포구,20233,한식음식점,6271,5420,2843,2,8.0,5.6,2,20.7,HH,4024,1
02000,마포구,20234,한식음식점,5756,5137,2395,6,12.9,6.2,4,19.6,HH,4531,1
02000,마포구,20241,한식음식점,7614,6279,3661,6,8.0,12.7,4,21.6,HH,4105,1
02000,마포구,20242,한식음식점,5974,5040,3316,6,15.2,2.2,4,21.4,HH,3897,1
02000,마포구,20243,한식음식점,7138,5714,3023,8,10.5,1.0,3,21.3,HH,4552,0
02000,마포구,20244,한식음식점,6743,5789,3207,7,3.5,12.5,2,19.4,HH,4274,1
02000,마포구,20231,분식전문점,6439,5450,2610,4,12.6,6.2,0,21.2,HH,2112,1
02000,마포구,20232,분식전문점,6435,4724,2900,6,6.6,5.6,4,19.3,HH,2340,1
02000,마포구,20233,분식전문점,7228,5809,2837,6,2.5,1.0,3,19.2,HH,2149,1
02000,마포구,20234,분식전문점,6927,6104,3627,8,8.0,3.2,8,21.5,HH,2066,1
02000,마포구,20241,분식전문점,6543,5734,3735,9,2.8,5.6,5,19.4,HH,2404,1
02000,마포구,20242,분식전문점,6024,5706,3072,8,2.1,7.8,5,21.9,HH,1962,1
02000,마포구,20243,분식전문점,6419,6060,3527,6,4.9,1.8,5,19.2,HH,2417,1
02000,마포구,20244,분식전문점,6006,4585,3322,8,11.7,1.0,1,19.2,HH,2438,1
02000,마포구,20231,제과점,6602,5659,3140,4,11.8,4.0,4,20.9,HH,2560,1
02000,마포구,20232,제과점,7568,5204,3639,6,6.6,3.5,5,19.0,HH,3035,1
02000,마포구,20233,제과점,7682,5213,3400,1,11.2,3.7,1,22.0,HH,3234,1
02000,마포구,20234,제과점,7180,5907,3463,3,4.9,1.0,1,21.0,HH,2972,1
02000,마포구,20241,제과점,7386,6429,3778,6,8.5,6.7,4,20.2,HH,3022,1
02000,마포구,20242,제과점,6441,4773,3446,2,4.5,3.4,4,22.4,HH,3140,1
02000,마포구,20243,제과점,7718,5109,3325,7,11.8,8.6,4,18.9,HH,3586,1
02000,마포구,20244,제과점,7696,5422,3230,9,8.5,11.1,10,21.6,HH,2902,1
02000,마포구,20231,치킨전문점,7784,6763,4259,9,2.7,1.2,0,20.2,HH,2571,1
02000,마포구,20232,치킨전문점,5770,4045,3249,7,5.8,1.4,7,21.7,HH,2551,1
02000,마포구,20233,치킨전문점,7124,6183,3863,4,7.8,6.4,4,19.7,HH,2285,1
02000,마포구,20234,치킨전문점,6815,4398,3510,6,5.9,7.1,2,21.1,HH,2778,1
02000,마포구,20241,치킨전문점,6560,6094,3534,6,7.8,3.8,5,20.0,HH,2547,1
02000,마포구,20242,치킨전문점,7228,5028,3037,7,8.0,2.8,1,20.7,HH,2684,1
02000,마포구,20243,치킨전문점,6610,4878,3023,6,12.9,3.6,1,21.9,HH,2585,1
02000,마포구,20244,치킨전문점,6109,4689,3081,4,9.3,4.1,2,19.6,HH,2535,1
02000,마포구,20231,의류,5891,4687,2753,7,1.0,4.1,2,19.7,HH,2193,1
02000,마포구,20232,의류,7520,5646,3894,4,7.2,5.6,4,20.9,HH,2289,1
02000,마포구,20233,의류,6103,4030,3110,8,7.1,2.8,5,19.3,HH,2520,1
02000,마포구,20234,의류,7699,7214,3657,8,7.5,2.0,3,20.3,HH,2769,1
02000,마포구,20241,의류,6808,6127,2866,9,5.9,5.2,6,20.8,HH,2266,1
02000,마포구,20242,의류,7729,5295,3820,7,6.8,7.1,5,19.2,HH,2311,0
02000,마포구,20243,의류,6170,4337,3413,8,13.9,9.7,6,19.4,HH,2385,1
02000,마포구,20244,의류,5901,5612,3279,12,8.4,6.2,7,20.6,HH,2459,0
02001,마포구,20231,커피-음료,7404,3042,7127,8,10.3,6.4,12,15.5,LL,2823,0
02001,마포구,20232,커피-음료,9073,4087,6692,12,11.5,7.9,5,15.2,LL,3069,0
02001,마포구,20233,커피-음료,8688,4514,8665,6,6.5,6.0,6,16.9,LL,3497,1
02001,마포구,20234,커피-음료,7934,3362,7325,9,8.5,11.0,5,15.2,LL,3045,1
02001,마포구,20241,커피-음료,7991,4314,6814,10,9.5,6.4,4,17.0,LL,3455,0
02001,마포구,20242,커피-음료,7402,3115,6613,4,3.4,5.3,2,17.5,LL,3178,1
02001,마포구,20243,커피-음료,7814,3443,7956,3,9.6,6.5,3,15.3,LL,3548,1
02001,마포구,20244,커피-음료,8015,4066,5856,9,10.9,11.2,9,16.4,LL,3302,1
02001,마포구,20231,한식음식점,7820,2975,5524,9,7.3,16.4,8,16.4,LL,3798,1
02001,마포구,20232,한식음식점,8315,4175,8481,3,6.1,7.2,0,16.7,LL,4049,1
02001,마포구,20233,한식음식점,9187,5034,8573,9,10.1,6.3,6,16.3,LL,4076,1
02001,마포구,20234,한식음식점,8126,3229,7793,14,8.5,5.4,15,17.2,LL,3558,0
02001,마포구,20241,한식음식점,8154,3979,6399,7,1.0,6.6,3,17.2,LL,4706,1
02001,마포구,20242,한식음식점,9233,4059,8787,8,8.2,8.7,9,15.6,LL,3981,0
02001,마포구,20243,한식음식점,9081,3810,8493,6,1.0,5.8,9,17.2,LL,3958,1
02001,마포구,20244,한식음식점,7784,3107,6339,8,5.7,7.5,4,16.6,LL,4135,0
02001,마포구,20231,분식전문점,9344,4068,9512,4,11.2,4.5,2,18.5,LL,2350,0
02001,마포구,20232,분식전문점,8539,3574,7874,3,7.3,11.5,1,15.4,LL,2223,0
02001,마포구,20233,분식전문점,9162,4200,7662,6,8.6,7.4,3,17.0,LL,2601,0
02001,마포구,20234,분식전문점,8039,3343,5770,12,6.4,1.9,4,15.3,LL,2647,1
02001,마포구,20241,분식전문점,7726,3976,5853,4,10.1,4.5,2,17.1,LL,2443,1
02001,마포구,20242,분식전문점,7326,3712,7075,9,12.1,8.2,6,15.5,LL,2174,0
02001,마포구,20243,분식전문점,7187,2924,5359,4,8.1,6.8,1,17.9,LL,2384,1
02001,마포구,20244,분식전문점,7346,2963,5290,8,5.0,5.0,2,17.6,LL,2432,1
02001,마포구,20231,제과점,9012,4370,7568,6,8.8,4.1,5,17.7,LL,3319,1
02001,마포구,20232,제과점,7724,3401,6616,6,5.5,7.9,3,16.2,LL,3226,1
02001,마포구,20233,제과점,7484,2977,6204,4,12.4,4.2,5,15.7,LL,3223,1
02001,마포구,20234,제과점,9355,4786,8511,9,11.9,12.3,5,15.2,LL,3329,1
02001,마포구,20241,제과점,8436,4514,6243,8,1.0,14.3,2,16.8,LL,3155,1
02001,마포구,20242,제과점,7639,3854,6619,4,7.8,2.3,1,15.7,LL,3384,1
02001,마포구,20243,제과점,9227,4247,9158,8,6.0,7.8,3,16.1,LL,3160,1
02001,마포구,20244,제과점,8303,3935,6671,4,4.0,6.0,3,17.9,LL,2905,0
02001,마포구,20231,치킨전문점,8590,3479,6426,7,4.4,5.7,6,17.6,LL,2695,1
02001,마포구,20232,치킨전문점,8893,4716,6610,3,5.8,7.2,4,18.0,LL,2812,1
02001,마포구,20233,치킨전문점,7854,2976,7541,8,6.7,5.3,1,15.1,LL,2623,1
02001,마포구,20234,치킨전문점,9349,4782,7829,6,8.9,8.9,1,18.0,LL,2737,1
02001,마포구,20241,치킨전문점,7458,3766,5855,7,3.5,4.5,1,15.2,LL,2584,1
02001,마포구,20242,치킨전문점,8457,3908,7608,3,1.5,9.0,2,15.5,LL,2869,0
02001,마포구,20243,치킨전문점,7726,3714,6397,2,8.8,7.7,2,17.1,LL,2919,1
02001,마포구,20244,치킨전문점,7755,3625,5779,8,5.1,6.5,4,15.5,LL,2914,1
02001,마포구,20231,의류,8960,4347,8789,6,4.7,9.8,8,17.4,LL,2340,0
02001,마포구,20232,의류,8111,4348,8300,4,6.5,7.2,3,16.7,LL,2596,0
02001,마포구,20233,의류,7807,4372,5888,3,3.9,7.3,0,15.9,LL,2760,1
02001,마포구,20234,의류,7515,3215,5794,9,7.8,5.5,5,17.5,LL,2416,0
02001,마포구,20241,의류,8167,3986,7284,7,6.7,7.4,4,18.5,LL,2542,1
02001,마포구,20242,의류,8964,4453,8340,8,6.3,4.4,5,18.4,LL,2789,1
02001,마포구,20243,의류,8649,4298,6559,10,10.4,9.4,5,17.3,LL,2234,1
02001,마포구,20244,의류,9271,4977,7372,8,11.5,7.1,4,18.4,LL,2309,0
02002,마포구,20231,커피-음료,3465,4249,2606,6,11.0,5.5,5,19.8,HH,2965,1
02002,마포구,20232,커피-음료,3654,4251,2415,6,7.9,9.5,0,19.4,HH,3173,1
02002,마포구,20233,커피-음료,3770,4202,2487,8,8.3,5.1,5,20.7,HH,3336,1
02002,마포구,20234,커피-음료,3577,3321,3341,9,6.6,4.1,8,18.8,HH,3306,1
02002,마포구,20241,커피-음료,3584,4426,3103,6,8.0,4.0,4,19.4,HH,3132,1
02002,마포구,20242,커피-음료,3606,3987,3000,10,8.3,4.0,3,21.1,HH,3144,1
02002,마포구,20243,커피-음료,3911,4282,3790,6,8.2,4.2,4,19.5,HH,2965,1
02002,마포구,20244,커피-음료,3323,3198,2964,18,4.4,1.0,13,19.5,HH,2508,1
02002,마포구,20231,한식음식점,3660,3308,3169,10,10.4,9.4,5,18.3,HH,3731,1
02002,마포구,20232,한식음식점,3246,3412,2322,6,13.6,1.8,5,18.2,HH,4007,1
02002,마포구,20233,한식음식점,3273,3389,2361,3,3.6,11.0,3,18.5,HH,4102,1
02002,마포구,20234,한식음식점,3683,3917,2848,4,7.3,2.2,4,19.5,HH,4469,1
02002,마포구,20241,한식음식점,3256,3132,2621,6,8.4,4.5,3,19.2,HH,4416,1
02002,마포구,20242,한식음식점,3641,3183,3354,6,11.2,2.2,3,21.6,HH,3832,1
02002,마포구,20243,한식음식점,3567,3189,3208,7,6.6,1.0,4,19.7,HH,4389,1
02002,마포구,20244,한식음식점,3960,3886,3485,7,8.6,3.8,3,18.4,HH,4680,1
02002,마포구,20231,분식전문점,3469,3810,2973,4,7.7,3.0,3,19.5,HH,1808,1
02002,마포구,20232,분식전문점,3788,3519,3668,8,2.9,5.2,9,19.5,HH,2116,1
02002,마포구,20233,분식전문점,3602,3099,3430,7,7.4,1.0,2,18.2,HH,2690,0
02002,마포구,20234,분식전문점,3678,3913,3434,9,9.7,3.0,5,18.4,HH,2146,1
02002,마포구,20241,분식전문점,3290,2982,2320,12,6.3,2.4,6,19.3,HH,1814,1
02002,마포구,20242,분식전문점,3781,4348,2567,2,6.1,5.8,2,18.2,HH,2451,1
02002,마포구,20243,분식전문점,4059,4741,3566,10,9.0,5.3,2,20.8,HH,2386,1
02002,마포구,20244,분식전문점,3524,3660,2550,4,7.1,3.6,2,20.9,HH,2530,1
02002,마포구,20231,제과점,3725,3210,3611,10,7.6,5.1,6,19.8,HH,2676,1
02002,마포구,20232,제과점,3365,4029,2936,9,8.8,2.3,5,20.3,HH,2787,1
02002,마포구,20233,제과점,3707,4213,2803,3,8.2,6.8,4,19.6,HH,2749,0
02002,마포구,20234,제과점,3957,4184,3200,8,6.0,2.7,7,18.7,HH,2600,1
02002,마포구,20241,제과점,3107,3763,2837,8,4.4,4.0,6,18.8,HH,3172,1
02002,마포구,20242,제과점,3718,3764,3585,14,5.6,4.3,5,20.5,HH,2884,1
02002,마포구,20243,제과점,3934,3512,3845,3,6.5,1.0,3,19.9,HH,3002,1
02002,마포구,20244,제과점,3504,3372,3265,8,4.8,4.8,3,19.1,HH,2925,1
02002,마포구,20231,치킨전문점,3254,3046,2173,12,8.1,9.4,5,21.2,HH,2158,1
02002,마포구,20232,치킨전문점,3271,3064,2940,4,11.2,4.4,4,20.7,HH,2388,1
02002,마포구,20233,치킨전문점,3134,2916,2472,7,8.0,1.4,3,19.2,HH,2712,1
02002,마포구,20234,치킨전문점,3733,3662,3130,7,7.1,1.3,6,20.4,HH,2414,1
02002,마포구,20241,치킨전문점,4027,3998,2905,10,11.6,4.0,5,20.5,HH,2083,1
02002,마포구,20242,치킨전문점,3846,4290,3629,13,9.9,5.7,8,21.1,HH,2493,1
02002,마포구,20243,치킨전문점,3795,4453,3452,9,9.4,2.7,4,19.9,HH,2486,1
02002,마포구,20244,치킨전문점,3467,4240,2432,6,7.1,1.0,3,18.8,HH,2490,1
02002,마포구,20231,의류,3237,3342,2199,8,5.9,1.0,3,19.2,HH,2160,1
02002,마포구,20232,의류,3819,3704,2692,13,8.5,1.0,8,20.6,HH,2152,1
02002,마포구,20233,의류,3806,3856,2792,2,9.7,2.0,1,20.5,HH,2383,1
02002,마포구,20234,의류,3857,4879,2932,9,6.9,1.6,6,21.1,HH,2722,1
02002,마포구,20241,의류,3896,4221,3108,4,5.1,3.6,1,20.7,HH,2408,1
02002,마포구,20242,의류,3040,3171,2764,8,10.7,4.2,5,21.4,HH,2600,1
02002,마포구,20243,의류,3723,3307,2626,9,7.7,3.3,6,20.5,HH,2456,1
02002,마포구,20244,의류,3817,3442,2977,3,9.2,6.6,0,19.9,HH,2185,1
02003,마포구,20231,커피-음료,5656,2765,2830,6,8.2,3.4,3,21.1,LH,2691,1
02003,마포구,20232,커피-음료,5873,2382,3146,2,9.7,9.6,1,23.3,LH,3272,1
02003,마포구,20233,커피-음료,7278,3968,3828,8,3.7,8.7,6,24.7,LH,2896,0
02003,마포구,20234,커피-음료,6189,2338,2865,8,8.3,8.7,6,20.7,LH,3056,1
02003,마포구,20241,커피-음료,7034,3931,2955,9,4.6,6.1,6,24.5,LH,3245,1
02003,마포구,20242,커피-음료,7236,2905,3492,7,5.6,14.8,2,20.5,LH,3320,1
02003,마포구,20243,커피-음료,7158,2963,2746,7,5.5,7.1,4,24.4,LH,2966,1
02003,마포구,20244,커피-음료,6958,3622,3189,10,7.2,4.4,5,23.1,LH,3409,1
02003,마포구,20231,한식음식점,6504,2727,2821,1,7.9,6.9,0,23.5,LH,3733,1
02003,마포구,20232,한식음식점,7493,3454,2915,8,6.3,9.1,4,22.2,LH,3646,0
02003,마포구,20233,한식음식점,7464,3276,2759,6,2.3,10.5,2,23.9,LH,4526,1
02003,마포구,20234,한식음식점,6128,3005,2812,9,9.4,6.7,3,20.5,LH,4228,1
02003,마포구,20241,한식음식점,7039,3758,3042,4,10.5,4.1,0,22.8,LH,4232,1
02003,마포구,20242,한식음식점,6637,2957,3592,9,5.8,9.1,4,23.5,LH,4082,1
02003,마포구,20243,한식음식점,5625,3114,2234,12,10.2,5.7,2,21.6,LH,4195,1
02003,마포구,20244,한식음식점,6022,3366,2405,6,11.8,11.9,4,21.6,LH,3921,1
02003,마포구,20231,분식전문점,6128,3409,2470,6,6.3,6.7,2,22.2,LH,2086,0
02003,마포구,20232,분식전문점,7351,3744,3191,10,1.0,4.0,6,22.9,LH,1959,0
02003,마포구,20233,분식전문점,5791,2887,2390,4,8.2,6.2,3,23.8,LH,2012,1
02003,마포구,20234,분식전문점,5605,2580,2790,4,7.5,6.6,1,22.3,LH,2209,1
02003,마포구,20241,분식전문점,7330,3041,3545,7,7.4,7.2,11,22.3,LH,1861,0
02003,마포구,20242,분식전문점,7332,4062,3913,6,10.6,5.3,2,21.7,LH,2506,1
02003,마포구,20243,분식전문점,5960,2251,3057,8,14.5,3.5,5,20.5,LH,2499,1
02003,마포구,20244,분식전문점,5882,3129,3071,12,10.3,2.0,3,22.1,LH,2182,1
02003,마포구,20231,제과점,6821,2583,3162,8,8.9,5.2,3,21.5,LH,2646,0
02003,마포구,20232,제과점,7283,3773,2831,4,12.1,2.1,1,23.4,LH,3023,1
02003,마포구,20233,제과점,5802,2382,3003,7,2.5,9.1,6,22.5,LH,2903,0
02003,마포구,20234,제과점,6258,3133,3268,4,8.4,7.4,1,21.7,LH,2852,0
02003,마포구,20241,제과점,6387,3140,2794,7,5.2,10.2,3,21.3,LH,3416,1
02003,마포구,20242,제과점,7007,2685,2751,9,7.7,11.7,4,21.2,LH,3002,1
02003,마포구,20243,제과점,6424,2714,2877,6,10.0,6.0,2,24.1,LH,2939,1
02003,마포구,20244,제과점,5969,3178,2578,7,3.1,4.4,3,23.9,LH,2920,0
02003,마포구,20231,치킨전문점,6474,3322,3469,6,4.2,6.4,3,21.1,LH,2664,0
02003,마포구,20232,치킨전문점,5806,2743,3208,3,8.7,5.6,3,22.1,LH,2736,1
02003,마포구,20233,치킨전문점,6912,3281,3610,9,8.6,14.6,6,21.8,LH,2340,0
02003,마포구,20234,치킨전문점,5677,2569,2329,2,9.1,9.5,2,23.1,LH,2406,1
02003,마포구,20241,치킨전문점,5591,2828,2695,8,8.0,3.5,4,20.4,LH,2733,1
02003,마포구,20242,치킨전문점,7027,3159,2787,8,12.8,12.2,3,23.1,LH,2399,0
02003,마포구,20243,치킨전문점,6384,3318,2716,12,7.3,13.7,4,21.8,LH,2614,1
02003,마포구,20244,치킨전문점,6194,2318,3074,3,11.7,1.3,0,20.6,LH,3037,1
02003,마포구,20231,의류,5816,3012,2213,8,8.7,1.0,4,23.4,LH,1968,0
02003,마포구,20232,의류,7354,3593,3287,14,9.4,5.3,10,21.2,LH,2239,0
02003,마포구,20233,의류,6188,3070,2995,10,4.9,11.4,7,22.9,LH,2554,0
02003,마포구,20234,의류,7268,3071,3539,4,5.5,5.2,3,20.5,LH,2651,1
02003,마포구,20241,의류,5752,2904,2859,13,5.9,6.0,5,24.2,LH,2565,0
02003,마포구,20242,의류,6574,2595,3153,8,6.5,8.0,4,21.8,LH,2432,1
02003,마포구,20243,의류,6452,2941,2569,7,6.6,13.5,5,23.5,LH,2329,1
02003,마포구,20244,의류,6695,3740,3584,9,9.1,5.3,7,22.4,LH,2549,1
02004,마포구,20231,커피-음료,11389,13256,5276,13,10.4,1.0,12,30.6,HL,2519,1
02004,마포구,20232,커피-음료,12523,17716,5842,7,8.6,3.5,8,33.4,HL,2819,1
02004,마포구,20233,커피-음료,12762,18534,5204,9,11.3,9.6,1,33.0,HL,3469,1
02004,마포구,20234,커피-음료,11067,14241,4707,10,9.2,3.8,9,34.2,HL,2356,1
02004,마포구,20241,커피-음료,12028,14360,5077,9,9.9,6.0,8,36.9,HL,2615,1
02004,마포구,20242,커피-음료,10765,11410,3556,6,8.6,3.6,8,32.9,HL,2796,1
02004,마포구,20243,커피-음료,10643,12626,4519,2,1.0,5.3,1,30.7,HL,3232,1
02004,마포구,20244,커피-음료,11277,11781,3965,12,5.6,3.2,4,33.7,HL,3135,1
02004,마포구,20231,한식음식점,12656,14737,5132,14,8.9,5.2,12,35.5,HL,3508,1
02004,마포구,20232,한식음식점,11596,16488,4915,8,8.6,1.0,6,36.1,HL,3534,1
02004,마포구,20233,한식음식점,10599,12897,4552,9,3.1,4.8,10,34.0,HL,3309,1
02004,마포구,20234,한식음식점,12446,16542,5340,2,11.3,5.1,4,32.9,HL,4109,1
02004,마포구,20241,한식음식점,10163,12411,4695,3,11.9,7.7,0,32.7,HL,3891,1
02004,마포구,20242,한식음식점,11010,15056,3861,4,12.7,6.4,3,31.0,HL,3912,1
02004,마포구,20243,한식음식점,11619,14725,5311,12,7.7,3.0,7,34.5,HL,3949,1
02004,마포구,20244,한식음식점,11384,16808,4745,9,5.0,8.8,5,34.0,HL,4109,1
02004,마포구,20231,분식전문점,11044,14535,4009,6,4.9,2.6,1,36.1,HL,2416,1
02004,마포구,20232,분식전문점,10953,13050,4024,6,10.7,4.1,5,33.5,HL,2197,0
02004,마포구,20233,분식전문점,10372,14377,4678,9,9.6,3.3,7,34.1,HL,2027,1
02004,마포구,20234,분식전문점,10916,13327,4955,6,10.1,3.7,3,32.6,HL,2208,1
02004,마포구,20241,분식전문점,9507,9939,4132,8,11.1,1.0,4,35.1,HL,2254,1
02004,마포구,20242,분식전문점,9996,13466,3719,4,4.7,5.2,4,36.6,HL,2222,1
02004,마포구,20243,분식전문점,10386,11756,4191,8,7.4,5.3,4,33.2,HL,2205,1
02004,마포구,20244,분식전문점,11078,15415,4648,8,1.0,1.5,9,33.8,HL,2099,1
02004,마포구,20231,제과점,9727,12763,4462,9,9.6,1.0,9,31.1,HL,2573,1
02004,마포구,20232,제과점,10708,15958,4961,9,5.7,2.0,1,33.3,HL,2865,1
02004,마포구,20233,제과점,12318,13199,4449,13,11.3,2.7,5,35.7,HL,2578,1
02004,마포구,20234,제과점,10532,14361,3777,10,11.8,3.0,12,32.4,HL,2660,1
02004,마포구,20241,제과점,10866,11633,4450,10,7.4,1.0,5,36.4,HL,2662,1
02004,마포구,20242,제과점,9989,14576,3582,8,7.4,1.0,4,35.8,HL,2855,1
02004,마포구,20243,제과점,12275,12954,4269,6,12.2,6.1,5,33.1,HL,2997,1
02004,마포구,20244,제과점,12428,18097,4065,10,6.5,1.0,2,32.8,HL,3211,1
02004,마포구,20231,치킨전문점,12578,13722,5247,3,3.4,10.3,2,31.6,HL,2542,1
02004,마포구,20232,치킨전문점,11152,15285,3880,7,5.2,4.4,8,31.8,HL,2428,1
02004,마포구,20233,치킨전문점,12193,13854,5522,4,10.5,4.4,1,31.8,HL,2764,1
02004,마포구,20234,치킨전문점,10507,14853,3438,3,5.3,4.9,3,36.3,HL,2440,1
02004,마포구,20241,치킨전문점,12117,17473,5406,7,13.7,8.2,2,34.0,HL,2675,1
02004,마포구,20242,치킨전문점,10399,14906,3282,7,12.3,3.4,6,33.3,HL,2673,1
02004,마포구,20243,치킨전문점,10834,14026,3956,2,10.5,5.6,1,31.6,HL,3001,1
02004,마포구,20244,치킨전문점,11506,15764,4847,7,6.8,4.1,3,33.4,HL,2705,1
02004,마포구,20231,의류,12640,18106,5108,7,9.4,6.5,2,34.3,HL,2569,1
02004,마포구,20232,의류,10702,11603,4778,3,6.0,5.5,0,33.2,HL,2681,1
02004,마포구,20233,의류,11690,12274,4438,6,2.6,2.9,4,33.1,HL,2605,1
02004,마포구,20234,의류,12217,14991,4628,6,9.9,4.8,2,36.7,HL,2458,1
02004,마포구,20241,의류,9546,11853,4212,8,10.3,2.0,4,34.1,HL,2520,1
02004,마포구,20242,의류,12727,17422,5414,9,9.7,4.9,11,36.4,HL,2350,1
02004,마포구,20243,의류,10668,11200,3852,8,1.6,8.2,7,36.6,HL,2307,0
02004,마포구,20244,의류,10355,12751,4322,7,4.8,7.3,4,33.9,HL,2686,1
02005,마포구,20231,커피-음료,7981,9046,10828,8,7.0,4.5,5,28.2,HH,2890,1
02005,마포구,20232,커피-음료,6868,6445,8269,7,15.2,9.0,5,30.8,HH,2679,1
02005,마포구,20233,커피-음료,8403,6745,9645,7,5.3,1.0,4,29.7,HH,2972,1
02005,마포구,20234,커피-음료,7810,7947,10489,4,6.8,7.3,4,32.9,HH,3197,1
02005,마포구,20241,커피-음료,8889,10438,9714,8,1.0,4.2,3,28.3,HH,2848,1
02005,마포구,20242,커피-음료,7597,8046,8554,4,10.1,2.4,2,30.8,HH,3430,1
02005,마포구,20243,커피-음료,7175,6191,7022,7,12.8,8.2,2,31.2,HH,2943,1
02005,마포구,20244,커피-음료,8422,7477,10437,6,8.7,3.3,4,29.1,HH,3252,1
02005,마포구,20231,한식음식점,7267,7221,7005,13,10.5,1.0,7,28.3,HH,3420,1
02005,마포구,20232,한식음식점,7799,6991,8002,2,4.9,1.0,0,31.7,HH,4088,1
02005,마포구,20233,한식음식점,7088,7853,9600,8,13.1,3.3,4,32.6,HH,3893,1
02005,마포구,20234,한식음식점,8958,7540,9321,8,4.8,1.0,7,31.5,HH,3269,1
02005,마포구,20241,한식음식점,7396,6672,7346,4,13.2,1.4,2,32.6,HH,3717,0
02005,마포구,20242,한식음식점,7044,7031,9856,6,8.2,7.4,3,31.2,HH,3777,1
02005,마포구,20243,한식음식점,8732,9288,11961,6,9.2,4.8,5,32.6,HH,3907,1
02005,마포구,20244,한식음식점,7161,7426,7190,8,4.7,2.8,4,32.6,HH,3468,1
02005,마포구,20231,분식전문점,8878,9566,11737,7,8.5,3.6,3,32.5,HH,1934,1
02005,마포구,20232,분식전문점,8214,9540,10886,9,8.7,3.9,7,28.4,HH,1780,1
02005,마포구,20233,분식전문점,7759,8225,9394,3,7.8,1.9,1,28.5,HH,2165,1
02005,마포구,20234,분식전문점,7906,7271,10469,3,10.6,6.1,1,27.9,HH,1823,1
02005,마포구,20241,분식전문점,6795,7801,7755,6,11.2,7.3,7,27.7,HH,2277,1
02005,마포구,20242,분식전문점,7287,7427,8850,6,9.8,5.8,5,27.7,HH,2336,1
02005,마포구,20243,분식전문점,6738,6916,9344,7,7.3,1.0,7,28.7,HH,2325,1
02005,마포구,20244,분식전문점,8094,9367,9815,4,8.1,4.2,2,29.0,HH,2514,1
02005,마포구,20231,제과점,6835,6000,8707,4,7.9,2.3,2,30.1,HH,2774,1
02005,마포구,20232,제과점,8273,8747,8911,3,8.5,1.0,1,30.6,HH,2920,1
02005,마포구,20233,제과점,8090,8822,11307,6,12.3,1.8,2,31.0,HH,2903,1
02005,마포구,20234,제과점,8821,9514,9361,3,9.4,3.5,1,30.2,HH,3021,1
02005,마포구,20241,제과점,8435,9548,9247,4,7.0,7.6,5,33.1,HH,2350,1
02005,마포구,20242,제과점,8143,8186,8350,2,9.4,5.6,3,27.9,HH,2999,1
02005,마포구,20243,제과점,8942,7396,9135,7,11.5,7.2,6,29.0,HH,2849,1
02005,마포구,20244,제과점,8330,8601,9065,6,7.6,3.1,8,31.4,HH,2651,1
02005,마포구,20231,치킨전문점,6938,6861,8380,6,10.5,6.2,3,28.8,HH,2287,1
02005,마포구,20232,치킨전문점,7357,8732,8298,3,10.1,7.0,4,29.9,HH,2550,0
02005,마포구,20233,치킨전문점,7583,6072,9275,3,5.6,1.0,2,32.5,HH,2279,1
02005,마포구,20234,치킨전문점,6761,7284,6409,9,4.1,8.5,3,27.7,HH,2631,1
02005,마포구,20241,치킨전문점,8365,9193,9171,8,13.1,3.7,4,32.5,HH,2696,1
02005,마포구,20242,치킨전문점,7663,6330,10611,7,4.3,1.0,6,32.5,HH,2440,1
02005,마포구,20243,치킨전문점,7781,6323,8811,13,11.7,3.7,8,29.2,HH,2461,1
02005,마포구,20244,치킨전문점,7083,5764,8341,6,12.4,4.4,3,28.8,HH,2546,1
02005,마포구,20231,의류,7165,6117,9820,1,10.4,1.7,1,32.4,HH,2540,1
02005,마포구,20232,의류,8149,8068,8005,2,9.7,4.8,3,28.7,HH,2082,1
02005,마포구,20233,의류,7318,6519,9564,8,10.3,3.0,6,28.6,HH,2213,1
02005,마포구,20234,의류,8302,8082,9955,6,7.6,3.0,2,31.5,HH,2288,1
02005,마포구,20241,의류,8929,7462,10967,9,9.4,7.1,4,29.3,HH,2509,1
02005,마포구,20242,의류,7149,5678,9093,16,6.8,6.9,9,31.0,HH,2166,0
02005,마포구,20243,의류,8343,8091,11758,12,9.1,3.1,5,29.9,HH,2791,1
02005,마포구,20244,의류,7473,6228,7289,8,9.8,2.0,4,29.0,HH,2469,0
02006,마포구,20231,커피-음료,3716,3081,2460,8,7.2,1.3,5,19.6,HL,2903,1
02006,마포구,20232,커피-음료,3561,3135,1920,6,4.3,5.3,5,17.4,HL,3146,1
02006,마포구,20233,커피-음료,3998,3055,2264,9,5.4,3.5,2,20.1,HL,3312,1
02006,마포구,20234,커피-음료,4667,3935,2892,8,6.2,1.0,5,19.6,HL,3438,1
02006,마포구,20241,커피-음료,3758,2654,1948,9,11.8,5.4,3,19.1,HL,3087,1
02006,마포구,20242,커피-음료,4173,3226,2718,9,10.8,6.0,5,19.9,HL,2949,1
02006,마포구,20243,커피-음료,4193,2671,2311,6,11.7,2.6,2,17.0,HL,3484,1
02006,마포구,20244,커피-음료,3875,3175,1944,8,3.3,5.3,3,17.8,HL,3278,1
02006,마포구,20231,한식음식점,4165,2616,2403,7,11.9,6.1,4,19.9,HL,3695,1
02006,마포구,20232,한식음식점,4718,3923,3004,10,11.9,3.8,6,18.9,HL,3826,1
02006,마포구,20233,한식음식점,3666,3260,2115,4,5.9,2.6,1,20.4,HL,4358,1
02006,마포구,20234,한식음식점,4639,3867,2573,9,6.5,6.7,3,19.1,HL,4048,1
02006,마포구,20241,한식음식점,3733,2641,1766,7,4.0,8.2,6,17.7,HL,4047,1
02006,마포구,20242,한식음식점,3873,3354,2285,7,15.1,6.4,8,18.9,HL,3834,1
02006,마포구,20243,한식음식점,3683,2407,1717,10,8.0,3.3,7,19.5,HL,3637,1
02006,마포구,20244,한식음식점,4419,3795,2949,6,8.1,2.7,5,17.5,HL,3938,1
02006,마포구,20231,분식전문점,4123,3475,2249,13,7.7,10.8,9,18.3,HL,2185,1
02006,마포구,20232,분식전문점,3671,2572,1834,8,3.9,3.6,3,17.4,HL,1973,1
02006,마포구,20233,분식전문점,3721,3213,2488,6,5.2,6.7,6,18.4,HL,2360,0
02006,마포구,20234,분식전문점,3791,2950,1974,3,8.7,3.6,3,16.9,HL,2205,1
02006,마포구,20241,분식전문점,4657,3325,2204,2,9.8,1.0,2,16.8,HL,2212,1
02006,마포구,20242,분식전문점,4629,3854,2448,6,12.8,4.0,3,17.1,HL,2497,1
02006,마포구,20243,분식전문점,3985,2870,1947,13,7.4,2.9,4,16.7,HL,2242,1
02006,마포구,20244,분식전문점,4534,2992,2528,8,7.3,5.6,6,17.4,HL,2337,1
02006,마포구,20231,제과점,3832,2958,2358,8,4.9,1.0,7,19.0,HL,2795,0
02006,마포구,20232,제과점,4162,3486,2072,7,7.1,1.0,4,18.3,HL,2655,1
02006,마포구,20233,제과점,3732,2858,2118,4,8.8,4.3,2,17.3,HL,3133,1
02006,마포구,20234,제과점,4618,3998,2241,15,6.9,5.0,11,19.8,HL,2688,1
02006,마포구,20241,제과점,4679,4304,2296,10,6.6,5.1,5,18.8,HL,2675,1
02006,마포구,20242,제과점,4330,3406,2428,9,7.3,1.4,5,20.1,HL,2594,1
02006,마포구,20243,제과점,4336,3833,2161,7,7.5,1.5,2,17.7,HL,3138,1
02006,마포구,20244,제과점,4132,3185,2289,8,6.6,5.4,2,18.7,HL,3185,1
02006,마포구,20231,치킨전문점,3832,3256,1789,7,7.4,1.0,2,19.2,HL,2729,1
02006,마포구,20232,치킨전문점,4362,2762,2321,4,2.8,2.4,3,17.3,HL,2614,1
02006,마포구,20233,치킨전문점,4484,3851,3100,3,12.2,7.3,2,20.0,HL,3007,1
02006,마포구,20234,치킨전문점,4076,3469,2590,3,8.8,2.4,0,19.7,HL,3047,0
02006,마포구,20241,치킨전문점,3862,2547,1918,9,5.1,5.9,8,19.9,HL,2269,1
02006,마포구,20242,치킨전문점,3704,2465,2114,10,14.1,3.2,5,16.8,HL,2477,1
02006,마포구,20243,치킨전문점,3601,2858,2066,7,4.7,3.9,2,17.4,HL,2889,1
02006,마포구,20244,치킨전문점,4718,3638,2385,6,7.2,1.0,3,19.1,HL,2341,1
02006,마포구,20231,의류,4522,2953,2101,7,2.0,1.0,5,19.6,HL,2291,1
02006,마포구,20232,의류,3645,3210,2006,2,3.3,7.8,1,19.7,HL,2220,1
02006,마포구,20233,의류,3704,3198,2194,4,9.5,5.3,2,18.2,HL,2638,1
02006,마포구,20234,의류,3793,3263,2066,9,9.6,1.0,9,20.3,HL,1881,1
02006,마포구,20241,의류,4072,3235,2373,7,10.0,8.4,6,19.3,HL,2393,0
02006,마포구,20242,의류,4703,3041,2459,7,11.7,9.2,5,19.9,HL,2684,1
02006,마포구,20243,의류,4161,3260,2801,9,7.9,1.0,5,18.0,HL,2785,1
02006,마포구,20244,의류,4571,2917,2690,6,9.9,1.4,3,17.6,HL,2712,1
02007,마포구,20231,커피-음료,4098,4639,1957,9,9.4,6.2,6,16.1,HH,2904,1
02007,마포구,20232,커피-음료,5029,4986,1822,3,12.6,4.7,1,15.7,HH,3310,1
02007,마포구,20233,커피-음료,5124,5318,2573,8,7.8,5.3,5,15.6,HH,3155,1
02007,마포구,20234,커피-음료,4157,4293,2144,3,6.4,6.9,2,15.0,HH,3495,1
02007,마포구,20241,커피-음료,4254,5018,1641,3,7.1,4.7,1,14.8,HH,3634,1
02007,마포구,20242,커피-음료,5330,6016,2731,8,3.8,1.0,2,13.6,HH,3291,1
02007,마포구,20243,커피-음료,4065,3407,1691,3,12.2,4.0,4,14.0,HH,3417,1
02007,마포구,20244,커피-음료,4621,3906,1619,8,5.9,5.4,4,13.4,HH,3577,1
02007,마포구,20231,한식음식점,4643,4466,2234,13,5.6,4.7,8,13.3,HH,3998,1
02007,마포구,20232,한식음식점,5054,4960,1986,9,9.4,6.2,5,15.2,HH,4340,1
02007,마포구,20233,한식음식점,4659,3709,2105,3,3.5,1.0,1,14.6,HH,4450,1
02007,마포구,20234,한식음식점,4855,5168,2380,7,13.3,1.0,3,15.2,HH,4133,1
02007,마포구,20241,한식음식점,4306,4454,1919,6,9.8,8.9,7,13.8,HH,3614,1
02007,마포구,20242,한식음식점,4336,4376,2087,9,8.4,2.9,5,14.0,HH,4444,1
02007,마포구,20243,한식음식점,4810,4448,2197,2,11.4,6.7,2,15.9,HH,4410,1
02007,마포구,20244,한식음식점,4495,4740,2168,6,6.3,1.9,4,15.6,HH,4197,1
02007,마포구,20231,분식전문점,4491,4247,1660,3,6.5,4.1,1,15.1,HH,2554,1
02007,마포구,20232,분식전문점,4169,4389,1803,7,6.0,1.0,5,15.8,HH,2165,1
02007,마포구,20233,분식전문점,4662,3876,2087,4,6.2,1.0,2,13.5,HH,2440,1
02007,마포구,20234,분식전문점,4561,3657,2025,8,13.5,9.1,3,14.5,HH,2241,0
02007,마포구,20241,분식전문점,5142,4414,2611,12,7.1,1.0,5,15.8,HH,2442,1
02007,마포구,20242,분식전문점,4357,3532,1795,4,6.3,2.2,2,14.7,HH,2431,1
02007,마포구,20243,분식전문점,5175,5273,2386,9,7.4,7.5,2,14.9,HH,2633,1
02007,마포구,20244,분식전문점,5070,5924,1953,4,5.1,10.9,6,15.0,HH,2081,1
02007,마포구,20231,제과점,4966,4507,1975,7,3.9,7.4,4,14.9,HH,2739,1
02007,마포구,20232,제과점,4619,4795,2363,9,8.2,4.1,3,16.1,HH,3034,1
02007,마포구,20233,제과점,4801,4302,2143,8,8.2,3.6,2,16.2,HH,2632,1
02007,마포구,20234,제과점,5153,4304,2592,2,10.3,3.3,3,15.0,HH,3070,1
02007,마포구,20241,제과점,5386,4612,2668,10,5.1,4.0,8,14.5,HH,2583,1
02007,마포구,20242,제과점,4866,5425,1720,7,9.3,1.0,4,15.2,HH,3342,1
02007,마포구,20243,제과점,5003,5205,1825,4,10.8,3.5,3,16.0,HH,3122,1
02007,마포구,20244,제과점,4114,3357,2108,6,6.9,2.5,6,13.9,HH,2926,0
02007,마포구,20231,치킨전문점,5063,4846,2209,4,2.9,5.9,6,14.5,HH,2456,1
02007,마포구,20232,치킨전문점,4319,4982,2213,10,9.5,3.9,6,13.3,HH,2821,1
02007,마포구,20233,치킨전문점,4734,4178,2387,10,5.4,1.3,9,14.1,HH,2519,1
02007,마포구,20234,치킨전문점,5354,6064,1972,7,11.2,2.3,3,14.1,HH,2813,1
02007,마포구,20241,치킨전문점,5188,4731,1940,9,11.7,1.6,4,14.5,HH,2769,1
02007,마포구,20242,치킨전문점,4261,4495,2124,8,9.5,4.1,2,15.9,HH,2637,1
02007,마포구,20243,치킨전문점,4363,4983,1620,8,10.8,5.5,2,15.7,HH,2598,1
02007,마포구,20244,치킨전문점,5009,5382,1909,10,8.8,5.1,9,14.4,HH,2589,1
02007,마포구,20231,의류,4555,3816,1778,8,11.7,8.2,7,13.5,HH,2432,1
02007,마포구,20232,의류,4954,4524,2175,7,10.2,6.8,1,16.1,HH,2512,0
02007,마포구,20233,의류,4429,4596,1935,10,12.8,6.8,4,14.5,HH,2348,0
02007,마포구,20234,의류,4380,3477,2276,10,12.6,6.1,8,14.9,HH,2495,1
02007,마포구,20241,의류,4532,4100,1911,2,11.0,5.9,0,14.2,HH,2736,1
02007,마포구,20242,의류,5274,4284,1875,8,8.7,1.0,4,15.6,HH,2558,1
02007,마포구,20243,의류,4093,3770,1993,7,2.0,2.0,2,15.6,HH,2524,1
02007,마포구,20244,의류,4350,3741,1937,8,6.7,1.5,7,16.2,HH,2589,1
02008,마포구,20231,커피-음료,8128,5612,7324,7,9.9,11.6,6,14.6,LH,2984,1
02008,마포구,20232,커피-음료,9175,5620,7893,6,5.0,3.8,2,12.6,LH,3577,1
02008,마포구,20233,커피-음료,8186,5103,7457,6,10.1,3.9,4,13.6,LH,3077,1
02008,마포구,20234,커피-음료,7968,4968,8251,7,9.2,1.7,0,12.9,LH,3272,1
02008,마포구,20241,커피-음료,8802,4434,7922,6,6.7,4.4,2,13.8,LH,3423,1
02008,마포구,20242,커피-음료,8078,4946,7957,7,7.5,4.4,5,14.6,LH,3303,1
02008,마포구,20243,커피-음료,9131,5088,8484,6,8.0,7.4,0,14.5,LH,3819,0
02008,마포구,20244,커피-음료,9044,5063,9134,10,5.9,4.7,6,14.9,LH,3563,1
02008,마포구,20231,한식음식점,8160,4094,9055,12,8.5,10.1,7,14.0,LH,4008,0
02008,마포구,20232,한식음식점,9124,4529,9109,9,7.1,7.5,2,14.5,LH,4724,1
02008,마포구,20233,한식음식점,8206,5382,8428,9,11.6,9.3,8,12.9,LH,4111,1
02008,마포구,20234,한식음식점,8903,4246,9998,4,2.9,11.5,3,14.6,LH,4580,1
02008,마포구,20241,한식음식점,9357,5105,9583,9,11.5,12.0,4,14.3,LH,4427,1
02008,마포구,20242,한식음식점,8846,5017,8974,7,9.2,3.7,5,12.6,LH,4334,1
02008,마포구,20243,한식음식점,7437,3616,6144,6,8.7,9.3,2,15.3,LH,3989,1
02008,마포구,20244,한식음식점,9558,5728,8415,3,7.4,3.2,1,13.7,LH,5035,1
02008,마포구,20231,분식전문점,9344,4887,9682,9,2.8,6.0,4,12.9,LH,2256,0
02008,마포구,20232,분식전문점,7870,5325,7775,6,5.3,10.0,4,14.1,LH,2445,1
02008,마포구,20233,분식전문점,9746,4630,9692,6,3.9,7.1,3,12.7,LH,2365,0
02008,마포구,20234,분식전문점,8527,5619,7356,8,5.9,11.0,7,15.0,LH,2235,1
02008,마포구,20241,분식전문점,9687,6353,10359,9,12.2,3.1,3,13.4,LH,2728,1
02008,마포구,20242,분식전문점,9710,5563,10705,4,3.2,6.2,2,13.9,LH,2702,1
02008,마포구,20243,분식전문점,7321,4708,6376,9,10.5,1.3,5,15.2,LH,2515,1
02008,마포구,20244,분식전문점,9062,4267,10228,12,8.5,7.9,3,14.8,LH,2633,1
02008,마포구,20231,제과점,9220,6284,7308,10,5.0,2.4,9,12.7,LH,2787,1
02008,마포구,20232,제과점,8353,4739,6713,8,10.6,11.5,9,14.7,LH,2840,0
02008,마포구,20233,제과점,7567,4264,5745,4,6.2,13.4,0,13.6,LH,3100,1
02008,마포구,20234,제과점,7687,4848,8102,6,12.0,6.5,6,14.8,LH,2703,1
02008,마포구,20241,제과점,7483,4118,8460,6,11.4,9.2,4,15.1,LH,2789,1
02008,마포구,20242,제과점,8771,5353,9139,8,6.2,7.4,6,13.7,LH,3385,1
02008,마포구,20243,제과점,8368,3951,8513,4,5.1,5.9,5,12.8,LH,2826,1
02008,마포구,20244,제과점,9503,4734,9735,3,5.0,6.7,2,12.9,LH,3335,1
02008,마포구,20231,치킨전문점,8336,5653,7810,3,7.1,5.9,3,14.2,LH,2772,1
02008,마포구,20232,치킨전문점,8785,5446,7281,7,3.9,7.9,4,14.9,LH,2799,1
02008,마포구,20233,치킨전문점,9811,6112,8366,8,10.9,5.9,6,12.6,LH,2810,1
02008,마포구,20234,치킨전문점,8092,4646,8615,14,12.3,4.7,3,13.1,LH,3074,1
02008,마포구,20241,치킨전문점,8814,5264,7663,6,9.0,6.4,3,13.7,LH,2527,1
02008,마포구,20242,치킨전문점,8975,5333,9628,6,6.0,4.6,2,13.4,LH,3191,1
02008,마포구,20243,치킨전문점,9424,4731,8137,12,10.9,6.7,11,14.3,LH,2917,1
02008,마포구,20244,치킨전문점,7575,4444,7262,9,8.2,2.7,7,14.2,LH,2918,1
02008,마포구,20231,의류,9024,6340,9513,10,9.7,8.3,8,15.2,LH,2435,0
02008,마포구,20232,의류,9612,6586,9814,3,10.8,5.0,2,13.5,LH,2435,1
02008,마포구,20233,의류,8737,5920,9773,3,1.5,7.3,5,14.0,LH,2249,1
02008,마포구,20234,의류,8733,4901,7278,1,10.1,10.1,0,14.0,LH,2642,1
02008,마포구,20241,의류,9643,6684,8901,2,14.2,5.2,0,13.1,LH,2977,1
02008,마포구,20242,의류,8763,5057,8160,8,7.2,6.4,3,13.3,LH,2793,0
02008,마포구,20243,의류,9615,6462,10635,7,6.3,11.8,5,13.4,LH,2519,0
02008,마포구,20244,의류,9751,4592,10754,1,14.7,11.1,0,14.3,LH,2915,0
03000,성동구,20231,커피-음료,10457,11549,13732,7,2.3,3.5,2,27.8,HL,3100,1
03000,성동구,20232,커피-음료,11834,14241,12102,11,4.1,3.7,7,31.7,HL,2861,1
03000,성동구,20233,커피-음료,9779,9608,11040,7,10.9,1.7,8,27.2,HL,3111,1
03000,성동구,20234,커피-음료,10317,10929,11048,12,7.3,3.3,8,28.4,HL,2939,1
03000,성동구,20241,커피-음료,9624,13082,13197,7,11.0,8.7,5,32.1,HL,3120,1
03000,성동구,20242,커피-음료,10029,12841,11192,5,3.4,1.0,2,28.3,HL,3589,1
03000,성동구,20243,커피-음료,11657,13170,14974,5,10.4,10.5,3,31.9,HL,3229,1
03000,성동구,20244,커피-음료,10868,11692,11644,4,5.4,5.9,2,26.6,HL,3554,1
03000,성동구,20231,한식음식점,11039,13347,13533,9,8.0,1.0,5,29.5,HL,3380,1
03000,성동구,20232,한식음식점,10636,10638,10760,3,5.9,2.4,0,26.5,HL,3721,1
03000,성동구,20233,한식음식점,11531,15875,14616,7,6.9,2.9,3,30.0,HL,3847,1
03000,성동구,20234,한식음식점,8951,12379,9436,8,8.8,5.5,7,31.3,HL,3768,1
03000,성동구,20241,한식음식점,11584,12871,11912,5,9.1,10.5,1,31.0,HL,4192,1
03000,성동구,20242,한식음식점,11218,14580,13917,7,5.0,4.1,3,28.9,HL,3918,1
03000,성동구,20243,한식음식점,10939,13645,10789,7,8.2,1.0,4,31.7,HL,3815,1
03000,성동구,20244,한식음식점,10662,12890,11170,5,6.8,3.5,2,31.9,HL,4462,1
03000,성동구,20231,분식전문점,10918,10093,10369,5,7.6,1.0,5,27.9,HL,2407,1
03000,성동구,20232,분식전문점,11831,12562,13314,8,5.1,6.4,7,28.1,HL,2155,1
03000,성동구,20233,분식전문점,9544,11602,11553,3,8.8,2.0,1,30.2,HL,1697,1
03000,성동구,20234,분식전문점,11235,13278,13227,7,7.2,3.9,1,26.5,HL,2505,1
03000,성동구,20241,분식전문점,9372,12302,11597,3,8.6,5.9,3,31.9,HL,2111,1
03000,성동구,20242,분식전문점,9406,11276,9644,7,9.7,1.2,5,27.6,HL,2251,1
03000,성동구,20243,분식전문점,11714,11724,11060,11,13.2,1.0,13,30.2,HL,2324,1
03000,성동구,20244,분식전문점,9456,11847,11917,9,14.0,2.9,7,30.2,HL,2218,1
03000,성동구,20231,제과점,8931,10243,9500,4,9.1,5.9,6,28.2,HL,2801,0
03000,성동구,20232,제과점,10521,14510,12625,4,5.5,3.4,2,31.9,HL,2798,1
03000,성동구,20233,제과점,11424,13666,10658,9,10.0,1.5,5,27.1,HL,2646,1
03000,성동구,20234,제과점,9012,9704,11988,8,14.2,8.0,3,27.8,HL,2847,1
03000,성동구,20241,제과점,9523,12739,12386,8,8.8,1.0,6,29.0,HL,2913,1
03000,성동구,20242,제과점,11514,14931,13338,5,8.7,5.8,3,26.9,HL,2839,1
03000,성동구,20243,제과점,8900,9127,10047,7,6.9,6.4,4,29.4,HL,2855,1
03000,성동구,20244,제과점,10091,10979,9922,5,8.1,2.3,3,30.2,HL,2738,1
03000,성동구,20231,치킨전문점,11635,15963,14222,3,12.1,6.0,0,30.4,HL,2755,1
03000,성동구,20232,치킨전문점,9309,12821,9514,2,6.8,6.1,3,32.1,HL,2407,1
03000,성동구,20233,치킨전문점,11163,12798,10313,3,9.8,7.7,0,32.2,HL,2734,1
03000,성동구,20234,치킨전문점,10315,12781,12697,3,16.3,1.2,2,27.3,HL,2913,1
03000,성동구,20241,치킨전문점,11190,15209,11480,2,12.0,3.7,1,30.8,HL,3214,1
03000,성동구,20242,치킨전문점,10383,10869,9546,7,7.6,6.8,7,31.5,HL,2250,1
03000,성동구,20243,치킨전문점,10394,13245,9694,10,10.0,1.0,7,29.3,HL,2442,1
03000,성동구,20244,치킨전문점,10893,12973,12621,5,13.3,3.3,6,31.8,HL,2722,1
03000,성동구,20231,의류,10085,13892,12578,11,14.7,7.0,7,29.5,HL,2484,1
03000,성동구,20232,의류,11099,10506,11193,5,13.2,4.0,1,29.1,HL,2804,1
03000,성동구,20233,의류,9671,12706,11932,4,5.0,2.7,2,27.2,HL,2250,1
03000,성동구,20234,의류,9024,10552,11134,8,7.9,8.3,3,31.9,HL,2205,1
03000,성동구,20241,의류,11058,13223,11196,3,8.1,1.0,1,28.9,HL,2653,1
03000,성동구,20242,의류,9678,12794,12328,8,8.1,3.9,3,27.4,HL,2465,1
03000,성동구,20243,의류,11608,12016,15210,8,6.3,5.6,1,32.1,HL,2629,1
03000,성동구,20244,의류,11658,11745,12201,4,5.6,8.5,1,30.4,HL,2797,1
03001,성동구,20231,커피-음료,7288,6427,7389,5,9.7,12.5,3,27.0,LL,2802,1
03001,성동구,20232,커피-음료,7495,6098,6880,2,11.3,8.7,2,28.6,LL,3114,1
03001,성동구,20233,커피-음료,7922,5328,7643,8,7.8,5.9,6,26.2,LL,2929,1
03001,성동구,20234,커피-음료,6677,5709,5411,4,9.3,13.0,8,27.6,LL,2972,1
03001,성동구,20241,커피-음료,8339,5785,8331,9,11.5,2.0,7,28.8,LL,3000,0
03001,성동구,20242,커피-음료,6686,4540,6814,5,7.2,10.5,3,25.3,LL,3795,1
03001,성동구,20243,커피-음료,8331,6720,8369,7,11.4,9.5,5,26.5,LL,3217,1
03001,성동구,20244,커피-음료,7029,6092,6729,7,14.1,8.3,5,25.5,LL,2893,1
03001,성동구,20231,한식음식점,8035,5161,7142,8,11.0,9.1,1,25.8,LL,3992,1
03001,성동구,20232,한식음식점,7745,5021,5725,2,6.3,15.8,1,26.1,LL,3888,1
03001,성동구,20233,한식음식점,7418,5877,7462,1,4.6,8.9,1,25.2,LL,3909,1
03001,성동구,20234,한식음식점,6853,4689,5491,10,3.1,9.1,1,28.8,LL,3768,1
03001,성동구,20241,한식음식점,6846,5540,5108,7,10.6,1.0,5,28.8,LL,3585,1
03001,성동구,20242,한식음식점,6925,4357,6359,10,9.0,5.9,3,28.6,LL,3849,1
03001,성동구,20243,한식음식점,7859,5939,7494,5,11.0,8.4,2,26.7,LL,3978,0
03001,성동구,20244,한식음식점,8253,7369,7210,11,8.6,2.0,5,25.0,LL,4185,1
03001,성동구,20231,분식전문점,7026,6302,5971,10,3.6,6.2,4,24.8,LL,2268,1
03001,성동구,20232,분식전문점,6300,4960,5633,5,13.5,10.1,3,24.4,LL,2353,1
03001,성동구,20233,분식전문점,7972,6964,7569,12,6.8,7.3,9,25.5,LL,1847,0
03001,성동구,20234,분식전문점,6656,5975,6006,5,1.3,9.8,7,27.0,LL,2154,0
03001,성동구,20241,분식전문점,7013,6169,5701,3,7.1,1.0,5,27.3,LL,1939,1
03001,성동구,20242,분식전문점,6561,4505,5352,7,11.3,8.6,1,24.4,LL,2143,1
03001,성동구,20243,분식전문점,6821,6140,5467,9,7.1,10.9,3,26.3,LL,1990,0
03001,성동구,20244,분식전문점,6750,4144,6613,5,5.7,9.4,2,24.1,LL,2205,1
03001,성동구,20231,제과점,6225,5089,5264,5,11.1,7.1,2,27.1,LL,2634,1
03001,성동구,20232,제과점,6475,5433,6408,12,9.0,8.0,9,24.3,LL,2585,0
03001,성동구,20233,제과점,6852,5196,4965,5,14.3,10.3,6,28.0,LL,2701,0
03001,성동구,20234,제과점,7034,5586,6634,5,2.0,12.0,6,27.9,LL,2506,1
03001,성동구,20241,제과점,8281,6353,7825,10,7.2,7.7,12,24.3,LL,2274,1
03001,성동구,20242,제과점,7405,5368,7305,7,3.0,13.0,4,25.3,LL,2616,0
03001,성동구,20243,제과점,7293,5630,5913,2,8.4,6.9,0,24.1,LL,2709,1
03001,성동구,20244,제과점,6982,4436,6607,9,8.7,9.3,9,24.4,LL,2588,1
03001,성동구,20231,치킨전문점,6280,5596,5278,5,5.9,6.4,3,23.9,LL,2413,1
03001,성동구,20232,치킨전문점,8065,6667,6956,4,10.7,1.0,3,28.9,LL,2529,0
03001,성동구,20233,치킨전문점,7970,5003,5694,2,6.9,5.6,3,25.2,LL,2624,1
03001,성동구,20234,치킨전문점,7057,5185,5057,7,10.0,6.4,3,28.1,LL,2318,1
03001,성동구,20241,치킨전문점,7913,4996,6894,10,7.6,8.2,6,28.7,LL,2395,0
03001,성동구,20242,치킨전문점,6358,5145,4826,4,7.3,6.0,3,28.9,LL,2463,1
03001,성동구,20243,치킨전문점,6285,4385,4587,7,8.0,8.8,4,27.8,LL,2533,1
03001,성동구,20244,치킨전문점,6701,5048,6543,3,8.1,12.1,2,24.8,LL,3061,0
03001,성동구,20231,의류,8277,5676,6619,7,6.7,7.1,5,27.7,LL,2343,1
03001,성동구,20232,의류,7250,4370,5115,7,5.1,4.5,6,28.6,LL,2123,1
03001,성동구,20233,의류,7797,5468,6660,11,5.9,9.4,10,28.4,LL,2333,1
03001,성동구,20234,의류,8248,5992,6282,4,7.7,9.9,0,24.4,LL,2291,0
03001,성동구,20241,의류,7616,6042,7469,8,8.2,8.5,7,25.8,LL,2217,0
03001,성동구,20242,의류,6590,4573,6258,3,6.3,7.0,0,24.1,LL,2610,1
03001,성동구,20243,의류,6252,3846,5386,17,12.9,3.6,13,28.1,LL,1762,0
03001,성동구,20244,의류,6455,4357,5296,5,7.0,10.5,1,28.4,LL,2303,0
03002,성동구,20231,커피-음료,11999,4666,5568,4,9.5,1.0,2,25.2,LH,3133,1
03002,성동구,20232,커피-음료,10052,3732,3353,7,6.0,8.9,5,23.8,LH,2709,1
03002,성동구,20233,커피-음료,11240,3750,4776,7,9.4,7.6,8,24.8,LH,3047,0
03002,성동구,20234,커피-음료,10768,4593,4666,11,3.2,7.7,3,21.3,LH,2955,1
03002,성동구,20241,커피-음료,11130,3804,4386,4,10.6,8.0,2,25.0,LH,3585,1
03002,성동구,20242,커피-음료,11234,4309,4626,10,10.1,1.0,5,21.5,LH,3151,1
03002,성동구,20243,커피-음료,10968,3877,4004,10,5.8,4.5,5,23.3,LH,3120,1
03002,성동구,20244,커피-음료,10377,4114,3465,8,4.8,5.9,3,21.7,LH,3170,1
03002,성동구,20231,한식음식점,10197,3764,3868,3,7.1,9.2,3,21.9,LH,3878,1
03002,성동구,20232,한식음식점,12447,4613,5044,5,8.4,9.8,2,25.2,LH,3746,1
03002,성동구,20233,한식음식점,10178,4103,3937,9,9.5,6.9,7,23.7,LH,3812,1
03002,성동구,20234,한식음식점,12058,3748,5277,9,4.8,8.7,6,24.4,LH,3610,0
03002,성동구,20241,한식음식점,9606,3933,3912,2,8.0,8.4,2,23.4,LH,3960,1
03002,성동구,20242,한식음식점,10974,4619,4261,9,6.5,13.1,5,23.8,LH,3717,1
03002,성동구,20243,한식음식점,10679,3144,3324,10,3.8,9.3,11,24.6,LH,3651,1
03002,성동구,20244,한식음식점,9650,3442,3823,8,4.7,8.3,3,23.1,LH,4209,1
03002,성동구,20231,분식전문점,11624,4072,3700,15,8.5,8.3,6,22.3,LH,2390,1
03002,성동구,20232,분식전문점,12388,4700,5529,7,7.0,10.2,7,24.6,LH,1797,0
03002,성동구,20233,분식전문점,10406,3280,4676,7,4.5,7.0,6,25.4,LH,2224,1
03002,성동구,20234,분식전문점,11373,3278,4677,4,4.8,6.9,2,22.4,LH,2055,1
03002,성동구,20241,분식전문점,10433,3313,4076,8,6.5,2.3,1,23.6,LH,2350,1
03002,성동구,20242,분식전문점,12479,4527,4611,5,1.4,5.4,3,25.6,LH,2789,1
03002,성동구,20243,분식전문점,11327,3605,4280,4,7.3,1.7,3,23.4,LH,2366,0
03002,성동구,20244,분식전문점,9790,2833,3257,2,5.8,7.6,0,25.7,LH,2324,1
03002,성동구,20231,제과점,10645,3779,3875,4,7.6,11.5,4,22.2,LH,2772,1
03002,성동구,20232,제과점,10788,3121,3459,10,6.6,6.7,9,25.1,LH,2647,1
03002,성동구,20233,제과점,12322,4955,4448,9,10.9,7.8,7,21.7,LH,2764,1
03002,성동구,20234,제과점,12029,4476,5604,8,5.9,10.0,6,22.5,LH,2650,1
03002,성동구,20241,제과점,9525,3983,3889,7,6.2,9.9,2,23.3,LH,3093,1
03002,성동구,20242,제과점,12173,4976,3955,3,6.5,11.0,4,21.6,LH,2818,0
03002,성동구,20243,제과점,11028,4523,5038,4,3.9,8.6,4,22.3,LH,2930,1
03002,성동구,20244,제과점,9744,3597,3224,11,7.2,14.5,3,25.7,LH,2777,1
03002,성동구,20231,치킨전문점,9453,3081,3609,4,8.0,8.1,0,24.1,LH,2526,0
03002,성동구,20232,치킨전문점,12305,3793,4829,4,7.7,6.6,3,24.3,LH,2611,1
03002,성동구,20233,치킨전문점,10241,3850,3258,3,10.8,7.4,1,23.0,LH,2146,1
03002,성동구,20234,치킨전문점,11440,3495,4495,4,2.8,2.6,2,24.4,LH,2790,1
03002,성동구,20241,치킨전문점,11421,4670,4663,2,6.5,8.0,3,24.6,LH,2545,1
03002,성동구,20242,치킨전문점,9838,3115,4465,9,10.6,3.9,3,22.9,LH,2666,0
03002,성동구,20243,치킨전문점,9997,3336,4413,4,8.8,8.2,0,25.5,LH,2683,1
03002,성동구,20244,치킨전문점,11994,4597,4273,10,4.2,2.6,7,23.2,LH,2328,1
03002,성동구,20231,의류,10060,4098,4258,11,11.5,7.2,9,21.7,LH,2082,1
03002,성동구,20232,의류,11360,3909,5028,8,8.7,3.5,4,21.9,LH,2191,1
03002,성동구,20233,의류,10701,3862,4439,12,10.7,4.6,4,22.1,LH,2340,0
03002,성동구,20234,의류,12168,4524,5372,8,7.7,8.1,2,25.1,LH,2393,1
03002,성동구,20241,의류,9669,3725,3349,1,7.9,11.0,0,21.6,LH,2652,0
03002,성동구,20242,의류,11376,4091,5077,4,6.9,8.3,1,21.9,LH,2718,1
03002,성동구,20243,의류,10620,3779,4791,7,8.8,2.3,3,25.8,LH,2652,1
03002,성동구,20244,의류,10374,3753,3558,9,8.3,8.6,7,25.8,LH,2222,0
03003,성동구,20231,커피-음료,9142,10746,6087,10,7.9,12.2,5,10.8,LL,3272,1
03003,성동구,20232,커피-음료,9625,9834,9462,5,13.9,7.0,3,10.0,LL,3264,1
03003,성동구,20233,커피-음료,9311,7964,8696,4,4.6,9.7,3,10.8,LL,3352,1
03003,성동구,20234,커피-음료,7264,9060,6135,8,5.1,14.3,4,11.3,LL,3623,1
03003,성동구,20241,커피-음료,8749,9623,5796,1,7.9,8.1,0,10.7,LL,3394,1
03003,성동구,20242,커피-음료,7962,7859,6689,8,9.4,3.8,6,11.1,LL,3520,1
03003,성동구,20243,커피-음료,8082,8693,7487,9,6.7,10.2,5,10.6,LL,3742,1
03003,성동구,20244,커피-음료,8448,7717,7038,9,7.3,5.2,4,10.5,LL,3751,1
03003,성동구,20231,한식음식점,8652,8403,5920,7,11.3,8.6,4,10.7,LL,3739,1
03003,성동구,20232,한식음식점,7842,9208,5466,7,6.9,5.9,0,10.7,LL,4229,1
03003,성동구,20233,한식음식점,8358,9154,6551,7,8.9,9.3,8,11.8,LL,4227,1
03003,성동구,20234,한식음식점,7864,6762,6521,7,8.7,12.8,2,10.5,LL,4290,1
03003,성동구,20241,한식음식점,7495,7901,5545,4,6.8,11.7,2,10.4,LL,4285,1
03003,성동구,20242,한식음식점,9471,10796,8253,9,9.3,8.1,6,11.3,LL,4282,1
03003,성동구,20243,한식음식점,7605,6513,6358,12,10.9,9.2,7,11.5,LL,4349,1
03003,성동구,20244,한식음식점,8837,10103,8080,8,9.0,9.1,6,9.8,LL,4585,1
03003,성동구,20231,분식전문점,8508,9557,6887,3,12.9,9.1,1,11.4,LL,2212,1
03003,성동구,20232,분식전문점,7980,8115,6684,4,8.7,7.8,2,10.2,LL,2575,1
03003,성동구,20233,분식전문점,7456,8627,5900,7,7.9,5.7,3,10.1,LL,2452,1
03003,성동구,20234,분식전문점,8689,9631,8168,12,5.7,5.7,6,10.6,LL,2413,0
03003,성동구,20241,분식전문점,7774,7944,5386,8,5.5,6.6,4,11.4,LL,2373,0
03003,성동구,20242,분식전문점,9066,11139,6094,4,9.3,4.0,3,11.2,LL,2563,1
03003,성동구,20243,분식전문점,8870,8619,8150,9,11.8,6.6,5,9.8,LL,2281,1
03003,성동구,20244,분식전문점,9339,10847,8969,9,11.4,6.3,6,10.1,LL,2649,1
03003,성동구,20231,제과점,9619,9669,7625,9,7.0,10.9,2,11.3,LL,3096,1
03003,성동구,20232,제과점,8226,7483,7756,9,6.2,9.5,2,10.4,LL,2806,1
03003,성동구,20233,제과점,9632,11822,6761,4,9.4,7.2,3,10.3,LL,3449,1
03003,성동구,20234,제과점,8549,8579,7685,2,7.1,9.4,2,9.9,LL,3343,1
03003,성동구,20241,제과점,7791,9798,6199,5,9.7,7.3,2,10.3,LL,3162,1
03003,성동구,20242,제과점,9123,9108,7766,5,4.8,5.5,4,10.3,LL,3255,1
03003,성동구,20243,제과점,8255,8277,6248,4,9.1,6.6,2,10.8,LL,3482,1
03003,성동구,20244,제과점,9633,11599,7666,10,8.2,8.6,4,11.7,LL,3177,1
03003,성동구,20231,치킨전문점,8212,9720,5510,16,9.1,9.7,10,10.1,LL,2217,0
03003,성동구,20232,치킨전문점,9642,8287,9081,10,7.1,3.1,4,9.8,LL,2614,1
03003,성동구,20233,치킨전문점,7433,8755,5873,7,11.1,4.5,6,10.9,LL,2414,1
03003,성동구,20234,치킨전문점,7543,7429,6241,3,6.9,7.0,2,10.0,LL,2805,1
03003,성동구,20241,치킨전문점,8136,9813,5531,7,12.8,4.1,3,10.0,LL,3048,1
03003,성동구,20242,치킨전문점,8831,9734,7328,11,6.9,2.6,7,11.1,LL,2844,1
03003,성동구,20243,치킨전문점,7332,8387,5625,5,7.8,6.4,3,10.4,LL,2759,0
03003,성동구,20244,치킨전문점,8149,9482,6431,9,9.4,7.0,4,11.7,LL,2825,1
03003,성동구,20231,의류,9196,8133,8875,4,3.7,5.3,3,10.0,LL,2405,1
03003,성동구,20232,의류,8756,10085,6240,4,10.9,8.4,3,11.2,LL,2810,1
03003,성동구,20233,의류,9141,10089,6795,5,5.7,7.2,2,11.8,LL,2879,1
03003,성동구,20234,의류,9084,10003,6339,5,3.5,8.9,2,10.9,LL,2809,0
03003,성동구,20241,의류,9107,8958,7487,5,12.3,7.5,0,10.6,LL,3282,1
03003,성동구,20242,의류,8543,10865,6900,11,7.8,3.0,0,11.7,LL,3080,1
03003,성동구,20243,의류,8983,8199,7957,5,11.0,7.6,4,11.4,LL,2700,0
03003,성동구,20244,의류,7227,7634,4941,8,7.9,11.2,3,10.7,LL,2777,1
03004,성동구,20231,커피-음료,6143,3370,3591,10,7.9,7.9,10,25.1,HL,2405,1
03004,성동구,20232,커피-음료,5927,3334,3161,3,8.4,4.3,2,22.8,HL,3083,1
03004,성동구,20233,커피-음료,6954,4015,3726,5,10.8,2.8,0,24.5,HL,3158,1
03004,성동구,20234,커피-음료,6031,3037,4755,7,4.4,5.8,3,24.0,HL,3012,1
03004,성동구,20241,커피-음료,5547,3169,2962,9,6.1,4.0,8,24.3,HL,2622,1
03004,성동구,20242,커피-음료,5468,3034,3915,7,9.4,5.4,6,24.4,HL,2739,1
03004,성동구,20243,커피-음료,5544,3022,3619,5,8.6,2.2,4,21.9,HL,3088,0
03004,성동구,20244,커피-음료,6835,3271,4824,7,7.6,3.0,4,25.9,HL,2787,1
03004,성동구,20231,한식음식점,5304,2077,3016,4,7.0,9.8,3,22.2,HL,3704,1
03004,성동구,20232,한식음식점,5170,2365,3631,5,10.5,4.2,3,21.9,HL,3594,1
03004,성동구,20233,한식음식점,5832,2857,3136,8,6.3,5.4,5,22.7,HL,3859,1
03004,성동구,20234,한식음식점,6598,3341,3499,8,1.7,5.5,2,23.6,HL,3956,1
03004,성동구,20241,한식음식점,6475,3773,3479,8,9.0,1.0,9,22.2,HL,3692,1
03004,성동구,20242,한식음식점,5820,3078,3320,9,3.4,4.4,2,25.9,HL,3557,1
03004,성동구,20243,한식음식점,6757,3933,5314,7,2.8,1.0,4,25.3,HL,3967,1
03004,성동구,20244,한식음식점,6131,3151,4345,9,11.6,4.5,3,24.4,HL,4069,1
03004,성동구,20231,분식전문점,6163,2775,3938,9,3.9,7.6,7,25.8,HL,1942,0
03004,성동구,20232,분식전문점,6283,3015,4885,12,9.8,5.6,7,22.2,HL,2182,1
03004,성동구,20233,분식전문점,5773,3340,3352,8,9.8,6.9,5,23.9,HL,2234,1
03004,성동구,20234,분식전문점,5550,2195,4131,8,7.8,1.0,3,23.7,HL,1879,1
03004,성동구,20241,분식전문점,5211,2500,4030,3,7.6,9.7,3,24.4,HL,2295,0
03004,성동구,20242,분식전문점,6339,3320,3734,7,7.0,4.0,4,24.8,HL,2126,0
03004,성동구,20243,분식전문점,5896,3161,4552,7,11.1,3.2,2,25.5,HL,2533,1
03004,성동구,20244,분식전문점,6415,2974,4797,5,13.8,6.3,1,25.8,HL,2322,1
03004,성동구,20231,제과점,5944,2405,4408,10,5.4,4.1,5,25.0,HL,2665,1
03004,성동구,20232,제과점,5686,2283,3495,8,6.7,5.2,3,26.3,HL,2576,1
03004,성동구,20233,제과점,6758,2721,3765,9,10.6,6.2,4,23.8,HL,2481,0
03004,성동구,20234,제과점,6602,2855,3913,5,8.4,6.1,2,25.0,HL,3037,1
03004,성동구,20241,제과점,5728,2705,3168,4,10.2,6.4,2,22.7,HL,3069,1
03004,성동구,20242,제과점,5983,3073,4012,10,7.0,9.8,5,23.3,HL,2949,1
03004,성동구,20243,제과점,6930,3020,3945,9,7.0,4.7,4,22.2,HL,2643,1
03004,성동구,20244,제과점,6223,3097,4359,5,5.9,5.0,0,22.7,HL,3059,1
03004,성동구,20231,치킨전문점,6990,3282,4672,7,8.8,10.7,4,23.7,HL,2634,0
03004,성동구,20232,치킨전문점,5514,2860,4081,5,7.4,2.0,4,23.1,HL,2423,1
03004,성동구,20233,치킨전문점,6942,2896,5424,7,5.1,5.6,2,24.6,HL,2423,1
03004,성동구,20234,치킨전문점,5522,2290,3988,3,4.7,4.5,3,21.7,HL,2717,1
03004,성동구,20241,치킨전문점,6968,3333,4678,1,5.4,3.5,1,22.2,HL,2277,1
03004,성동구,20242,치킨전문점,5327,2944,4061,14,7.2,7.4,9,25.9,HL,2044,1
03004,성동구,20243,치킨전문점,5890,2559,3378,15,9.5,1.6,7,25.9,HL,2396,1
03004,성동구,20244,치킨전문점,6039,3010,4238,9,5.8,1.0,5,23.7,HL,2591,1
03004,성동구,20231,의류,5521,2602,3279,12,8.6,3.0,14,25.8,HL,1915,1
03004,성동구,20232,의류,6286,2729,4164,8,10.2,1.2,5,22.2,HL,1797,1
03004,성동구,20233,의류,6950,3052,4675,5,6.7,1.0,4,22.6,HL,2575,1
03004,성동구,20234,의류,6614,3409,3738,7,11.2,3.0,2,25.3,HL,2163,1
03004,성동구,20241,의류,5900,2651,3282,5,7.7,5.2,2,22.9,HL,3004,1
03004,성동구,20242,의류,5525,2550,3514,4,3.6,1.6,3,24.0,HL,2570,1
03004,성동구,20243,의류,5981,3338,3700,8,9.5,5.8,9,23.1,HL,2116,1
03004,성동구,20244,의류,5249,2463,3424,8,5.0,9.9,2,25.4,HL,2549,1
03005,성동구,20231,커피-음료,8521,8038,3634,5,11.1,4.7,2,27.3,HL,2831,1
03005,성동구,20232,커피-음료,10163,13458,5024,9,11.8,1.6,4,29.3,HL,2967,1
03005,성동구,20233,커피-음료,8708,9986,4869,2,5.7,2.8,1,28.3,HL,2885,1
03005,성동구,20234,커피-음료,7970,8093,3406,5,11.1,3.7,2,32.1,HL,3118,1
03005,성동구,20241,커피-음료,9328,8669,5645,2,6.5,2.1,1,30.7,HL,2874,1
03005,성동구,20242,커피-음료,8789,10403,4988,11,11.7,10.8,4,27.0,HL,3279,1
03005,성동구,20243,커피-음료,8205,10763,3764,3,12.8,9.3,2,28.5,HL,3159,0
03005,성동구,20244,커피-음료,8389,8605,3719,5,11.1,6.5,1,28.5,HL,2982,1
03005,성동구,20231,한식음식점,10001,11131,5734,5,15.3,5.2,5,28.6,HL,3911,1
03005,성동구,20232,한식음식점,8762,8525,4029,8,6.5,5.4,8,28.4,HL,3461,1
03005,성동구,20233,한식음식점,10334,10806,5574,5,11.4,3.0,2,30.3,HL,3730,1
03005,성동구,20234,한식음식점,9067,10646,4316,4,6.7,7.3,0,27.5,HL,4545,1
03005,성동구,20241,한식음식점,7889,7509,4850,8,4.7,1.0,4,27.4,HL,4126,1
03005,성동구,20242,한식음식점,10163,11017,5768,5,7.5,6.7,2,31.4,HL,4146,1
03005,성동구,20243,한식음식점,9205,9589,5504,8,9.6,1.0,7,31.4,HL,3731,1
03005,성동구,20244,한식음식점,8960,10332,3983,12,4.6,4.9,6,32.6,HL,3878,1
03005,성동구,20231,분식전문점,9406,12070,5372,3,5.5,10.3,2,32.2,HL,2278,1
03005,성동구,20232,분식전문점,9670,10311,4214,9,11.2,5.2,2,27.9,HL,2640,1
03005,성동구,20233,분식전문점,9866,11263,4883,5,1.0,7.6,3,30.1,HL,2340,1
03005,성동구,20234,분식전문점,9664,12159,4284,4,12.6,3.8,1,30.7,HL,2317,1
03005,성동구,20241,분식전문점,9238,8811,4216,11,9.8,3.3,5,32.4,HL,2277,1
03005,성동구,20242,분식전문점,8479,11216,4029,14,7.1,4.7,7,28.5,HL,1955,1
03005,성동구,20243,분식전문점,9980,12905,4284,7,12.3,1.9,3,27.1,HL,2639,1
03005,성동구,20244,분식전문점,7955,8235,4642,5,8.9,6.4,0,31.9,HL,2101,1
03005,성동구,20231,제과점,8248,7777,4838,9,6.4,1.0,4,28.4,HL,2741,1
03005,성동구,20232,제과점,8466,10925,5197,7,6.1,1.0,4,32.2,HL,2572,1
03005,성동구,20233,제과점,10141,12717,6072,8,6.0,5.8,1,27.3,HL,2716,1
03005,성동구,20234,제과점,10018,13444,5582,12,7.0,11.6,8,32.7,HL,2701,0
03005,성동구,20241,제과점,8293,7672,3602,5,8.3,6.0,8,27.9,HL,2654,1
03005,성동구,20242,제과점,10363,12573,4395,10,2.7,1.5,8,27.4,HL,2631,1
03005,성동구,20243,제과점,8434,7949,4824,7,8.3,1.9,4,31.6,HL,2811,1
03005,성동구,20244,제과점,8184,8192,3508,8,5.7,4.3,7,29.9,HL,2525,1
03005,성동구,20231,치킨전문점,8949,10330,4409,18,10.2,8.3,10,30.0,HL,2337,1
03005,성동구,20232,치킨전문점,8886,8154,4259,7,7.3,6.5,2,30.5,HL,1885,1
03005,성동구,20233,치킨전문점,8950,9205,4675,2,8.0,6.0,0,31.9,HL,2628,0
03005,성동구,20234,치킨전문점,9888,9649,5964,1,5.0,6.3,0,28.3,HL,2538,1
03005,성동구,20241,치킨전문점,8578,11394,3814,4,8.5,2.5,0,27.2,HL,2461,1
03005,성동구,20242,치킨전문점,9427,11674,5194,2,9.5,2.8,0,30.4,HL,2712,1
03005,성동구,20243,치킨전문점,10290,11303,4475,10,6.7,2.1,5,27.3,HL,2389,1
03005,성동구,20244,치킨전문점,8436,8532,3581,4,9.7,4.6,3,28.1,HL,2342,1
03005,성동구,20231,의류,8228,9668,3407,4,3.2,3.9,2,28.5,HL,2402,1
03005,성동구,20232,의류,7886,8179,3674,5,13.4,7.6,6,30.3,HL,2120,0
03005,성동구,20233,의류,8280,10672,4321,4,7.5,4.6,4,29.1,HL,2409,0
03005,성동구,20234,의류,9175,11551,4655,9,8.7,1.7,4,27.2,HL,2258,1
03005,성동구,20241,의류,10113,12433,5988,5,3.9,2.5,2,29.2,HL,2485,1
03005,성동구,20242,의류,8673,8845,4779,3,9.0,1.8,1,32.1,HL,2548,1
03005,성동구,20243,의류,10203,11596,4424,9,12.6,3.5,3,32.7,HL,2546,0
03005,성동구,20244,의류,8829,9515,5221,8,7.3,1.5,4,32.1,HL,2512,1
03006,성동구,20231,커피-음료,5813,5156,3354,8,11.6,2.5,3,17.2,HL,2689,1
03006,성동구,20232,커피-음료,4747,3926,2376,7,11.4,5.8,5,18.7,HL,2798,1
03006,성동구,20233,커피-음료,5878,5100,3389,7,9.6,5.9,7,17.5,HL,2988,1
03006,성동구,20234,커피-음료,5958,6453,3020,7,8.6,2.2,9,17.4,HL,2908,1
03006,성동구,20241,커피-음료,5829,4792,3044,7,8.6,2.0,8,16.8,HL,2695,1
03006,성동구,20242,커피-음료,5084,5664,2388,9,6.5,5.0,2,15.8,HL,3172,1
03006,성동구,20243,커피-음료,6066,6038,3575,8,16.0,6.3,6,16.1,HL,2809,1
03006,성동구,20244,커피-음료,6078,5469,3626,9,6.9,2.9,5,18.0,HL,3305,1
03006,성동구,20231,한식음식점,4726,4707,2182,8,14.2,3.8,3,16.8,HL,3809,1
03006,성동구,20232,한식음식점,5731,6316,2746,7,7.9,4.6,3,16.4,HL,4151,1
03006,성동구,20233,한식음식점,4675,3836,2188,11,8.2,6.5,9,16.0,HL,3660,1
03006,성동구,20234,한식음식점,5129,5531,2756,4,2.1,5.4,0,16.2,HL,3931,1
03006,성동구,20241,한식음식점,4901,5609,2201,11,9.8,2.2,3,17.2,HL,4077,1
03006,성동구,20242,한식음식점,5547,4958,3070,3,9.9,2.8,1,16.3,HL,4550,1
03006,성동구,20243,한식음식점,4671,5114,2472,5,7.1,5.8,0,18.4,HL,3937,1
03006,성동구,20244,한식음식점,5133,4722,2299,7,5.8,1.0,5,17.5,HL,4389,1
03006,성동구,20231,분식전문점,4795,4111,2246,9,15.2,9.8,2,16.1,HL,2191,1
03006,성동구,20232,분식전문점,4918,4334,2682,8,8.4,1.9,7,15.9,HL,2273,1
03006,성동구,20233,분식전문점,5005,4535,2251,3,11.3,2.6,0,16.7,HL,2579,1
03006,성동구,20234,분식전문점,4957,4438,2816,5,8.3,1.9,2,18.5,HL,2244,1
03006,성동구,20241,분식전문점,5169,5355,3114,9,12.3,2.9,4,18.4,HL,2506,1
03006,성동구,20242,분식전문점,5814,5334,3518,7,7.8,2.7,6,16.8,HL,2089,1
03006,성동구,20243,분식전문점,6085,6971,3352,4,3.6,5.8,2,15.4,HL,2424,1
03006,성동구,20244,분식전문점,4969,4956,2355,10,6.4,4.3,3,16.1,HL,2181,0
03006,성동구,20231,제과점,5356,5534,2704,9,4.1,3.5,7,18.1,HL,2860,1
03006,성동구,20232,제과점,5071,5668,2268,5,3.2,3.2,3,15.3,HL,3198,1
03006,성동구,20233,제과점,5757,5349,3177,3,12.0,2.1,3,18.7,HL,2615,1
03006,성동구,20234,제과점,5311,4322,2679,16,4.6,7.2,7,18.3,HL,2403,1
03006,성동구,20241,제과점,5743,6319,2765,8,5.4,5.3,2,17.9,HL,3234,1
03006,성동구,20242,제과점,6168,5994,2830,19,13.5,2.6,13,16.9,HL,2852,1
03006,성동구,20243,제과점,5059,5695,3031,5,13.5,1.0,3,17.5,HL,3103,1
03006,성동구,20244,제과점,6077,5667,3564,5,1.2,9.5,3,18.6,HL,3112,1
03006,성동구,20231,치킨전문점,6061,5290,2506,8,9.4,1.0,6,18.6,HL,2484,1
03006,성동구,20232,치킨전문점,5854,6293,3473,5,10.0,1.0,3,16.0,HL,2589,1
03006,성동구,20233,치킨전문점,6189,6613,3241,8,1.0,8.7,7,18.7,HL,2353,1
03006,성동구,20234,치킨전문점,5863,4661,2719,8,6.2,1.0,2,16.1,HL,2588,1
03006,성동구,20241,치킨전문점,5201,4900,2447,9,10.7,2.9,7,15.6,HL,2811,1
03006,성동구,20242,치킨전문점,4842,3843,2277,9,7.5,4.2,3,18.4,HL,2455,1
03006,성동구,20243,치킨전문점,5359,5150,2922,7,5.8,4.1,2,16.4,HL,2441,1
03006,성동구,20244,치킨전문점,5301,4379,2856,10,8.4,1.0,4,16.1,HL,2695,0
03006,성동구,20231,의류,5302,5528,3007,7,10.0,2.9,4,18.3,HL,2613,1
03006,성동구,20232,의류,5025,4543,2719,4,6.0,1.0,4,15.8,HL,2506,1
03006,성동구,20233,의류,5043,5429,2508,8,11.8,1.0,6,15.9,HL,2486,1
03006,성동구,20234,의류,5330,5263,3235,9,3.6,4.9,5,16.8,HL,2696,1
03006,성동구,20241,의류,5033,5345,2781,8,8.2,1.7,5,18.1,HL,2533,1
03006,성동구,20242,의류,4977,5652,2818,8,6.4,1.3,5,16.1,HL,2592,1
03006,성동구,20243,의류,5164,4844,2532,5,7.2,1.0,4,16.0,HL,2694,0
03006,성동구,20244,의류,5104,3987,2881,3,8.4,3.0,3,18.3,HL,2591,1
03007,성동구,20231,커피-음료,6436,4540,3701,5,5.6,8.1,0,24.1,LH,3404,1
03007,성동구,20232,커피-음료,6098,5339,3535,7,4.9,9.6,3,23.4,LH,2821,0
03007,성동구,20233,커피-음료,6479,5190,3329,9,4.4,7.7,5,26.1,LH,3128,1
03007,성동구,20234,커피-음료,6643,4899,2817,5,9.5,10.6,4,25.9,LH,2821,0
03007,성동구,20241,커피-음료,6388,5954,3771,5,10.6,11.7,5,22.3,LH,3218,1
03007,성동구,20242,커피-음료,6898,4570,2945,8,7.6,9.0,8,24.0,LH,2828,1
03007,성동구,20243,커피-음료,6846,5608,3292,7,12.0,8.4,9,23.6,LH,2688,0
03007,성동구,20244,커피-음료,5441,4729,3196,10,7.4,1.0,6,25.6,LH,3213,1
03007,성동구,20231,한식음식점,6559,5631,3122,17,3.9,3.4,10,23.5,LH,3408,1
03007,성동구,20232,한식음식점,6597,4947,3276,9,6.4,5.2,1,26.2,LH,3743,0
03007,성동구,20233,한식음식점,5961,5173,3442,8,6.1,4.0,6,25.5,LH,3529,1
03007,성동구,20234,한식음식점,6619,5403,4030,8,8.2,8.9,5,24.3,LH,3395,1
03007,성동구,20241,한식음식점,6696,4843,3090,10,6.8,11.8,6,22.5,LH,3795,1
03007,성동구,20242,한식음식점,5411,4707,2696,11,10.5,3.4,6,23.5,LH,3950,1
03007,성동구,20243,한식음식점,5450,4917,2431,2,9.8,7.6,0,22.3,LH,4429,1
03007,성동구,20244,한식음식점,6914,5861,3630,5,8.1,6.0,5,23.9,LH,3686,1
03007,성동구,20231,분식전문점,6078,5323,3056,10,10.6,5.7,4,23.3,LH,1891,1
03007,성동구,20232,분식전문점,6266,4598,3491,3,3.1,9.3,1,23.7,LH,2059,1
03007,성동구,20233,분식전문점,6596,5241,3801,11,9.3,10.0,4,23.9,LH,2127,1
03007,성동구,20234,분식전문점,5729,3919,2601,5,8.5,4.2,2,22.5,LH,2025,1
03007,성동구,20241,분식전문점,6370,5153,3483,7,10.6,8.6,3,25.1,LH,2150,0
03007,성동구,20242,분식전문점,5733,4477,3394,11,3.7,12.8,10,24.7,LH,2061,0
03007,성동구,20243,분식전문점,6221,5674,3739,7,5.4,9.7,3,26.6,LH,2077,0
03007,성동구,20244,분식전문점,6352,5908,3279,4,9.2,3.3,4,26.7,LH,2428,0
03007,성동구,20231,제과점,7149,4893,4089,4,11.1,11.4,5,23.2,LH,2620,1
03007,성동구,20232,제과점,7012,5048,3192,8,1.0,7.7,5,26.1,LH,2312,1
03007,성동구,20233,제과점,6985,5235,3894,5,8.2,10.7,2,23.4,LH,2893,1
03007,성동구,20234,제과점,6095,4144,3482,8,1.0,4.9,4,23.0,LH,2851,1
03007,성동구,20241,제과점,6684,4445,3343,4,8.7,12.3,1,25.3,LH,2882,0
03007,성동구,20242,제과점,6066,4610,3214,7,6.8,7.8,7,26.8,LH,2887,1
03007,성동구,20243,제과점,6428,5896,3724,5,13.1,3.5,2,22.3,LH,2816,1
03007,성동구,20244,제과점,5705,4693,2844,5,5.5,6.9,3,23.8,LH,3030,1
03007,성동구,20231,치킨전문점,5723,4107,3149,8,1.6,4.9,1,23.6,LH,2651,1
03007,성동구,20232,치킨전문점,6035,4308,3223,9,9.6,6.5,7,24.3,LH,2596,0
03007,성동구,20233,치킨전문점,5957,5067,2469,3,7.7,9.2,1,26.4,LH,2729,1
03007,성동구,20234,치킨전문점,6137,4574,3199,8,1.0,6.6,6,27.1,LH,1812,1
03007,성동구,20241,치킨전문점,6831,5743,3659,11,3.9,12.6,12,25.8,LH,2189,0
03007,성동구,20242,치킨전문점,5916,4022,2451,9,8.8,3.1,6,26.4,LH,2602,1
03007,성동구,20243,치킨전문점,5909,4661,3285,12,4.2,9.2,6,26.3,LH,2295,0
03007,성동구,20244,치킨전문점,5888,5362,3349,9,9.4,5.4,5,23.0,LH,2198,1
03007,성동구,20231,의류,6397,5622,2756,8,13.7,6.2,2,24.0,LH,2487,1
03007,성동구,20232,의류,6895,4688,3871,5,11.4,1.0,4,26.6,LH,2184,1
03007,성동구,20233,의류,5780,4751,2915,10,7.9,3.1,4,25.4,LH,2380,0
03007,성동구,20234,의류,5447,3890,2562,8,11.9,7.2,8,25.9,LH,2093,1
03007,성동구,20241,의류,6319,4044,3460,4,12.4,9.7,3,24.2,LH,2270,1
03007,성동구,20242,의류,6434,4868,3284,9,7.3,5.8,4,24.5,LH,2427,1
03007,성동구,20243,의류,6453,5166,2909,8,10.9,7.2,6,26.0,LH,2213,1
03007,성동구,20244,의류,5885,5088,3364,4,5.3,9.5,3,26.0,LH,2515,1
03008,성동구,20231,커피-음료,3155,2354,3545,8,5.3,9.4,3,18.5,LL,2525,1
03008,성동구,20232,커피-음료,3358,1844,3281,4,10.1,9.8,5,17.7,LL,2726,0
03008,성동구,20233,커피-음료,3886,2817,4427,7,8.0,8.7,3,16.8,LL,3305,1
03008,성동구,20234,커피-음료,3566,1977,3891,7,8.6,2.8,3,17.6,LL,3369,1
03008,성동구,20241,커피-음료,3600,1991,3867,7,9.2,5.4,4,15.6,LL,3341,1
03008,성동구,20242,커피-음료,3228,2235,3632,4,9.8,8.0,2,18.4,LL,3358,1
03008,성동구,20243,커피-음료,4180,2814,4298,4,9.9,9.8,4,17.2,LL,3030,1
03008,성동구,20244,커피-음료,3983,2682,3933,11,10.8,3.4,4,16.8,LL,3295,1
03008,성동구,20231,한식음식점,3189,2227,2986,5,2.1,7.6,4,18.0,LL,4215,1
03008,성동구,20232,한식음식점,3398,2096,3970,3,7.3,8.6,0,17.3,LL,4565,1
03008,성동구,20233,한식음식점,4178,2202,4204,5,3.1,10.4,4,16.2,LL,3896,1
03008,성동구,20234,한식음식점,3551,1839,2988,7,5.5,5.8,4,18.2,LL,3931,1
03008,성동구,20241,한식음식점,3275,1900,4084,5,9.6,6.0,6,16.5,LL,3937,1
03008,성동구,20242,한식음식점,3952,2633,3714,7,7.6,1.7,6,18.7,LL,3939,1
03008,성동구,20243,한식음식점,3778,2319,4249,4,2.8,5.5,2,18.2,LL,4363,1
03008,성동구,20244,한식음식점,4185,2332,4789,2,9.2,11.2,0,17.6,LL,4691,1
03008,성동구,20231,분식전문점,3625,2501,4330,5,6.8,3.7,3,15.6,LL,2133,1
03008,성동구,20232,분식전문점,4056,2252,4349,5,9.4,8.6,4,17.9,LL,1965,0
03008,성동구,20233,분식전문점,3716,2428,3540,3,5.3,7.8,2,18.7,LL,2174,1
03008,성동구,20234,분식전문점,4097,2889,4285,3,13.3,6.1,4,16.6,LL,2005,1
03008,성동구,20241,분식전문점,3657,2589,3263,1,17.3,7.0,0,16.5,LL,2383,1
03008,성동구,20242,분식전문점,3746,2607,4498,8,7.2,6.0,6,17.4,LL,2457,0
03008,성동구,20243,분식전문점,4109,2555,4573,9,6.9,7.8,10,15.7,LL,1838,0
03008,성동구,20244,분식전문점,4080,2343,3691,8,3.3,5.6,6,17.9,LL,2310,0
03008,성동구,20231,제과점,3939,2048,3737,5,3.3,5.5,1,18.5,LL,2494,1
03008,성동구,20232,제과점,3805,2288,3718,5,2.4,5.2,2,15.8,LL,3027,1
03008,성동구,20233,제과점,3749,2094,3571,8,11.9,7.3,5,18.0,LL,2525,1
03008,성동구,20234,제과점,4205,2261,4545,9,8.6,9.7,4,17.3,LL,3056,0
03008,성동구,20241,제과점,3475,2455,4131,5,5.0,3.8,4,17.7,LL,2555,1
03008,성동구,20242,제과점,3891,2188,3732,9,8.3,6.6,6,16.7,LL,2550,1
03008,성동구,20243,제과점,3648,2724,3668,8,12.1,7.3,7,15.5,LL,2610,1
03008,성동구,20244,제과점,3789,2454,4300,5,1.5,8.1,3,18.6,LL,3054,1
03008,성동구,20231,치킨전문점,3325,2079,4044,9,12.8,4.8,2,18.2,LL,2492,1
03008,성동구,20232,치킨전문점,3591,2241,3317,3,8.2,6.3,1,18.6,LL,2383,1
03008,성동구,20233,치킨전문점,3307,2321,3572,5,4.3,3.7,5,18.4,LL,2897,1
03008,성동구,20234,치킨전문점,3204,1961,3834,4,8.0,3.6,2,15.8,LL,2533,1
03008,성동구,20241,치킨전문점,3824,2196,4425,5,8.8,1.0,4,16.8,LL,2345,1
03008,성동구,20242,치킨전문점,3242,2142,2726,5,8.0,12.2,3,15.8,LL,2859,1
03008,성동구,20243,치킨전문점,3909,2052,4796,9,10.9,6.3,8,16.0,LL,2655,1
03008,성동구,20244,치킨전문점,4107,2683,4207,3,9.8,2.2,2,16.5,LL,2403,1
03008,성동구,20231,의류,3161,2287,3699,7,7.5,6.5,3,18.5,LL,2415,1
03008,성동구,20232,의류,3190,1768,3440,15,8.7,10.8,8,18.8,LL,2129,1
03008,성동구,20233,의류,4146,2580,5092,4,4.2,10.4,3,17.4,LL,2263,1
03008,성동구,20234,의류,4099,2760,5064,2,11.9,7.2,2,17.2,LL,2577,0
03008,성동구,20241,의류,3518,2461,3400,7,10.8,9.8,2,17.0,LL,2758,1
03008,성동구,20242,의류,4093,2710,4332,7,8.9,7.0,1,15.7,LL,2470,1
03008,성동구,20243,의류,3726,1979,3687,7,8.3,4.3,1,17.7,LL,2591,1
03008,성동구,20244,의류,3295,2260,3296,1,2.5,4.7,0,15.8,LL,2623,1
04000,영등포구,20231,커피-음료,8491,6023,4747,11,10.7,4.4,7,13.9,LL,2891,1
04000,영등포구,20232,커피-음료,7699,5882,4527,4,9.2,10.4,1,15.1,LL,3104,1
04000,영등포구,20233,커피-음료,7300,4438,5891,12,8.4,1.0,8,13.8,LL,3105,1
04000,영등포구,20234,커피-음료,7560,5601,5153,7,7.7,8.2,6,15.4,LL,2752,0
04000,영등포구,20241,커피-음료,6610,4011,5320,2,5.7,10.0,1,15.4,LL,3350,1
04000,영등포구,20242,커피-음료,6651,5356,4800,5,8.2,8.1,0,15.0,LL,3628,1
04000,영등포구,20243,커피-음료,8635,5267,5237,3,1.3,6.6,2,14.5,LL,3704,1
04000,영등포구,20244,커피-음료,7444,4232,4656,7,3.4,12.3,6,15.2,LL,2686,1
04000,영등포구,20231,한식음식점,7549,5824,5575,9,8.2,3.1,4,14.8,LL,4159,1
04000,영등포구,20232,한식음식점,6525,5443,5289,6,11.2,3.2,5,15.2,LL,3714,1
04000,영등포구,20233,한식음식점,7687,4452,5885,4,6.8,3.5,0,13.5,LL,4208,1
04000,영등포구,20234,한식음식점,8527,6048,5729,10,11.3,8.8,6,13.1,LL,4225,1
04000,영등포구,20241,한식음식점,6524,5270,4658,9,7.1,7.7,2,14.1,LL,3682,1
04000,영등포구,20242,한식음식점,8381,5074,6534,4,8.6,8.9,3,15.3,LL,3908,1
04000,영등포구,20243,한식음식점,8004,5598,6186,10,2.8,9.2,5,14.3,LL,4272,1
04000,영등포구,20244,한식음식점,6684,5498,3901,6,6.4,6.8,0,12.7,LL,4210,1
04000,영등포구,20231,분식전문점,6876,5481,3893,5,4.1,4.7,4,13.9,LL,2205,1
04000,영등포구,20232,분식전문점,7356,5418,5127,5,6.3,6.9,1,13.5,LL,2326,1
04000,영등포구,20233,분식전문점,7208,4476,4752,7,10.6,1.0,6,14.2,LL,2317,1
04000,영등포구,20234,분식전문점,8006,5119,5182,11,9.5,5.9,12,14.6,LL,1770,0
04000,영등포구,20241,분식전문점,7707,5370,5679,3,4.7,3.7,4,13.8,LL,2223,0
04000,영등포구,20242,분식전문점,8209,6712,6768,7,6.7,7.9,5,13.4,LL,2385,1
04000,영등포구,20243,분식전문점,8715,6786,6428,2,6.9,2.8,2,15.5,LL,2494,1
04000,영등포구,20244,분식전문점,7970,6044,6244,5,11.0,7.8,2,13.3,LL,2739,0
04000,영등포구,20231,제과점,8166,5723,6649,4,2.8,7.7,3,14.3,LL,3045,1
04000,영등포구,20232,제과점,6911,5180,4666,5,10.8,9.9,1,12.7,LL,2922,1
04000,영등포구,20233,제과점,8543,5633,6073,9,5.7,5.1,4,13.4,LL,2701,0
04000,영등포구,20234,제과점,7979,5899,4698,3,14.3,9.5,2,14.0,LL,2963,1
04000,영등포구,20241,제과점,7121,4233,5879,13,9.7,1.0,10,14.7,LL,2523,1
04000,영등포구,20242,제과점,8699,5347,6510,6,7.3,8.8,0,13.4,LL,3541,1
04000,영등포구,20243,제과점,8009,4884,4881,3,8.6,10.7,3,14.0,LL,2886,1
04000,영등포구,20244,제과점,8061,5641,5476,6,7.2,7.3,5,15.1,LL,2823,0
04000,영등포구,20231,치킨전문점,8213,5770,5398,3,9.0,12.7,2,14.6,LL,2403,0
04000,영등포구,20232,치킨전문점,8269,6509,5855,7,10.3,8.7,2,14.9,LL,2485,1
04000,영등포구,20233,치킨전문점,6587,4720,3844,11,8.9,6.1,9,14.6,LL,2196,1
04000,영등포구,20234,치킨전문점,7726,4653,5372,6,11.5,6.1,3,14.4,LL,2615,1
04000,영등포구,20241,치킨전문점,8730,5279,7183,7,11.3,9.6,3,12.9,LL,2644,1
04000,영등포구,20242,치킨전문점,6775,4430,5309,4,4.1,4.3,3,15.1,LL,2546,0
04000,영등포구,20243,치킨전문점,8202,5216,5532,9,1.4,10.6,6,13.4,LL,2631,1
04000,영등포구,20244,치킨전문점,7998,4869,6316,7,11.6,9.6,1,14.7,LL,2802,0
04000,영등포구,20231,의류,7278,5874,4887,7,8.0,8.5,4,13.5,LL,2200,1
04000,영등포구,20232,의류,8489,5944,6455,3,5.6,7.0,3,15.5,LL,2512,1
04000,영등포구,20233,의류,8611,6578,6125,4,3.1,12.0,1,14.8,LL,2196,0
04000,영등포구,20234,의류,8226,5662,5285,9,4.6,5.5,2,13.2,LL,2288,1
04000,영등포구,20241,의류,7407,5418,4581,7,5.1,6.9,3,15.0,LL,2643,1
04000,영등포구,20242,의류,7870,6462,4941,3,8.3,1.3,3,14.2,LL,2734,1
04000,영등포구,20243,의류,7720,5203,5822,3,8.2,8.7,1,14.1,LL,2598,1
04000,영등포구,20244,의류,7830,4865,6136,2,7.7,13.2,1,13.7,LL,2798,0
04001,영등포구,20231,커피-음료,7403,4497,10385,9,11.3,12.1,4,26.2,LH,2513,1
04001,영등포구,20232,커피-음료,6933,3626,8374,5,6.4,1.0,8,23.8,LH,2894,0
04001,영등포구,20233,커피-음료,7793,4126,8305,4,6.3,7.4,6,24.8,LH,2997,0
04001,영등포구,20234,커피-음료,7059,4843,6732,4,8.8,1.0,0,26.3,LH,3086,1
04001,영등포구,20241,커피-음료,6759,3949,7066,4,5.8,10.3,1,27.3,LH,2903,1
04001,영등포구,20242,커피-음료,7434,4566,7521,14,10.7,8.7,3,28.7,LH,2822,0
04001,영등포구,20243,커피-음료,8478,4754,9116,9,6.8,2.5,12,24.8,LH,2672,1
04001,영등포구,20244,커피-음료,6690,3528,8075,4,8.3,8.2,1,27.5,LH,3008,0
04001,영등포구,20231,한식음식점,7136,4384,7794,5,6.9,11.2,3,27.3,LH,3762,1
04001,영등포구,20232,한식음식점,8268,4618,11558,9,3.1,7.6,10,24.6,LH,3554,0
04001,영등포구,20233,한식음식점,7730,5383,9654,6,3.6,6.4,5,23.8,LH,3688,0
04001,영등포구,20234,한식음식점,7477,4773,8479,5,8.4,3.7,3,26.2,LH,3559,1
04001,영등포구,20241,한식음식점,7060,5136,9137,5,6.2,8.0,4,28.3,LH,3717,1
04001,영등포구,20242,한식음식점,7563,4246,7264,7,6.7,8.8,6,27.9,LH,3361,1
04001,영등포구,20243,한식음식점,7512,5088,7180,7,7.6,4.3,1,26.5,LH,4053,1
04001,영등포구,20244,한식음식점,7272,5134,8572,14,14.1,5.9,8,25.2,LH,3733,1
04001,영등포구,20231,분식전문점,7311,4798,9563,6,5.1,10.5,3,28.2,LH,1993,0
04001,영등포구,20232,분식전문점,8462,5427,9933,3,11.5,4.2,2,24.6,LH,1817,0
04001,영등포구,20233,분식전문점,7987,5520,8127,5,7.8,6.4,1,26.6,LH,2110,1
04001,영등포구,20234,분식전문점,8286,5843,8527,5,10.9,4.2,4,25.1,LH,1806,1
04001,영등포구,20241,분식전문점,6651,4673,9226,6,3.7,6.7,6,28.1,LH,1888,1
04001,영등포구,20242,분식전문점,7844,5666,8496,4,7.0,8.5,3,25.1,LH,2035,0
04001,영등포구,20243,분식전문점,7078,4292,10050,11,13.5,4.7,6,27.6,LH,1895,1
04001,영등포구,20244,분식전문점,8370,5559,10599,9,7.9,10.2,10,26.4,LH,2164,1
04001,영등포구,20231,제과점,7618,4778,9543,11,4.7,7.5,6,28.4,LH,2654,1
04001,영등포구,20232,제과점,8224,4457,9174,6,7.4,7.0,4,24.9,LH,2650,1
04001,영등포구,20233,제과점,6586,4399,6358,7,9.5,3.3,5,28.6,LH,2460,1
04001,영등포구,20234,제과점,6899,5125,7178,2,1.0,7.0,2,25.8,LH,2915,0
04001,영등포구,20241,제과점,7205,4474,8247,5,7.4,10.9,2,27.0,LH,2531,1
04001,영등포구,20242,제과점,7643,4495,9646,4,9.2,11.9,3,24.8,LH,2919,1
04001,영등포구,20243,제과점,6881,4846,6679,7,7.9,5.2,4,28.6,LH,3052,1
04001,영등포구,20244,제과점,6994,3911,9919,6,5.2,8.5,3,24.2,LH,3169,1
04001,영등포구,20231,치킨전문점,6537,4503,8523,3,13.3,8.6,2,25.9,LH,2255,1
04001,영등포구,20232,치킨전문점,6610,3863,6705,5,10.6,10.8,2,25.3,LH,2408,1
04001,영등포구,20233,치킨전문점,7501,4777,8812,2,8.1,12.2,1,27.8,LH,2599,1
04001,영등포구,20234,치킨전문점,8450,6325,8474,4,9.5,5.2,2,23.8,LH,2307,1
04001,영등포구,20241,치킨전문점,7250,5415,7578,6,12.3,2.9,8,27.9,LH,2175,0
04001,영등포구,20242,치킨전문점,8162,5333,10210,12,10.5,10.0,6,27.8,LH,2406,1
04001,영등포구,20243,치킨전문점,8593,6092,8330,4,10.0,11.5,2,28.3,LH,2434,0
04001,영등포구,20244,치킨전문점,7715,4696,9964,4,3.6,5.0,1,27.3,LH,2912,1
04001,영등포구,20231,의류,7958,5394,10452,5,8.2,8.5,4,27.8,LH,2162,1
04001,영등포구,20232,의류,6743,3830,7313,7,7.4,5.1,3,27.5,LH,2315,1
04001,영등포구,20233,의류,7273,5500,10172,6,8.2,11.7,5,26.7,LH,2479,1
04001,영등포구,20234,의류,7703,4699,8632,3,8.5,11.8,2,28.3,LH,2152,0
04001,영등포구,20241,의류,7751,5296,7807,6,8.1,11.4,6,24.0,LH,2464,0
04001,영등포구,20242,의류,6545,4526,6495,7,3.6,1.8,2,27.8,LH,2071,0
04001,영등포구,20243,의류,7979,5641,10738,6,7.1,14.4,1,27.0,LH,2500,1
04001,영등포구,20244,의류,7866,4517,11233,9,6.6,4.1,2,26.1,LH,2520,1
04002,영등포구,20231,커피-음료,12447,5089,4478,7,2.5,2.5,2,21.4,HH,3105,1
04002,영등포구,20232,커피-음료,15186,4807,4637,10,8.4,1.0,8,20.8,HH,2939,1
04002,영등포구,20233,커피-음료,16597,5825,4811,5,9.0,2.1,2,21.4,HH,3264,1
04002,영등포구,20234,커피-음료,14860,4774,5656,1,10.4,7.8,1,18.6,HH,3128,1
04002,영등포구,20241,커피-음료,15788,6113,4623,3,3.4,5.7,0,18.3,HH,3519,1
04002,영등포구,20242,커피-음료,14167,5261,4035,1,8.7,1.0,0,19.4,HH,3449,1
04002,영등포구,20243,커피-음료,13999,6401,3656,3,7.8,4.1,3,20.9,HH,3390,1
04002,영등포구,20244,커피-음료,12849,5023,4428,10,6.7,4.3,9,19.2,HH,3206,1
04002,영등포구,20231,한식음식점,12742,5769,4325,12,3.6,3.9,4,21.3,HH,3856,1
04002,영등포구,20232,한식음식점,14355,4949,4790,4,8.8,5.1,3,18.7,HH,4065,1
04002,영등포구,20233,한식음식점,13436,5387,4646,6,9.6,3.1,5,19.1,HH,3950,1
04002,영등포구,20234,한식음식점,15744,4842,5556,10,1.5,7.6,5,18.5,HH,4061,1
04002,영등포구,20241,한식음식점,16368,6621,5629,6,7.8,3.5,4,21.0,HH,4187,1
04002,영등포구,20242,한식음식점,15426,6906,5398,9,7.0,3.9,6,20.9,HH,4299,1
04002,영등포구,20243,한식음식점,13604,5671,5192,4,11.5,4.6,0,20.5,HH,3970,1
04002,영등포구,20244,한식음식점,13917,5468,4699,7,14.8,5.1,5,20.3,HH,3993,1
04002,영등포구,20231,분식전문점,13034,5288,3575,5,10.5,5.6,3,20.2,HH,2241,1
04002,영등포구,20232,분식전문점,12311,5636,3798,9,6.3,9.7,6,19.2,HH,1924,0
04002,영등포구,20233,분식전문점,16411,5274,4667,4,11.7,3.1,8,19.4,HH,1890,1
04002,영등포구,20234,분식전문점,15843,5801,5967,4,9.0,6.7,1,20.8,HH,2442,1
04002,영등포구,20241,분식전문점,16529,6087,6147,12,9.9,6.2,10,18.9,HH,2162,1
04002,영등포구,20242,분식전문점,13315,4982,4192,11,7.3,5.2,5,19.3,HH,2394,1
04002,영등포구,20243,분식전문점,15107,6835,3973,3,8.6,2.5,2,19.9,HH,2654,1
04002,영등포구,20244,분식전문점,12802,4887,4626,6,9.7,1.0,4,20.7,HH,2300,1
04002,영등포구,20231,제과점,14150,4633,4643,5,7.8,4.7,2,21.2,HH,2996,1
04002,영등포구,20232,제과점,13597,4281,4800,4,10.9,4.4,3,18.9,HH,2765,1
04002,영등포구,20233,제과점,15405,4811,4051,6,13.1,7.8,3,20.2,HH,2787,1
04002,영등포구,20234,제과점,12842,5140,4698,3,10.5,1.0,3,18.1,HH,3129,1
04002,영등포구,20241,제과점,12353,3945,3181,4,6.5,2.3,5,19.3,HH,2855,1
04002,영등포구,20242,제과점,14302,6516,4046,7,9.6,8.2,5,18.8,HH,3181,1
04002,영등포구,20243,제과점,12473,4555,3558,4,11.1,4.0,2,20.2,HH,3229,1
04002,영등포구,20244,제과점,14112,6406,4099,4,9.1,3.9,3,20.3,HH,3068,0
04002,영등포구,20231,치킨전문점,13148,6028,3788,10,4.2,4.0,8,21.4,HH,2371,1
04002,영등포구,20232,치킨전문점,14172,4455,3658,11,8.1,6.5,7,19.3,HH,2615,1
04002,영등포구,20233,치킨전문점,15359,6034,4548,4,10.4,4.4,4,21.1,HH,2702,1
04002,영등포구,20234,치킨전문점,16021,5886,5208,4,6.4,6.8,0,20.2,HH,2740,1
04002,영등포구,20241,치킨전문점,14566,4848,4299,7,5.5,1.0,5,20.7,HH,2470,1
04002,영등포구,20242,치킨전문점,15251,6865,4068,4,8.7,6.2,3,18.8,HH,2831,1
04002,영등포구,20243,치킨전문점,16508,6988,5502,11,9.7,1.0,4,20.9,HH,2757,1
04002,영등포구,20244,치킨전문점,14383,5621,3990,2,7.4,6.6,1,20.6,HH,2465,1
04002,영등포구,20231,의류,14278,6190,4761,7,10.3,9.0,3,20.1,HH,2765,0
04002,영등포구,20232,의류,13701,5715,3631,7,1.0,7.0,2,18.7,HH,2287,1
04002,영등포구,20233,의류,15351,5649,5258,9,8.8,10.2,6,19.9,HH,2866,1
04002,영등포구,20234,의류,13557,5504,3909,9,1.7,1.0,6,18.4,HH,2318,1
04002,영등포구,20241,의류,13502,4475,4833,10,6.0,6.0,4,18.9,HH,2185,1
04002,영등포구,20242,의류,15249,6657,4053,6,8.4,7.7,3,17.9,HH,2654,1
04002,영등포구,20243,의류,14121,5580,3871,3,4.7,4.8,2,21.1,HH,2397,1
04002,영등포구,20244,의류,14659,6406,4472,6,8.7,11.3,5,18.9,HH,2467,1
04003,영등포구,20231,커피-음료,6308,2338,5175,4,8.2,2.9,4,24.1,HH,2905,1
04003,영등포구,20232,커피-음료,7223,2583,5675,3,6.4,3.2,0,25.5,HH,2930,1
04003,영등포구,20233,커피-음료,6965,2073,5619,10,6.8,4.9,5,24.4,HH,2662,1
04003,영등포구,20234,커피-음료,6925,2694,5185,7,3.6,5.4,5,25.2,HH,2899,1
04003,영등포구,20241,커피-음료,7796,3152,5169,5,7.9,1.2,3,23.4,HH,2851,1
04003,영등포구,20242,커피-음료,7610,2788,4948,11,6.4,3.7,3,23.2,HH,2977,1
04003,영등포구,20243,커피-음료,7401,3140,4815,2,6.0,6.0,1,23.6,HH,3263,1
04003,영등포구,20244,커피-음료,7172,2317,5900,11,10.4,5.5,3,25.8,HH,3204,1
04003,영등포구,20231,한식음식점,6884,2723,6169,6,9.2,1.7,2,22.7,HH,3995,1
04003,영등포구,20232,한식음식점,6985,2273,5578,2,7.3,1.0,0,25.5,HH,3578,1
04003,영등포구,20233,한식음식점,6150,2250,4772,5,7.2,3.0,2,22.5,HH,3920,1
04003,영등포구,20234,한식음식점,7045,2736,5351,6,8.2,1.5,2,23.2,HH,3952,1
04003,영등포구,20241,한식음식점,6804,2851,6052,5,3.1,4.4,5,26.4,HH,3637,1
04003,영등포구,20242,한식음식점,6395,1942,4002,4,3.7,4.5,2,24.6,HH,4042,1
04003,영등포구,20243,한식음식점,7038,2881,5207,5,4.0,5.7,4,25.7,HH,3689,1
04003,영등포구,20244,한식음식점,7463,2796,6922,10,6.4,2.1,2,25.8,HH,3884,1
04003,영등포구,20231,분식전문점,7726,2298,7193,5,8.4,4.5,0,22.7,HH,1988,1
04003,영등포구,20232,분식전문점,5920,2250,5100,11,2.2,4.4,5,26.3,HH,1526,1
04003,영등포구,20233,분식전문점,6679,1958,5742,7,6.6,7.6,3,26.2,HH,1825,0
04003,영등포구,20234,분식전문점,7837,3242,6778,11,10.6,1.0,10,22.7,HH,1907,1
04003,영등포구,20241,분식전문점,6355,1917,5313,7,9.0,1.2,7,23.7,HH,1953,1
04003,영등포구,20242,분식전문점,7172,2273,4596,6,4.9,5.0,5,22.6,HH,1986,1
04003,영등포구,20243,분식전문점,7867,3132,5313,3,9.4,4.3,0,25.7,HH,2258,1
04003,영등포구,20244,분식전문점,7000,2234,6493,6,8.3,7.2,5,23.6,HH,2095,1
04003,영등포구,20231,제과점,6781,2149,5128,10,1.0,5.5,2,23.7,HH,2785,1
04003,영등포구,20232,제과점,6193,1840,5711,6,3.4,4.5,2,25.8,HH,2843,1
04003,영등포구,20233,제과점,6819,2868,5981,3,8.2,3.4,2,23.9,HH,2731,1
04003,영등포구,20234,제과점,7119,3008,4980,7,7.0,3.9,7,24.9,HH,2880,1
04003,영등포구,20241,제과점,6202,2139,5645,4,4.1,6.3,6,25.3,HH,2491,1
04003,영등포구,20242,제과점,6653,2802,5893,4,7.0,6.3,4,27.0,HH,2537,1
04003,영등포구,20243,제과점,7643,3123,5767,10,10.3,1.0,5,23.5,HH,2914,1
04003,영등포구,20244,제과점,7112,2847,6169,10,14.5,4.7,4,26.3,HH,2607,1
04003,영등포구,20231,치킨전문점,6947,2792,5290,9,11.3,7.5,3,22.8,HH,2709,1
04003,영등포구,20232,치킨전문점,6866,2241,5881,11,12.4,3.8,9,24.9,HH,2253,1
04003,영등포구,20233,치킨전문점,6506,2714,5624,6,8.9,1.0,3,25.9,HH,2021,1
04003,영등포구,20234,치킨전문점,6426,2595,5547,7,6.1,4.9,4,26.7,HH,2223,1
04003,영등포구,20241,치킨전문점,7539,2331,5282,5,16.2,6.0,5,25.4,HH,2463,1
04003,영등포구,20242,치킨전문점,7059,2915,5977,7,8.4,2.7,7,26.8,HH,2831,1
04003,영등포구,20243,치킨전문점,7883,3119,6967,7,7.0,1.0,4,23.2,HH,2692,1
04003,영등포구,20244,치킨전문점,7561,3099,5959,3,8.0,3.8,1,22.6,HH,2681,1
04003,영등포구,20231,의류,6618,2793,5328,6,2.3,10.1,2,22.6,HH,1834,1
04003,영등포구,20232,의류,5957,2466,3973,6,8.5,2.8,6,26.6,HH,2388,1
04003,영등포구,20233,의류,7945,2336,6051,6,9.0,1.0,3,26.4,HH,2233,1
04003,영등포구,20234,의류,6261,2288,4498,2,4.1,3.7,2,26.6,HH,2132,1
04003,영등포구,20241,의류,7302,2260,6198,2,5.9,4.7,6,23.1,HH,2279,1
04003,영등포구,20242,의류,6120,2622,5642,5,4.4,8.9,3,26.5,HH,2208,1
04003,영등포구,20243,의류,5945,1971,4704,4,4.0,5.0,1,23.1,HH,2828,1
04003,영등포구,20244,의류,6421,2266,4932,6,8.5,2.7,4,25.3,HH,2560,1
04004,영등포구,20231,커피-음료,21322,13230,12052,3,10.9,8.2,1,11.8,LH,3458,1
04004,영등포구,20232,커피-음료,20006,14120,12162,2,12.0,9.7,1,12.1,LH,3575,1
04004,영등포구,20233,커피-음료,17666,12965,8893,3,11.3,11.0,1,11.0,LH,3759,1
04004,영등포구,20234,커피-음료,20315,12865,10506,5,9.2,9.5,2,12.7,LH,3659,1
04004,영등포구,20241,커피-음료,20335,14970,11930,10,6.7,4.8,6,11.5,LH,3581,1
04004,영등포구,20242,커피-음료,20059,15500,10661,5,10.9,11.3,4,12.8,LH,3593,1
04004,영등포구,20243,커피-음료,19775,11564,9307,5,4.2,3.4,6,11.4,LH,3269,1
04004,영등포구,20244,커피-음료,20398,12540,10807,5,10.7,8.8,2,12.6,LH,4150,1
04004,영등포구,20231,한식음식점,20478,17119,12735,10,8.0,9.4,5,12.7,LH,4736,1
04004,영등포구,20232,한식음식점,20807,16672,9761,6,10.7,4.2,5,12.7,LH,4473,1
04004,영등포구,20233,한식음식점,22645,18661,12038,3,10.0,7.5,0,12.2,LH,4510,1
04004,영등포구,20234,한식음식점,18914,15354,9620,6,4.4,4.8,2,11.5,LH,4736,1
04004,영등포구,20241,한식음식점,20063,13549,10128,4,12.6,6.5,0,11.4,LH,4666,1
04004,영등포구,20242,한식음식점,17058,13687,10412,9,6.8,15.7,7,11.1,LH,4533,1
04004,영등포구,20243,한식음식점,18399,13293,11364,9,6.4,8.0,5,11.2,LH,4306,1
04004,영등포구,20244,한식음식점,22278,17972,10307,2,13.5,8.9,2,11.8,LH,5103,1
04004,영등포구,20231,분식전문점,18571,11702,8420,7,11.4,6.2,2,12.4,LH,2610,1
04004,영등포구,20232,분식전문점,20966,14441,11086,11,12.7,15.5,8,11.5,LH,2506,0
04004,영등포구,20233,분식전문점,17417,12380,7422,6,9.6,7.7,3,12.1,LH,2534,0
04004,영등포구,20234,분식전문점,20358,15894,8948,7,6.4,2.6,5,12.9,LH,2815,1
04004,영등포구,20241,분식전문점,22544,13125,11419,5,10.8,3.0,3,10.9,LH,2909,1
04004,영등포구,20242,분식전문점,21414,17369,9877,12,5.1,4.4,9,12.5,LH,2205,1
04004,영등포구,20243,분식전문점,22088,15047,9630,6,9.3,6.1,2,12.7,LH,3094,1
04004,영등포구,20244,분식전문점,19870,15449,11276,3,12.5,8.0,1,12.4,LH,2663,1
04004,영등포구,20231,제과점,18057,10179,10157,6,12.2,5.2,4,12.8,LH,3105,1
04004,영등포구,20232,제과점,20876,16062,11949,9,8.4,8.6,8,11.1,LH,3214,0
04004,영등포구,20233,제과점,17878,13016,10687,9,6.6,7.7,7,12.3,LH,2688,1
04004,영등포구,20234,제과점,16820,9724,8001,10,10.6,5.3,9,12.7,LH,3020,1
04004,영등포구,20241,제과점,19836,16583,12372,7,4.8,3.1,2,12.2,LH,3595,1
04004,영등포구,20242,제과점,20174,16806,8939,6,12.3,9.2,3,12.1,LH,3171,1
04004,영등포구,20243,제과점,22591,12718,14046,14,5.3,4.3,5,11.2,LH,3517,0
04004,영등포구,20244,제과점,17190,12334,9352,6,1.5,4.0,2,11.6,LH,3822,1
04004,영등포구,20231,치킨전문점,16986,14118,9256,5,12.6,7.0,2,11.6,LH,2941,1
04004,영등포구,20232,치킨전문점,20792,14963,10862,5,4.6,7.3,0,13.0,LH,2981,1
04004,영등포구,20233,치킨전문점,17307,14271,7754,2,6.0,4.7,0,11.5,LH,3109,1
04004,영등포구,20234,치킨전문점,20568,16608,10407,9,7.3,8.9,5,12.5,LH,2994,1
04004,영등포구,20241,치킨전문점,20236,13881,12584,9,2.2,6.8,5,12.9,LH,2909,1
04004,영등포구,20242,치킨전문점,19875,15864,8458,5,12.7,4.9,7,12.8,LH,2789,0
04004,영등포구,20243,치킨전문점,18121,12857,9747,9,10.7,8.9,6,11.8,LH,3086,1
04004,영등포구,20244,치킨전문점,18576,11317,11549,7,4.7,4.9,4,11.7,LH,3254,0
04004,영등포구,20231,의류,18030,11600,9697,5,10.0,6.1,0,10.8,LH,2776,1
04004,영등포구,20232,의류,17193,13485,8684,6,8.8,8.7,1,12.3,LH,2598,1
04004,영등포구,20233,의류,20651,16808,10175,4,9.4,7.1,2,12.6,LH,2770,1
04004,영등포구,20234,의류,20871,15661,10668,4,8.4,5.5,1,11.1,LH,2629,1
04004,영등포구,20241,의류,18819,11308,8592,6,9.1,2.3,0,11.2,LH,3072,1
04004,영등포구,20242,의류,21145,15090,10515,3,11.1,5.4,2,12.0,LH,2706,1
04004,영등포구,20243,의류,20385,16148,10754,7,12.2,2.9,8,11.6,LH,2920,1
04004,영등포구,20244,의류,19633,15310,8231,7,6.7,5.9,6,12.1,LH,3063,0
04005,영등포구,20231,커피-음료,4925,7281,2203,6,9.5,1.0,1,12.3,HL,3088,1
04005,영등포구,20232,커피-음료,5006,8058,2348,5,15.7,3.5,5,13.2,HL,2904,1
04005,영등포구,20233,커피-음료,5639,7540,3073,5,8.3,1.0,2,12.7,HL,3211,1
04005,영등포구,20234,커피-음료,6124,9896,3078,7,9.0,5.6,7,12.1,HL,3156,1
04005,영등포구,20241,커피-음료,5868,7620,2995,4,5.5,2.2,2,11.4,HL,3193,0
04005,영등포구,20242,커피-음료,5869,8697,2388,5,6.7,1.0,1,11.7,HL,3504,1
04005,영등포구,20243,커피-음료,5204,7400,2565,13,12.6,5.8,6,13.4,HL,2941,1
04005,영등포구,20244,커피-음료,5387,7184,3096,6,11.3,5.3,5,12.7,HL,3377,0
04005,영등포구,20231,한식음식점,5501,7742,2239,2,14.3,2.4,1,13.6,HL,3788,1
04005,영등포구,20232,한식음식점,5625,6146,3126,7,13.4,7.1,6,12.0,HL,3620,1
04005,영등포구,20233,한식음식점,5901,7136,2551,6,5.7,1.4,4,12.2,HL,4185,1
04005,영등포구,20234,한식음식점,5373,6780,2356,10,12.7,3.4,2,11.7,HL,4063,1
04005,영등포구,20241,한식음식점,5718,9122,3237,9,12.1,1.0,5,12.5,HL,4005,0
04005,영등포구,20242,한식음식점,4767,6165,2326,5,5.1,1.0,3,13.0,HL,4287,1
04005,영등포구,20243,한식음식점,5479,7204,2626,6,9.4,2.3,4,11.8,HL,4181,1
04005,영등포구,20244,한식음식점,6164,9572,2876,5,8.5,3.9,3,13.7,HL,4221,1
04005,영등포구,20231,분식전문점,6198,9531,3116,4,6.7,3.2,0,12.1,HL,3011,1
04005,영등포구,20232,분식전문점,5960,9348,2715,4,5.9,3.2,3,12.9,HL,2219,1
04005,영등포구,20233,분식전문점,5174,7385,2707,5,3.5,1.0,4,12.0,HL,1880,1
04005,영등포구,20234,분식전문점,4983,6393,2122,5,5.6,5.5,2,11.4,HL,2195,1
04005,영등포구,20241,분식전문점,5293,7065,2922,7,6.7,3.7,2,12.6,HL,2778,1
04005,영등포구,20242,분식전문점,5993,7894,2725,5,6.5,8.0,2,12.9,HL,2395,1
04005,영등포구,20243,분식전문점,5310,7215,2192,7,9.4,3.0,3,12.5,HL,2463,1
04005,영등포구,20244,분식전문점,5467,6675,2396,6,1.7,1.0,3,11.5,HL,2129,1
04005,영등포구,20231,제과점,5232,7308,2920,10,9.2,5.8,5,11.4,HL,2512,1
04005,영등포구,20232,제과점,5424,8455,2622,11,10.0,6.5,8,11.5,HL,2045,1
04005,영등포구,20233,제과점,5508,6953,2820,14,5.1,1.0,14,13.2,HL,2488,1
04005,영등포구,20234,제과점,5844,9118,3166,5,10.6,5.2,3,13.1,HL,3014,1
04005,영등포구,20241,제과점,5691,8041,2450,4,8.0,2.4,1,13.6,HL,2983,1
04005,영등포구,20242,제과점,6239,6941,3413,9,3.4,7.3,5,11.5,HL,3129,1
04005,영등포구,20243,제과점,5345,5849,2911,9,5.1,1.0,8,13.6,HL,3108,1
04005,영등포구,20244,제과점,5234,6531,2066,7,11.0,6.6,3,11.8,HL,2895,1
04005,영등포구,20231,치킨전문점,4841,6294,1962,3,4.9,2.4,2,13.5,HL,2382,1
04005,영등포구,20232,치킨전문점,5938,6526,3075,7,8.2,4.0,6,13.5,HL,2554,1
04005,영등포구,20233,치킨전문점,5162,6096,2109,10,11.3,8.8,8,12.3,HL,1999,1
04005,영등포구,20234,치킨전문점,5824,8161,2405,5,9.8,4.3,4,11.7,HL,2421,1
04005,영등포구,20241,치킨전문점,6207,6978,3261,2,9.3,8.1,0,13.0,HL,2396,1
04005,영등포구,20242,치킨전문점,5787,7385,2832,6,13.0,2.4,5,12.0,HL,2466,1
04005,영등포구,20243,치킨전문점,4820,6487,2764,5,8.0,4.7,1,13.3,HL,2715,1
04005,영등포구,20244,치킨전문점,5171,5981,2961,12,9.9,10.2,7,12.9,HL,2439,1
04005,영등포구,20231,의류,5658,7256,3012,5,8.4,4.1,2,12.0,HL,2431,1
04005,영등포구,20232,의류,5595,7430,2253,4,6.0,5.7,1,13.4,HL,2139,1
04005,영등포구,20233,의류,4841,5661,2630,7,10.2,4.0,6,13.1,HL,2140,1
04005,영등포구,20234,의류,6084,8393,2728,5,6.5,7.9,2,13.4,HL,2569,1
04005,영등포구,20241,의류,5440,8641,2976,5,10.1,2.7,3,12.9,HL,2614,1
04005,영등포구,20242,의류,5614,6925,2515,11,4.7,4.3,2,13.2,HL,2510,1
04005,영등포구,20243,의류,4694,7399,2100,1,11.8,2.7,1,11.5,HL,2560,1
04005,영등포구,20244,의류,5594,7273,3199,2,10.0,6.4,0,13.8,HL,2879,1
04006,영등포구,20231,커피-음료,13354,5635,8294,5,9.0,7.1,2,15.3,LL,3366,1
04006,영등포구,20232,커피-음료,15468,6259,10207,3,7.8,2.8,2,16.1,LL,2948,1
04006,영등포구,20233,커피-음료,13081,4237,11568,7,9.2,10.1,7,15.1,LL,3044,0
04006,영등포구,20234,커피-음료,15209,5174,10661,9,5.4,5.3,4,15.3,LL,3341,1
04006,영등포구,20241,커피-음료,16189,5368,10829,6,9.9,6.5,3,16.4,LL,3629,1
04006,영등포구,20242,커피-음료,16865,5792,11110,5,4.4,4.5,4,16.5,LL,3438,0
04006,영등포구,20243,커피-음료,13320,4147,9649,7,9.0,8.8,2,17.8,LL,3658,1
04006,영등포구,20244,커피-음료,14863,5846,10856,10,5.2,8.5,2,15.7,LL,3309,1
04006,영등포구,20231,한식음식점,14586,4579,10242,6,6.2,4.9,4,17.1,LL,4129,1
04006,영등포구,20232,한식음식점,15056,4692,10188,11,4.9,1.0,6,15.0,LL,3704,1
04006,영등포구,20233,한식음식점,14843,5394,10917,3,9.3,6.3,4,18.0,LL,3969,1
04006,영등포구,20234,한식음식점,15212,6836,9665,7,7.5,6.2,3,16.3,LL,3792,1
04006,영등포구,20241,한식음식점,16581,6358,10957,2,10.3,8.2,0,15.1,LL,4553,1
04006,영등포구,20242,한식음식점,16701,6964,14824,7,7.0,15.2,9,17.5,LL,4280,0
04006,영등포구,20243,한식음식점,16945,7661,12747,6,8.0,7.5,9,17.9,LL,3935,1
04006,영등포구,20244,한식음식점,14248,6475,8707,9,7.7,10.1,8,15.7,LL,4042,1
04006,영등포구,20231,분식전문점,14451,6205,12542,4,11.0,12.2,4,15.1,LL,2240,0
04006,영등포구,20232,분식전문점,13282,5896,11748,4,11.5,3.4,5,17.8,LL,2137,1
04006,영등포구,20233,분식전문점,15496,6345,13472,6,9.3,5.5,4,15.9,LL,2572,1
04006,영등포구,20234,분식전문점,14305,5485,11443,4,8.9,8.6,2,15.0,LL,2483,1
04006,영등포구,20241,분식전문점,15106,5645,13386,7,7.6,1.9,3,17.6,LL,2499,1
04006,영등포구,20242,분식전문점,13213,5918,10695,3,9.7,9.5,2,15.8,LL,2650,1
04006,영등포구,20243,분식전문점,14439,4661,11700,7,5.0,12.0,3,16.7,LL,2491,0
04006,영등포구,20244,분식전문점,16617,7350,14516,6,12.0,4.8,2,16.2,LL,3001,1
04006,영등포구,20231,제과점,13345,5468,11577,13,8.0,4.0,10,15.0,LL,2419,1
04006,영등포구,20232,제과점,14868,4595,9770,12,11.0,6.4,9,16.0,LL,2823,0
04006,영등포구,20233,제과점,15370,5942,13283,4,5.7,7.8,2,17.5,LL,3230,1
04006,영등포구,20234,제과점,13008,5809,9122,9,10.4,8.9,6,17.2,LL,2814,1
04006,영등포구,20241,제과점,15772,5529,12968,6,4.0,2.3,2,15.5,LL,3295,1
04006,영등포구,20242,제과점,15962,6446,11634,7,9.6,6.8,3,15.1,LL,2966,1
04006,영등포구,20243,제과점,12965,5356,9413,10,8.9,3.6,7,16.6,LL,3060,0
04006,영등포구,20244,제과점,14693,6756,12228,4,5.5,8.1,0,16.2,LL,3273,1
04006,영등포구,20231,치킨전문점,16866,7426,13929,4,16.7,13.4,3,17.8,LL,2667,1
04006,영등포구,20232,치킨전문점,13607,4260,9218,4,2.8,2.4,0,17.4,LL,2659,1
04006,영등포구,20233,치킨전문점,16527,7364,12503,9,14.2,6.8,6,16.5,LL,2652,1
04006,영등포구,20234,치킨전문점,13108,6044,10059,9,11.4,9.8,7,16.8,LL,2563,1
04006,영등포구,20241,치킨전문점,13256,4948,11857,5,5.5,10.0,5,17.6,LL,2751,1
04006,영등포구,20242,치킨전문점,13679,5348,10966,4,7.6,11.9,2,16.1,LL,2933,1
04006,영등포구,20243,치킨전문점,16688,6784,12021,6,7.7,7.9,7,17.8,LL,2220,0
04006,영등포구,20244,치킨전문점,16669,6104,10139,9,11.3,7.8,4,17.2,LL,2630,1
04006,영등포구,20231,의류,15699,5423,10119,5,8.1,1.3,8,14.9,LL,2455,0
04006,영등포구,20232,의류,13373,5861,11066,2,8.8,6.0,0,15.1,LL,2763,1
04006,영등포구,20233,의류,14913,6525,11720,5,2.9,7.1,5,17.4,LL,2036,1
04006,영등포구,20234,의류,16470,5245,14484,6,12.8,5.5,3,15.7,LL,2842,1
04006,영등포구,20241,의류,16830,7605,14560,5,13.8,8.6,3,16.7,LL,2679,0
04006,영등포구,20242,의류,17284,6371,11040,2,14.5,6.9,2,15.6,LL,2881,1
04006,영등포구,20243,의류,16287,5933,11341,11,7.9,7.7,3,16.3,LL,2461,0
04006,영등포구,20244,의류,14221,6497,10368,6,5.1,10.1,3,17.7,LL,2648,0
04007,영등포구,20231,커피-음료,7944,7148,3168,4,9.3,7.3,1,27.7,HH,3095,1
04007,영등포구,20232,커피-음료,7420,6622,3697,7,11.3,8.2,3,26.8,HH,2810,1
04007,영등포구,20233,커피-음료,7634,8718,3123,14,5.2,1.0,12,24.5,HH,2461,1
04007,영등포구,20234,커피-음료,6841,7166,2539,3,7.9,6.5,1,24.2,HH,3252,1
04007,영등포구,20241,커피-음료,7720,7248,3186,10,10.9,2.7,4,27.1,HH,3263,1
04007,영등포구,20242,커피-음료,7063,6409,2709,6,10.1,3.8,6,26.4,HH,2731,1
04007,영등포구,20243,커피-음료,7347,6411,3270,4,7.0,5.2,2,28.3,HH,3005,1
04007,영등포구,20244,커피-음료,6946,8164,2918,5,7.5,8.0,4,24.1,HH,3211,1
04007,영등포구,20231,한식음식점,7938,8341,2889,5,9.6,1.9,4,26.5,HH,3738,1
04007,영등포구,20232,한식음식점,7938,9241,3502,5,8.5,7.1,3,27.7,HH,3796,1
04007,영등포구,20233,한식음식점,8485,10566,3712,9,9.7,5.0,3,28.2,HH,3541,1
04007,영등포구,20234,한식음식점,6781,6889,2967,6,7.6,6.0,3,25.1,HH,3894,1
04007,영등포구,20241,한식음식점,7346,7812,3314,9,12.2,8.0,4,24.6,HH,3948,1
04007,영등포구,20242,한식음식점,8037,7384,3364,12,6.9,3.0,8,28.5,HH,3808,1
04007,영등포구,20243,한식음식점,7568,8697,3606,5,5.9,1.0,4,26.0,HH,4008,1
04007,영등포구,20244,한식음식점,8797,9565,3350,10,7.3,8.4,7,25.1,HH,3760,1
04007,영등포구,20231,분식전문점,9043,9334,4620,11,7.3,2.9,5,28.2,HH,1683,1
04007,영등포구,20232,분식전문점,7423,6546,3350,10,7.6,8.6,6,27.4,HH,1966,1
04007,영등포구,20233,분식전문점,6964,7634,2817,6,6.6,5.3,4,26.4,HH,1639,1
04007,영등포구,20234,분식전문점,8228,8427,3515,3,5.6,2.2,4,25.1,HH,2285,1
04007,영등포구,20241,분식전문점,8763,9734,3567,11,2.6,3.4,9,25.2,HH,1905,1
04007,영등포구,20242,분식전문점,7527,7717,3350,5,9.1,1.0,4,27.5,HH,1734,1
04007,영등포구,20243,분식전문점,7037,7813,2530,3,5.3,1.0,0,27.3,HH,2181,1
04007,영등포구,20244,분식전문점,8031,8988,3830,3,11.0,3.4,1,24.9,HH,2441,1
04007,영등포구,20231,제과점,7379,8099,3089,5,12.1,3.3,0,23.9,HH,2796,1
04007,영등포구,20232,제과점,8291,9288,3977,5,4.8,5.7,5,26.0,HH,2644,1
04007,영등포구,20233,제과점,8240,9269,3594,7,6.7,4.8,6,28.4,HH,2230,1
04007,영등포구,20234,제과점,7627,7009,3886,4,6.6,6.9,2,23.8,HH,2633,1
04007,영등포구,20241,제과점,7605,8036,3460,4,11.7,1.0,4,26.8,HH,3009,1
04007,영등포구,20242,제과점,8836,10069,3787,2,14.7,5.4,0,25.4,HH,3064,1
04007,영등포구,20243,제과점,8918,10568,4460,9,15.2,5.4,5,26.5,HH,2912,1
04007,영등포구,20244,제과점,7556,8498,3396,5,7.2,5.4,2,27.6,HH,2972,0
04007,영등포구,20231,치킨전문점,9123,9132,3912,2,8.9,4.6,2,26.9,HH,2241,1
04007,영등포구,20232,치킨전문점,7238,6199,2510,6,7.2,7.8,10,27.4,HH,2257,1
04007,영등포구,20233,치킨전문점,9107,11031,3483,7,11.7,1.9,2,27.2,HH,2614,1
04007,영등포구,20234,치킨전문점,7276,7964,3237,9,4.9,1.0,5,27.0,HH,2855,1
04007,영등포구,20241,치킨전문점,8214,7783,3873,9,10.5,1.0,2,23.9,HH,2489,1
04007,영등포구,20242,치킨전문점,7896,8829,3302,13,5.7,1.0,7,25.3,HH,2454,1
04007,영등포구,20243,치킨전문점,8896,8698,3335,5,5.6,1.0,2,27.6,HH,2730,0
04007,영등포구,20244,치킨전문점,7530,8719,3625,6,11.6,3.6,2,26.9,HH,2554,1
04007,영등포구,20231,의류,7529,6983,3382,6,8.5,1.0,4,28.2,HH,2157,1
04007,영등포구,20232,의류,7445,6799,2606,6,7.7,1.1,2,24.3,HH,2356,1
04007,영등포구,20233,의류,7198,7943,2783,4,7.1,12.2,1,25.2,HH,2142,1
04007,영등포구,20234,의류,6844,7971,2632,10,5.8,1.0,14,28.1,HH,1606,1
04007,영등포구,20241,의류,8588,9358,3797,5,8.5,1.0,5,28.2,HH,2327,1
04007,영등포구,20242,의류,7379,9021,2960,2,9.5,1.0,0,26.7,HH,2282,0
04007,영등포구,20243,의류,7760,7629,3601,10,8.7,1.0,4,24.7,HH,2161,1
04007,영등포구,20244,의류,8012,8605,3296,7,9.3,3.5,5,26.1,HH,2288,1
04008,영등포구,20231,커피-음료,10630,7557,8123,3,8.6,4.7,2,16.6,LH,3264,1
04008,영등포구,20232,커피-음료,11767,8072,10246,9,7.8,9.6,6,15.6,LH,2931,1
04008,영등포구,20233,커피-음료,10510,6711,8280,4,10.6,8.9,5,16.8,LH,3244,1
04008,영등포구,20234,커피-음료,9572,5873,10066,1,5.1,8.3,1,14.8,LH,3461,1
04008,영등포구,20241,커피-음료,11671,8190,10303,5,1.7,5.3,6,14.4,LH,3205,1
04008,영등포구,20242,커피-음료,11242,6452,10688,7,10.2,4.9,3,16.8,LH,3210,1
04008,영등포구,20243,커피-음료,11116,5930,11267,6,8.8,10.8,1,16.9,LH,3237,1
04008,영등포구,20244,커피-음료,10319,7571,8332,9,14.9,1.6,7,15.2,LH,3198,1
04008,영등포구,20231,한식음식점,11436,6256,9235,4,4.2,3.9,4,16.9,LH,3537,1
04008,영등포구,20232,한식음식점,11605,8615,8696,5,11.2,6.2,4,14.2,LH,4182,1
04008,영등포구,20233,한식음식점,9278,5473,6866,3,6.7,4.8,0,16.1,LH,4099,1
04008,영등포구,20234,한식음식점,10086,5255,8866,12,8.2,10.1,10,15.9,LH,3543,1
04008,영등포구,20241,한식음식점,10073,5347,10097,1,2.7,8.5,1,14.0,LH,4056,1
04008,영등포구,20242,한식음식점,8785,5759,7944,6,9.5,12.6,5,14.4,LH,3886,1
04008,영등포구,20243,한식음식점,11403,8153,9692,3,6.0,6.3,2,14.2,LH,4550,1
04008,영등포구,20244,한식음식점,11518,5951,8602,4,7.3,11.3,2,15.0,LH,4426,1
04008,영등포구,20231,분식전문점,10495,6956,11007,12,8.6,9.3,13,16.2,LH,1697,1
04008,영등포구,20232,분식전문점,9477,6546,9710,6,9.0,10.8,3,14.8,LH,2278,0
04008,영등포구,20233,분식전문점,11119,7543,11490,2,10.8,9.0,1,16.9,LH,2391,1
04008,영등포구,20234,분식전문점,8998,5956,7891,3,4.1,10.9,1,16.0,LH,2193,1
04008,영등포구,20241,분식전문점,9164,5819,7958,10,6.3,4.0,4,15.7,LH,2357,1
04008,영등포구,20242,분식전문점,11048,5768,9165,10,9.8,7.3,7,15.4,LH,2168,1
04008,영등포구,20243,분식전문점,11693,7985,11297,6,6.5,7.1,3,15.1,LH,2817,0
04008,영등포구,20244,분식전문점,9868,5192,9137,5,4.3,5.5,3,15.3,LH,2260,1
04008,영등포구,20231,제과점,10795,5610,10903,5,8.6,8.9,3,15.0,LH,2816,0
04008,영등포구,20232,제과점,11762,6258,8893,7,10.7,8.9,1,14.3,LH,3182,0
04008,영등포구,20233,제과점,10426,7784,9012,7,7.0,6.9,3,14.5,LH,3090,1
04008,영등포구,20234,제과점,9105,5459,9871,5,4.9,3.9,2,15.6,LH,2844,0
04008,영등포구,20241,제과점,11528,7900,11024,5,4.5,4.4,5,15.3,LH,3012,1
04008,영등포구,20242,제과점,11229,8289,9240,6,10.3,10.7,8,16.2,LH,3005,1
04008,영등포구,20243,제과점,11448,5839,8808,6,6.8,4.1,6,15.4,LH,2827,1
04008,영등포구,20244,제과점,10827,7827,9272,9,6.3,3.5,9,17.0,LH,3207,1
04008,영등포구,20231,치킨전문점,9451,7160,7354,6,4.4,6.4,5,15.9,LH,2383,1
04008,영등포구,20232,치킨전문점,11514,8435,10137,10,4.5,3.9,6,15.3,LH,2530,1
04008,영등포구,20233,치킨전문점,10624,5396,10901,10,11.8,10.0,10,14.3,LH,2220,0
04008,영등포구,20234,치킨전문점,10809,5931,10767,3,5.2,4.9,2,16.6,LH,2792,0
04008,영등포구,20241,치킨전문점,8976,4604,9482,9,5.7,10.1,4,14.1,LH,2607,0
04008,영등포구,20242,치킨전문점,9224,5753,7497,11,8.7,5.1,8,16.5,LH,2437,1
04008,영등포구,20243,치킨전문점,9060,5180,9405,3,9.0,6.9,1,14.3,LH,2865,1
04008,영등포구,20244,치킨전문점,10306,6828,8059,4,7.3,4.1,7,14.8,LH,2614,1
04008,영등포구,20231,의류,11451,7680,9018,7,2.9,7.6,6,16.6,LH,2294,1
04008,영등포구,20232,의류,10084,5850,10624,5,6.8,8.1,4,14.9,LH,2301,1
04008,영등포구,20233,의류,9555,6493,9668,11,14.4,7.9,7,16.7,LH,2474,0
04008,영등포구,20234,의류,9200,6115,8251,2,12.0,14.1,3,16.4,LH,2448,1
04008,영등포구,20241,의류,11180,7045,8652,6,7.2,6.9,3,14.7,LH,2423,1
04008,영등포구,20242,의류,10651,7700,8741,6,14.3,9.5,5,15.7,LH,2356,1
04008,영등포구,20243,의류,10034,5564,10228,6,6.4,8.8,3,14.2,LH,2492,1
04008,영등포구,20244,의류,10442,6852,7987,7,14.7,1.0,2,16.1,LH,2689,1
05000,관악구,20231,커피-음료,11312,15717,14178,6,5.8,5.8,5,16.9,LL,3073,1
05000,관악구,20232,커피-음료,11161,15933,13649,6,8.5,1.2,3,15.5,LL,2964,1
05000,관악구,20233,커피-음료,9940,13670,10204,6,4.3,1.0,2,14.9,LL,3429,1
05000,관악구,20234,커피-음료,11375,14860,12784,13,7.1,8.2,11,15.4,LL,2950,1
05000,관악구,20241,커피-음료,10305,11667,13408,5,1.0,10.6,3,17.4,LL,2996,0
05000,관악구,20242,커피-음료,11069,16501,11942,3,12.8,10.9,2,14.9,LL,3652,0
05000,관악구,20243,커피-음료,9801,12066,13097,7,4.5,7.4,4,15.0,LL,3121,1
05000,관악구,20244,커피-음료,9140,11549,8897,6,8.0,3.4,3,15.8,LL,3528,1
05000,관악구,20231,한식음식점,9206,13791,12234,6,3.6,3.5,0,15.8,LL,4267,1
05000,관악구,20232,한식음식점,9107,13804,12415,5,10.8,3.8,4,15.3,LL,3675,1
05000,관악구,20233,한식음식점,8728,10153,10269,3,11.0,7.3,0,17.5,LL,4092,1
05000,관악구,20234,한식음식점,10148,15295,12144,8,6.3,5.5,3,15.4,LL,4077,1
05000,관악구,20241,한식음식점,11105,11496,15343,4,7.8,2.6,2,15.5,LL,3820,1
05000,관악구,20242,한식음식점,11253,16119,13833,6,10.2,10.4,2,17.0,LL,4179,1
05000,관악구,20243,한식음식점,8805,11350,9322,11,9.1,6.6,8,15.2,LL,3995,1
05000,관악구,20244,한식음식점,8694,12653,9395,5,1.0,1.0,4,16.6,LL,3960,1
05000,관악구,20231,분식전문점,8675,11295,9313,10,5.6,6.6,6,17.0,LL,2142,1
05000,관악구,20232,분식전문점,9258,12870,12358,7,9.6,2.5,3,17.5,LL,2254,1
05000,관악구,20233,분식전문점,8874,12127,12320,2,7.7,8.7,1,17.3,LL,1961,1
05000,관악구,20234,분식전문점,9536,10475,13212,8,6.2,6.5,6,14.9,LL,2128,1
05000,관악구,20241,분식전문점,9078,11230,10755,8,11.4,10.1,3,14.9,LL,2223,1
05000,관악구,20242,분식전문점,11464,17055,12341,5,5.9,9.3,3,16.1,LL,2408,0
05000,관악구,20243,분식전문점,8755,9374,10765,7,9.5,9.1,7,16.0,LL,2260,0
05000,관악구,20244,분식전문점,10238,15195,14450,5,4.4,2.4,5,15.6,LL,2536,1
05000,관악구,20231,제과점,9355,12266,10279,4,10.9,8.5,0,15.8,LL,2693,1
05000,관악구,20232,제과점,11652,15467,15212,5,6.0,9.3,1,16.5,LL,2632,1
05000,관악구,20233,제과점,8861,11220,8830,13,9.0,4.9,2,16.1,LL,2615,1
05000,관악구,20234,제과점,11165,15198,11144,5,12.5,5.7,4,15.6,LL,3084,0
05000,관악구,20241,제과점,9751,13344,11975,5,7.2,7.8,8,16.5,LL,2702,0
05000,관악구,20242,제과점,9799,13280,13330,6,12.3,9.2,4,17.5,LL,3156,1
05000,관악구,20243,제과점,10831,12277,11731,8,6.9,8.5,6,16.5,LL,3223,1
05000,관악구,20244,제과점,11150,16784,15635,4,7.2,1.0,3,17.1,LL,2981,1
05000,관악구,20231,치킨전문점,9500,13416,12659,6,4.6,7.9,4,16.4,LL,2890,1
05000,관악구,20232,치킨전문점,9783,10772,11064,6,12.1,8.8,6,17.5,LL,2230,1
05000,관악구,20233,치킨전문점,10026,11903,11671,6,4.1,8.4,4,15.6,LL,2612,1
05000,관악구,20234,치킨전문점,11602,16119,14535,10,12.4,1.6,9,16.4,LL,2476,1
05000,관악구,20241,치킨전문점,11095,15149,14225,4,6.4,8.7,4,16.8,LL,2221,0
05000,관악구,20242,치킨전문점,11461,16710,14888,3,8.3,1.0,1,14.9,LL,3350,1
05000,관악구,20243,치킨전문점,10441,12242,13512,5,12.5,7.0,3,15.2,LL,2723,1
05000,관악구,20244,치킨전문점,10524,14540,11349,6,9.9,6.2,5,17.5,LL,2655,0
05000,관악구,20231,의류,11711,13204,12112,6,7.3,7.4,3,15.9,LL,2450,1
05000,관악구,20232,의류,11011,13876,13186,5,1.0,13.0,2,15.8,LL,2673,0
05000,관악구,20233,의류,8720,12696,12305,5,2.4,8.0,2,17.6,LL,2419,0
05000,관악구,20234,의류,11123,16187,13096,8,7.7,1.0,2,15.9,LL,2957,1
05000,관악구,20241,의류,11046,14675,13319,8,6.0,1.8,5,15.2,LL,2697,0
05000,관악구,20242,의류,11672,15015,12202,3,7.9,6.1,2,17.7,LL,2991,0
05000,관악구,20243,의류,11049,15628,12687,8,8.3,11.7,3,16.8,LL,2575,1
05000,관악구,20244,의류,9770,13372,9926,8,5.8,9.4,9,15.1,LL,2407,0
05001,관악구,20231,커피-음료,6230,8600,3967,5,10.3,7.4,5,23.4,LH,2597,1
05001,관악구,20232,커피-음료,5276,5471,4260,6,4.9,10.7,2,23.3,LH,2952,1
05001,관악구,20233,커피-음료,4953,6848,3694,9,7.3,7.5,8,24.5,LH,2577,1
05001,관악구,20234,커피-음료,5293,7077,3437,5,11.3,10.7,7,24.0,LH,2446,1
05001,관악구,20241,커피-음료,5449,5841,3570,6,11.3,10.0,8,26.6,LH,2605,1
05001,관악구,20242,커피-음료,5105,5952,3409,6,9.2,8.2,8,27.5,LH,2804,1
05001,관악구,20243,커피-음료,6227,9168,4447,3,7.0,12.1,3,24.6,LH,2796,1
05001,관악구,20244,커피-음료,5131,6058,4815,8,7.0,6.3,5,25.5,LH,2878,0
05001,관악구,20231,한식음식점,6283,9329,4311,8,11.4,2.9,5,24.6,LH,3336,0
05001,관악구,20232,한식음식점,5792,7281,3973,9,7.8,11.7,5,22.9,LH,3497,1
05001,관악구,20233,한식음식점,5113,7482,4136,6,8.4,10.0,4,24.8,LH,3552,1
05001,관악구,20234,한식음식점,5691,6749,5071,7,12.5,4.9,2,25.6,LH,3233,0
05001,관악구,20241,한식음식점,6232,7157,4171,8,11.4,10.5,6,23.3,LH,3550,1
05001,관악구,20242,한식음식점,5440,5459,4832,8,8.1,10.7,6,24.2,LH,3762,1
05001,관악구,20243,한식음식점,6501,8961,5352,6,8.7,6.6,4,26.2,LH,3630,1
05001,관악구,20244,한식음식점,5477,7816,4400,7,1.0,3.2,3,26.8,LH,3699,1
05001,관악구,20231,분식전문점,6478,8484,5604,7,8.2,6.3,5,23.5,LH,1808,0
05001,관악구,20232,분식전문점,5421,6589,4518,7,11.3,7.5,5,22.9,LH,1688,0
05001,관악구,20233,분식전문점,5660,6797,5193,5,9.3,6.2,5,26.1,LH,1956,1
05001,관악구,20234,분식전문점,5135,7338,4819,5,4.6,5.9,0,24.2,LH,1804,1
05001,관악구,20241,분식전문점,5828,8213,3936,6,11.1,5.7,3,23.8,LH,2004,1
05001,관악구,20242,분식전문점,6011,8597,5059,5,13.9,3.7,2,26.8,LH,2194,1
05001,관악구,20243,분식전문점,5490,6840,4885,5,6.2,4.3,5,23.2,LH,1948,1
05001,관악구,20244,분식전문점,5190,5779,4343,3,8.8,6.0,2,23.3,LH,1974,1
05001,관악구,20231,제과점,5182,5746,4831,9,7.5,3.6,2,25.8,LH,2862,1
05001,관악구,20232,제과점,6291,7211,5841,5,6.2,5.9,6,27.0,LH,2209,1
05001,관악구,20233,제과점,5535,7005,3544,5,11.6,3.0,3,26.2,LH,2765,1
05001,관악구,20234,제과점,5479,5580,4361,10,4.9,3.6,4,23.6,LH,2560,1
05001,관악구,20241,제과점,6499,7624,4225,6,7.7,1.0,2,24.9,LH,2770,1
05001,관악구,20242,제과점,5013,6069,4464,5,11.3,5.6,4,25.3,LH,2768,1
05001,관악구,20243,제과점,6484,6532,6102,15,8.9,6.1,6,26.8,LH,2741,1
05001,관악구,20244,제과점,6483,8920,5198,10,7.9,9.8,9,24.2,LH,2623,1
05001,관악구,20231,치킨전문점,4996,5877,3812,6,3.8,7.8,1,26.2,LH,2274,1
05001,관악구,20232,치킨전문점,5077,5987,4429,6,10.0,7.8,3,24.3,LH,1924,1
05001,관악구,20233,치킨전문점,5228,6094,4359,10,14.9,11.3,3,27.0,LH,1920,1
05001,관악구,20234,치킨전문점,4939,6425,3546,5,5.5,9.4,3,25.6,LH,2243,1
05001,관악구,20241,치킨전문점,6315,8295,4700,3,10.1,5.5,2,24.0,LH,2296,1
05001,관악구,20242,치킨전문점,5599,6065,3750,7,7.6,2.9,1,27.1,LH,2286,1
05001,관악구,20243,치킨전문점,5281,5721,4680,6,2.1,4.3,3,27.5,LH,2385,0
05001,관악구,20244,치킨전문점,5736,6179,4170,7,9.3,5.2,3,23.5,LH,2578,1
05001,관악구,20231,의류,5323,6040,3453,8,6.4,6.2,3,25.7,LH,1954,1
05001,관악구,20232,의류,6048,7928,4197,9,4.1,6.0,2,24.0,LH,2217,1
05001,관악구,20233,의류,6068,6766,5259,6,7.0,5.7,3,25.3,LH,2046,0
05001,관악구,20234,의류,6311,7628,5419,8,9.8,8.7,9,26.2,LH,2294,1
05001,관악구,20241,의류,6132,8342,4797,3,12.3,6.6,2,24.3,LH,2244,1
05001,관악구,20242,의류,6296,9234,4235,8,10.1,7.0,8,26.6,LH,2021,0
05001,관악구,20243,의류,5231,6695,4303,4,14.0,8.8,1,26.4,LH,2587,1
05001,관악구,20244,의류,6378,8405,4579,5,8.0,5.4,3,25.7,LH,1932,1
05002,관악구,20231,커피-음료,4000,2887,2869,7,7.6,6.0,4,30.2,HH,2439,0
05002,관악구,20232,커피-음료,3436,2935,2062,6,11.8,5.7,5,32.8,HH,2151,1
05002,관악구,20233,커피-음료,4495,3207,3204,5,4.6,6.6,3,30.4,HH,2753,1
05002,관악구,20234,커피-음료,3845,2522,2801,7,15.6,3.7,5,30.7,HH,2657,1
05002,관악구,20241,커피-음료,4191,3647,2531,7,3.1,1.0,4,27.8,HH,3053,1
05002,관악구,20242,커피-음료,4442,3554,3314,6,10.0,5.6,6,32.7,HH,2411,1
05002,관악구,20243,커피-음료,3845,2739,2115,6,11.1,2.7,5,29.7,HH,2378,1
05002,관악구,20244,커피-음료,4354,3677,3203,5,3.4,1.0,3,29.9,HH,2827,1
05002,관악구,20231,한식음식점,3601,3044,2504,3,8.8,2.5,0,28.0,HH,3496,1
05002,관악구,20232,한식음식점,3666,3009,2345,2,4.7,3.1,3,31.6,HH,3312,1
05002,관악구,20233,한식음식점,3583,3087,2506,8,8.3,7.6,6,31.6,HH,3097,1
05002,관악구,20234,한식음식점,3990,3345,2758,5,5.3,2.8,7,33.0,HH,2773,1
05002,관악구,20241,한식음식점,3460,2225,2726,7,6.6,5.4,2,29.5,HH,3460,0
05002,관악구,20242,한식음식점,3867,2772,2633,8,6.8,1.0,8,28.4,HH,3105,1
05002,관악구,20243,한식음식점,4500,3230,3584,6,6.9,1.8,5,29.3,HH,3230,1
05002,관악구,20244,한식음식점,3927,2942,2528,8,9.8,4.5,7,31.9,HH,3544,1
05002,관악구,20231,분식전문점,3422,3081,2618,3,7.7,2.6,0,30.8,HH,1741,0
05002,관악구,20232,분식전문점,3950,3125,2969,4,2.9,1.5,3,31.4,HH,1864,1
05002,관악구,20233,분식전문점,3772,2775,2786,2,2.4,5.9,0,32.4,HH,1839,1
05002,관악구,20234,분식전문점,4089,3371,2363,7,9.4,4.6,5,27.3,HH,1918,1
05002,관악구,20241,분식전문점,3722,3024,2758,8,4.4,5.6,3,30.1,HH,1970,1
05002,관악구,20242,분식전문점,3892,3062,2885,3,6.5,6.2,3,27.8,HH,2162,1
05002,관악구,20243,분식전문점,3467,2722,2568,6,7.4,1.3,2,31.9,HH,1967,1
05002,관악구,20244,분식전문점,4415,3434,3604,6,6.7,6.7,2,31.8,HH,1898,1
05002,관악구,20231,제과점,3418,2639,2048,4,11.0,8.8,0,32.5,HH,2726,1
05002,관악구,20232,제과점,4161,2975,3147,5,5.5,1.0,1,27.4,HH,2665,1
05002,관악구,20233,제과점,3744,3354,2997,2,4.8,11.7,1,31.5,HH,2502,1
05002,관악구,20234,제과점,3720,2509,2264,3,8.7,5.0,1,27.4,HH,2896,1
05002,관악구,20241,제과점,3476,2353,2499,3,6.9,2.5,1,28.3,HH,2216,0
05002,관악구,20242,제과점,3731,3179,2042,3,11.9,5.2,3,31.3,HH,2225,1
05002,관악구,20243,제과점,3503,2289,2856,7,13.7,4.7,3,30.7,HH,2691,1
05002,관악구,20244,제과점,3707,2824,2584,5,7.8,7.5,2,32.2,HH,2483,1
05002,관악구,20231,치킨전문점,4252,2863,2416,8,9.0,1.2,4,31.6,HH,2095,0
05002,관악구,20232,치킨전문점,3694,3333,2057,6,10.8,4.7,2,28.9,HH,2097,1
05002,관악구,20233,치킨전문점,3662,2950,2942,1,12.6,1.0,1,27.5,HH,2320,1
05002,관악구,20234,치킨전문점,3753,3484,2981,10,6.4,5.6,10,27.5,HH,2112,0
05002,관악구,20241,치킨전문점,4436,3962,3469,6,9.9,6.7,4,33.0,HH,2003,0
05002,관악구,20242,치킨전문점,4453,2850,2700,6,10.9,3.2,4,32.2,HH,2165,1
05002,관악구,20243,치킨전문점,3788,2914,2916,9,8.2,7.9,10,32.6,HH,1991,1
05002,관악구,20244,치킨전문점,4292,3212,2872,8,12.6,3.5,5,27.5,HH,1897,1
05002,관악구,20231,의류,3950,2849,2770,4,10.6,11.3,1,29.2,HH,2084,1
05002,관악구,20232,의류,4221,3225,3080,7,10.3,1.0,7,32.1,HH,1978,1
05002,관악구,20233,의류,3409,3119,2275,7,8.5,2.8,4,32.5,HH,1628,0
05002,관악구,20234,의류,3434,2445,2202,7,4.6,2.5,7,31.6,HH,1920,1
05002,관악구,20241,의류,4176,3016,2594,5,7.2,2.6,6,30.9,HH,1912,1
05002,관악구,20242,의류,3694,2733,2029,6,10.4,6.9,3,30.2,HH,1762,1
05002,관악구,20243,의류,3792,3366,2104,6,1.1,1.7,4,30.9,HH,2194,1
05002,관악구,20244,의류,4021,2579,2575,7,6.4,1.7,6,30.0,HH,2028,1
05003,관악구,20231,커피-음료,18085,22509,15833,6,7.2,7.5,4,16.2,HH,3134,1
05003,관악구,20232,커피-음료,16559,22383,13564,9,6.0,5.0,4,17.9,HH,3182,1
05003,관악구,20233,커피-음료,15759,18042,12603,5,4.2,1.0,4,17.7,HH,3361,0
05003,관악구,20234,커피-음료,20228,29848,16590,6,8.8,5.7,3,17.7,HH,3526,1
05003,관악구,20241,커피-음료,17577,21005,12982,5,8.5,8.5,3,17.7,HH,3409,1
05003,관악구,20242,커피-음료,17129,18359,12332,7,8.4,5.4,7,15.6,HH,3121,1
05003,관악구,20243,커피-음료,18620,20965,17231,5,7.2,3.9,2,18.5,HH,3386,1
05003,관악구,20244,커피-음료,18105,20491,15633,3,8.2,1.0,2,17.9,HH,3544,1
05003,관악구,20231,한식음식점,18618,23883,16641,7,14.2,3.6,5,17.9,HH,4373,1
05003,관악구,20232,한식음식점,16776,24571,11632,7,7.1,5.3,5,16.3,HH,3920,1
05003,관악구,20233,한식음식점,18355,22021,12655,4,11.3,8.6,1,16.9,HH,4181,1
05003,관악구,20234,한식음식점,20059,29993,14026,2,5.1,3.0,2,17.4,HH,4303,1
05003,관악구,20241,한식음식점,17682,19786,16347,7,1.5,4.6,6,18.3,HH,4235,1
05003,관악구,20242,한식음식점,18582,19998,12392,7,4.1,2.1,5,18.6,HH,4438,1
05003,관악구,20243,한식음식점,20041,21985,14702,6,11.9,5.0,4,17.5,HH,4077,1
05003,관악구,20244,한식음식점,18454,27747,15754,6,10.7,6.5,1,15.8,HH,4536,1
05003,관악구,20231,분식전문점,18723,29133,16415,5,10.2,3.6,3,16.5,HH,2527,1
05003,관악구,20232,분식전문점,16969,21979,13916,8,6.7,8.1,9,17.0,HH,2536,0
05003,관악구,20233,분식전문점,19073,26185,14285,5,10.3,9.1,3,16.7,HH,2752,1
05003,관악구,20234,분식전문점,19778,22081,16261,6,8.1,9.1,2,17.6,HH,2619,1
05003,관악구,20241,분식전문점,18942,20948,15730,5,5.2,7.8,4,15.4,HH,2547,1
05003,관악구,20242,분식전문점,19887,24759,17674,7,5.9,3.3,3,17.2,HH,2837,1
05003,관악구,20243,분식전문점,19301,22383,13933,6,3.0,1.6,4,15.8,HH,2391,1
05003,관악구,20244,분식전문점,16396,20678,12294,7,10.1,5.1,3,17.5,HH,2749,1
05003,관악구,20231,제과점,15612,19349,14831,5,8.8,6.7,2,18.2,HH,3102,1
05003,관악구,20232,제과점,19760,27370,16933,9,7.3,1.0,5,18.4,HH,3304,1
05003,관악구,20233,제과점,15565,17448,13951,9,8.1,4.0,7,16.3,HH,3110,1
05003,관악구,20234,제과점,18570,26761,13806,7,9.4,5.5,1,16.0,HH,3528,1
05003,관악구,20241,제과점,17107,26077,14177,9,3.2,1.0,9,18.3,HH,3072,1
05003,관악구,20242,제과점,18314,27098,17568,2,9.6,4.6,2,17.4,HH,3288,1
05003,관악구,20243,제과점,18585,26418,14420,2,11.1,1.0,0,16.2,HH,3437,1
05003,관악구,20244,제과점,16181,18085,11038,4,6.5,5.7,1,15.9,HH,3275,1
05003,관악구,20231,치킨전문점,16626,21250,12439,10,10.1,8.7,6,16.8,HH,2493,1
05003,관악구,20232,치킨전문점,17590,25484,14095,2,13.4,1.0,1,17.9,HH,2711,0
05003,관악구,20233,치킨전문점,16560,24602,15943,9,7.5,4.3,8,15.5,HH,2490,1
05003,관악구,20234,치킨전문점,19757,26820,16360,11,9.2,1.7,2,16.7,HH,2938,1
05003,관악구,20241,치킨전문점,16772,22469,14572,2,5.0,3.0,5,17.3,HH,2929,1
05003,관악구,20242,치킨전문점,15879,23185,15508,4,8.5,1.6,2,16.4,HH,2628,1
05003,관악구,20243,치킨전문점,18115,24417,12355,2,9.2,5.2,0,15.8,HH,2958,1
05003,관악구,20244,치킨전문점,17857,21019,15043,6,6.1,5.4,0,18.6,HH,2784,0
05003,관악구,20231,의류,19551,27378,16670,5,6.7,1.0,3,17.1,HH,2782,1
05003,관악구,20232,의류,19950,27142,19173,8,7.8,2.7,9,17.8,HH,2587,1
05003,관악구,20233,의류,17331,22986,14396,3,5.0,5.7,1,18.1,HH,2795,1
05003,관악구,20234,의류,17221,21598,14835,2,4.3,3.3,2,15.9,HH,2718,1
05003,관악구,20241,의류,16423,20197,12095,3,8.5,1.0,2,15.8,HH,2881,1
05003,관악구,20242,의류,17608,25505,11853,6,8.1,1.0,6,18.4,HH,2870,1
05003,관악구,20243,의류,15676,17279,15070,6,10.2,1.0,7,18.6,HH,2704,1
05003,관악구,20244,의류,18644,19996,14144,5,4.6,1.0,0,16.9,HH,3211,1
05004,관악구,20231,커피-음료,7761,9164,3492,10,2.9,11.4,5,17.9,LH,2802,1
05004,관악구,20232,커피-음료,7152,9011,2801,8,8.3,7.6,4,19.5,LH,3109,0
05004,관악구,20233,커피-음료,7353,8696,3248,10,9.2,4.7,8,16.8,LH,2851,1
05004,관악구,20234,커피-음료,6313,7689,3363,7,5.0,1.0,6,17.6,LH,2632,1
05004,관악구,20241,커피-음료,7806,8171,2919,10,7.1,8.6,5,18.5,LH,3011,1
05004,관악구,20242,커피-음료,7168,8794,3653,5,7.8,4.8,8,17.4,LH,2863,0
05004,관악구,20243,커피-음료,6274,5421,2716,2,10.3,10.6,1,19.7,LH,2846,1
05004,관악구,20244,커피-음료,7791,8698,4032,6,9.5,12.8,6,17.9,LH,3247,0
05004,관악구,20231,한식음식점,7006,7841,2843,5,1.0,9.2,2,19.4,LH,3553,1
05004,관악구,20232,한식음식점,7710,7628,3167,7,9.6,3.3,4,17.7,LH,3811,1
05004,관악구,20233,한식음식점,6327,6407,2468,3,12.2,2.9,0,16.5,LH,3902,1
05004,관악구,20234,한식음식점,7817,6890,4233,6,4.0,7.1,4,16.3,LH,3951,1
05004,관악구,20241,한식음식점,7833,6676,3378,8,11.0,1.0,9,18.0,LH,3456,0
05004,관악구,20242,한식음식점,6844,6072,2596,9,12.7,5.8,7,18.3,LH,3564,1
05004,관악구,20243,한식음식점,8137,9326,4505,8,5.6,6.8,4,17.3,LH,3917,1
05004,관악구,20244,한식음식점,6967,6731,3473,5,10.8,6.6,3,17.3,LH,4099,1
05004,관악구,20231,분식전문점,6196,6395,2590,5,5.1,11.3,2,16.9,LH,2201,0
05004,관악구,20232,분식전문점,6344,5685,2837,4,10.6,5.6,2,18.0,LH,2157,1
05004,관악구,20233,분식전문점,6123,7246,3134,3,4.8,7.3,2,17.4,LH,2124,1
05004,관악구,20234,분식전문점,8180,7492,3786,10,10.7,4.4,3,19.0,LH,1834,0
05004,관악구,20241,분식전문점,7148,7956,3091,5,8.4,12.6,1,17.4,LH,2511,1
05004,관악구,20242,분식전문점,6187,5850,2381,5,7.5,7.3,2,19.0,LH,2033,1
05004,관악구,20243,분식전문점,7622,7856,3704,6,8.5,5.0,1,18.5,LH,2281,1
05004,관악구,20244,분식전문점,8121,9241,4348,10,8.2,4.5,3,19.5,LH,2106,0
05004,관악구,20231,제과점,8166,10091,4055,6,7.4,1.0,1,17.5,LH,2333,1
05004,관악구,20232,제과점,7833,7849,3543,5,9.8,6.3,5,18.1,LH,2619,1
05004,관악구,20233,제과점,6771,7197,3511,8,4.9,3.7,3,19.1,LH,2891,1
05004,관악구,20234,제과점,6108,7095,2733,4,8.9,8.3,1,19.1,LH,2634,1
05004,관악구,20241,제과점,6773,5923,2715,3,5.7,10.8,3,19.7,LH,2859,1
05004,관악구,20242,제과점,6677,6661,2577,8,13.9,4.1,7,18.3,LH,2765,1
05004,관악구,20243,제과점,6527,6620,3056,3,6.8,8.1,3,19.0,LH,2603,0
05004,관악구,20244,제과점,6371,6276,3487,4,4.6,6.2,1,18.1,LH,3242,0
05004,관악구,20231,치킨전문점,8158,10157,3374,10,6.4,3.6,5,18.1,LH,2167,1
05004,관악구,20232,치킨전문점,6316,6606,3252,5,6.9,5.2,2,17.4,LH,2306,1
05004,관악구,20233,치킨전문점,7544,8069,2989,6,10.4,4.9,2,17.2,LH,2026,1
05004,관악구,20234,치킨전문점,8182,8169,3960,7,7.9,10.5,4,18.9,LH,2490,0
05004,관악구,20241,치킨전문점,6322,7855,2771,6,10.3,3.8,3,17.4,LH,2476,1
05004,관악구,20242,치킨전문점,6236,5951,2899,4,6.9,4.0,1,19.5,LH,2712,0
05004,관악구,20243,치킨전문점,6677,8076,3540,9,8.8,11.6,7,18.4,LH,2462,1
05004,관악구,20244,치킨전문점,6796,6383,3256,11,7.9,5.5,3,18.6,LH,2789,1
05004,관악구,20231,의류,6937,6591,2690,6,1.7,9.8,4,19.2,LH,2200,1
05004,관악구,20232,의류,6167,5621,3051,8,7.3,4.8,5,17.3,LH,2057,1
05004,관악구,20233,의류,7329,9172,3049,6,9.6,1.0,4,19.1,LH,2498,1
05004,관악구,20234,의류,6450,7764,3018,6,2.6,9.4,0,17.1,LH,2512,0
05004,관악구,20241,의류,6807,5971,3457,1,8.4,5.4,1,19.5,LH,2462,1
05004,관악구,20242,의류,6824,6667,3606,5,10.0,6.4,1,19.6,LH,2240,0
05004,관악구,20243,의류,6296,5683,2625,6,7.5,5.6,2,17.4,LH,2510,1
05004,관악구,20244,의류,7985,8615,3507,4,12.8,5.0,3,16.6,LH,2778,1
05005,관악구,20231,커피-음료,15589,14553,4207,7,10.4,7.2,5,32.7,LH,2518,1
05005,관악구,20232,커피-음료,17237,20595,5268,10,9.6,7.0,5,28.0,LH,2710,1
05005,관악구,20233,커피-음료,18555,21221,7083,8,13.4,9.1,4,30.5,LH,2828,1
05005,관악구,20234,커피-음료,18021,17575,5590,5,11.0,4.5,1,29.2,LH,3130,0
05005,관악구,20241,커피-음료,16185,17760,4676,6,8.1,5.9,4,28.0,LH,3196,0
05005,관악구,20242,커피-음료,16866,19106,4535,10,12.5,7.2,7,30.4,LH,3127,1
05005,관악구,20243,커피-음료,16308,20231,5144,7,4.7,6.1,5,31.4,LH,2950,1
05005,관악구,20244,커피-음료,17340,16472,4782,5,6.3,8.2,3,27.8,LH,3213,1
05005,관악구,20231,한식음식점,18284,20473,4733,9,14.1,9.5,8,28.9,LH,3418,1
05005,관악구,20232,한식음식점,18212,23766,6342,5,3.4,11.7,2,30.3,LH,4136,0
05005,관악구,20233,한식음식점,18902,24986,6517,5,12.3,10.4,5,27.3,LH,3763,1
05005,관악구,20234,한식음식점,19468,20011,7381,7,7.3,8.3,4,29.9,LH,3791,1
05005,관악구,20241,한식음식점,17174,17130,6297,6,6.5,1.0,0,29.7,LH,3964,0
05005,관악구,20242,한식음식점,20432,23962,5405,6,10.0,6.5,5,29.7,LH,3578,1
05005,관악구,20243,한식음식점,19190,24959,7049,3,9.6,3.7,3,29.1,LH,4271,1
05005,관악구,20244,한식음식점,17699,17136,4685,4,6.3,6.3,3,31.9,LH,3864,1
05005,관악구,20231,분식전문점,19216,19063,5249,3,11.1,3.2,1,28.2,LH,2132,1
05005,관악구,20232,분식전문점,17330,16547,4998,5,7.4,6.9,6,29.2,LH,2194,1
05005,관악구,20233,분식전문점,18446,17835,4808,11,2.4,2.9,7,31.3,LH,2041,0
05005,관악구,20234,분식전문점,20039,22765,7138,3,10.9,7.7,1,30.4,LH,1814,1
05005,관악구,20241,분식전문점,16408,15601,4862,7,11.6,7.9,5,31.6,LH,1970,1
05005,관악구,20242,분식전문점,19873,18614,7368,6,4.8,4.1,3,31.1,LH,2557,0
05005,관악구,20243,분식전문점,17680,20088,5117,6,10.6,10.2,2,30.4,LH,2303,1
05005,관악구,20244,분식전문점,20042,18999,6475,7,6.9,7.0,8,30.1,LH,2126,1
05005,관악구,20231,제과점,20010,21690,6163,4,9.8,5.1,2,27.3,LH,3209,1
05005,관악구,20232,제과점,17229,23017,6312,14,8.9,4.3,8,33.1,LH,2624,0
05005,관악구,20233,제과점,15694,20636,4390,4,8.5,10.4,1,31.2,LH,2946,1
05005,관악구,20234,제과점,18079,24041,4775,8,9.5,8.4,7,31.0,LH,2965,1
05005,관악구,20241,제과점,20507,22806,6350,5,6.4,10.4,2,32.8,LH,2968,1
05005,관악구,20242,제과점,16147,18886,4175,4,2.8,7.0,1,29.0,LH,3226,1
05005,관악구,20243,제과점,20258,25332,5267,4,8.6,2.1,2,27.7,LH,3305,1
05005,관악구,20244,제과점,15695,21265,4356,7,6.5,13.4,2,32.6,LH,2968,0
05005,관악구,20231,치킨전문점,17008,21496,5896,9,7.1,4.6,6,31.6,LH,2687,0
05005,관악구,20232,치킨전문점,15449,17760,5000,5,9.0,4.8,4,28.0,LH,2300,1
05005,관악구,20233,치킨전문점,16390,21618,5065,5,8.6,9.1,3,28.4,LH,2598,1
05005,관악구,20234,치킨전문점,19643,19338,5217,9,7.3,3.6,6,31.2,LH,2379,1
05005,관악구,20241,치킨전문점,15833,18738,5683,6,11.7,10.7,3,28.9,LH,2708,0
05005,관악구,20242,치킨전문점,19002,25511,6624,6,10.2,5.7,4,32.7,LH,2848,1
05005,관악구,20243,치킨전문점,17695,19904,6410,2,11.8,1.0,2,30.2,LH,2237,1
05005,관악구,20244,치킨전문점,17538,23622,4903,4,7.4,7.5,2,29.5,LH,2877,1
05005,관악구,20231,의류,17572,17513,6588,10,9.9,9.9,4,29.0,LH,2336,1
05005,관악구,20232,의류,16388,18483,4799,7,5.4,7.3,5,28.3,LH,2149,1
05005,관악구,20233,의류,17743,17079,6087,3,7.7,3.0,1,29.0,LH,2569,1
05005,관악구,20234,의류,18713,20141,7124,5,8.5,8.0,9,30.8,LH,2223,0
05005,관악구,20241,의류,16045,17377,4918,7,5.8,4.5,8,29.5,LH,2454,0
05005,관악구,20242,의류,17326,16238,5663,3,6.1,6.2,0,28.6,LH,2658,0
05005,관악구,20243,의류,19286,19923,6013,5,5.2,7.2,2,28.2,LH,2743,1
05005,관악구,20244,의류,19602,19345,5674,7,10.6,7.9,3,28.7,LH,2567,1
05006,관악구,20231,커피-음료,4515,3303,6231,9,2.3,1.0,3,25.2,LL,2393,1
05006,관악구,20232,커피-음료,4520,3382,5222,4,7.1,9.7,3,23.3,LL,2910,1
05006,관악구,20233,커피-음료,4872,3969,5800,4,3.1,8.1,4,25.7,LL,2662,1
05006,관악구,20234,커피-음료,4864,3818,5935,3,3.7,9.9,0,25.6,LL,3078,1
05006,관악구,20241,커피-음료,3801,2478,4597,8,2.8,5.8,9,22.8,LL,2463,1
05006,관악구,20242,커피-음료,3873,3270,4048,8,6.7,6.6,6,24.9,LL,3037,0
05006,관악구,20243,커피-음료,4065,3319,4042,4,8.9,5.7,1,24.0,LL,2966,1
05006,관악구,20244,커피-음료,3996,3293,4219,7,9.0,7.8,1,25.1,LL,2581,1
05006,관악구,20231,한식음식점,4649,3091,6141,10,5.4,5.1,6,26.0,LL,3244,1
05006,관악구,20232,한식음식점,4452,2903,5880,10,14.2,4.5,8,24.5,LL,3237,1
05006,관악구,20233,한식음식점,4465,3762,5845,3,5.1,3.8,1,23.3,LL,3722,1
05006,관악구,20234,한식음식점,4167,3512,5548,5,6.9,4.7,2,22.4,LL,3907,1
05006,관악구,20241,한식음식점,4799,3316,6718,2,7.8,9.9,0,25.1,LL,3771,1
05006,관악구,20242,한식음식점,4472,3855,5856,4,9.4,6.4,3,24.4,LL,3910,1
05006,관악구,20243,한식음식점,3976,2561,4610,5,3.6,3.2,4,26.0,LL,3738,1
05006,관악구,20244,한식음식점,4167,3146,5481,6,6.9,4.9,2,24.3,LL,3822,1
05006,관악구,20231,분식전문점,4167,3321,5669,5,6.0,3.5,3,24.8,LL,1642,0
05006,관악구,20232,분식전문점,4163,2813,4036,6,10.6,8.9,5,22.9,LL,1791,0
05006,관악구,20233,분식전문점,4281,2793,5794,3,6.4,8.9,1,24.7,LL,1826,0
05006,관악구,20234,분식전문점,4399,3718,5814,5,6.8,5.0,2,25.9,LL,1792,1
05006,관악구,20241,분식전문점,4513,3514,6402,6,12.2,2.5,5,22.9,LL,1640,1
05006,관악구,20242,분식전문점,4168,3027,4063,3,7.2,7.0,2,22.3,LL,1902,0
05006,관악구,20243,분식전문점,3773,3367,5105,7,10.8,4.0,3,23.1,LL,1971,1
05006,관악구,20244,분식전문점,3763,3146,4115,6,7.3,4.2,2,23.0,LL,2150,0
05006,관악구,20231,제과점,4664,3626,5233,10,6.0,7.3,6,26.5,LL,1992,1
05006,관악구,20232,제과점,4764,2949,5151,2,4.1,5.7,2,23.8,LL,2689,1
05006,관악구,20233,제과점,4611,2977,4610,13,6.2,8.4,3,25.2,LL,2385,1
05006,관악구,20234,제과점,3723,3153,5285,5,1.0,9.9,1,24.4,LL,2661,1
05006,관악구,20241,제과점,4342,3251,4483,8,12.0,12.1,4,24.1,LL,2651,1
05006,관악구,20242,제과점,4299,3824,4819,1,4.7,6.1,1,24.9,LL,2282,0
05006,관악구,20243,제과점,4095,2528,5171,2,10.7,11.2,2,23.4,LL,2537,1
05006,관악구,20244,제과점,3964,2514,4875,4,8.8,7.5,1,24.0,LL,2989,0
05006,관악구,20231,치킨전문점,4376,2687,6048,9,8.5,10.1,4,23.6,LL,2670,0
05006,관악구,20232,치킨전문점,4376,3844,5721,10,5.9,3.9,5,25.7,LL,2195,1
05006,관악구,20233,치킨전문점,3962,2805,5200,3,9.1,7.5,1,23.7,LL,2391,1
05006,관악구,20234,치킨전문점,4599,3113,4477,4,4.1,9.0,5,26.0,LL,2186,0
05006,관악구,20241,치킨전문점,3652,2690,4422,9,9.2,9.9,5,24.1,LL,2139,1
05006,관악구,20242,치킨전문점,4401,3255,4525,5,5.5,9.2,3,25.9,LL,2294,1
05006,관악구,20243,치킨전문점,3850,2684,4339,6,6.9,4.4,3,25.4,LL,2061,1
05006,관악구,20244,치킨전문점,3847,2481,4041,7,12.8,2.0,9,25.8,LL,1950,1
05006,관악구,20231,의류,3678,2675,4864,6,7.2,9.9,4,23.7,LL,2226,1
05006,관악구,20232,의류,4544,3080,5328,6,10.0,8.5,5,22.6,LL,1767,1
05006,관악구,20233,의류,4121,3021,4627,5,8.2,6.7,8,27.0,LL,2158,1
05006,관악구,20234,의류,4257,3366,4462,4,9.8,12.1,1,23.1,LL,2063,1
05006,관악구,20241,의류,3932,2585,4343,8,4.4,9.6,3,26.4,LL,2055,1
05006,관악구,20242,의류,3654,2600,3769,6,2.8,6.3,1,26.2,LL,2126,1
05006,관악구,20243,의류,4745,4013,5646,4,3.0,2.0,3,25.5,LL,2030,1
05006,관악구,20244,의류,4249,2918,5800,8,7.9,6.2,3,25.2,LL,2196,0
05007,관악구,20231,커피-음료,4391,4055,2793,7,12.6,4.4,6,28.6,LL,2489,1
05007,관악구,20232,커피-음료,4757,3556,2501,10,10.4,4.6,5,28.6,LL,2674,1
05007,관악구,20233,커피-음료,4906,4094,3145,6,15.0,9.0,2,30.1,LL,2838,1
05007,관악구,20234,커피-음료,4632,3604,2954,6,12.0,7.7,7,30.9,LL,2594,1
05007,관악구,20241,커피-음료,4888,4208,2352,7,8.9,5.4,3,28.0,LL,2907,0
05007,관악구,20242,커피-음료,4345,3756,2367,3,5.5,6.0,0,29.3,LL,3238,1
05007,관악구,20243,커피-음료,5241,3803,3306,8,12.0,10.1,4,32.8,LL,2714,0
05007,관악구,20244,커피-음료,4787,4454,2514,9,9.8,8.3,1,29.3,LL,2977,1
05007,관악구,20231,한식음식점,5120,4080,2403,7,8.2,3.9,3,32.2,LL,3467,1
05007,관악구,20232,한식음식점,5015,4138,2879,13,13.5,11.9,3,28.9,LL,3341,1
05007,관악구,20233,한식음식점,4629,3837,2926,7,10.9,5.8,3,32.8,LL,3618,1
05007,관악구,20234,한식음식점,4553,3010,2404,9,8.6,10.0,2,27.9,LL,3551,1
05007,관악구,20241,한식음식점,5166,3464,3269,6,5.8,9.5,4,32.1,LL,3431,1
05007,관악구,20242,한식음식점,5182,5096,2896,8,10.3,8.9,1,28.1,LL,3401,0
05007,관악구,20243,한식음식점,5581,5202,3685,8,7.7,3.9,5,29.1,LL,3227,0
05007,관악구,20244,한식음식점,4603,3367,2419,5,14.2,4.5,1,30.8,LL,3770,1
05007,관악구,20231,분식전문점,5370,4769,3281,9,14.6,6.0,2,29.1,LL,1823,1
05007,관악구,20232,분식전문점,4667,3438,2724,3,9.3,10.0,2,29.1,LL,1898,1
05007,관악구,20233,분식전문점,4462,4255,2946,5,6.9,9.5,5,30.9,LL,1960,1
05007,관악구,20234,분식전문점,5536,5425,3066,5,9.4,5.4,3,27.1,LL,1785,0
05007,관악구,20241,분식전문점,5745,4728,3895,5,5.1,10.8,3,29.5,LL,2150,1
05007,관악구,20242,분식전문점,5274,4442,3291,5,9.0,4.2,3,29.1,LL,1794,1
05007,관악구,20243,분식전문점,4814,4436,3187,9,7.2,14.2,9,30.9,LL,1979,1
05007,관악구,20244,분식전문점,5618,4364,2895,7,8.0,11.0,0,27.5,LL,2082,1
05007,관악구,20231,제과점,5166,3560,2919,5,11.6,1.0,2,29.0,LL,2606,0
05007,관악구,20232,제과점,4356,4165,2944,3,8.4,12.5,1,29.0,LL,2807,1
05007,관악구,20233,제과점,5237,3987,3197,5,11.2,8.9,6,28.3,LL,2347,1
05007,관악구,20234,제과점,4906,3862,2590,5,4.4,7.4,3,28.2,LL,2295,1
05007,관악구,20241,제과점,4971,3331,2817,10,7.4,13.4,5,28.3,LL,2391,0
05007,관악구,20242,제과점,5324,5206,3529,7,10.2,7.1,6,31.8,LL,2069,0
05007,관악구,20243,제과점,4301,3415,2552,6,1.9,7.9,4,28.4,LL,2743,1
05007,관악구,20244,제과점,4358,4296,2448,6,8.1,8.2,2,28.8,LL,2624,1
05007,관악구,20231,치킨전문점,4903,3741,2583,7,10.9,8.2,5,30.4,LL,1952,1
05007,관악구,20232,치킨전문점,5226,4343,2420,6,7.8,5.2,6,27.9,LL,1701,0
05007,관악구,20233,치킨전문점,4260,3361,1975,4,9.1,10.8,1,28.4,LL,2120,1
05007,관악구,20234,치킨전문점,5542,5318,3394,5,9.1,4.8,7,30.5,LL,2192,0
05007,관악구,20241,치킨전문점,4543,4177,2255,9,3.5,1.0,5,29.9,LL,1936,1
05007,관악구,20242,치킨전문점,4265,3014,2651,8,6.1,4.0,2,31.1,LL,2203,1
05007,관악구,20243,치킨전문점,5545,5100,3150,7,9.7,4.4,1,30.7,LL,2057,0
05007,관악구,20244,치킨전문점,5314,4835,2713,5,1.3,6.3,2,31.0,LL,2460,0
05007,관악구,20231,의류,4465,3062,2845,7,8.5,5.6,2,29.6,LL,1978,1
05007,관악구,20232,의류,5603,5395,3782,3,5.9,5.6,3,27.8,LL,2249,1
05007,관악구,20233,의류,4525,3090,2363,4,6.9,10.7,3,31.7,LL,2094,0
05007,관악구,20234,의류,5703,4433,3856,6,10.2,7.6,2,27.6,LL,2040,1
05007,관악구,20241,의류,5648,4847,3573,16,8.1,8.0,10,28.2,LL,1848,0
05007,관악구,20242,의류,5242,4874,3039,5,9.3,4.4,2,29.8,LL,2486,1
05007,관악구,20243,의류,4782,4148,2769,4,8.8,10.5,1,27.8,LL,2550,0
05007,관악구,20244,의류,5216,4980,3450,7,9.6,6.8,2,29.4,LL,2309,0
05008,관악구,20231,커피-음료,19835,20647,6223,10,6.2,9.3,8,17.2,LL,2632,1
05008,관악구,20232,커피-음료,18828,19477,6345,6,3.1,5.1,3,16.7,LL,3293,1
05008,관악구,20233,커피-음료,21711,24565,7684,1,7.8,8.5,1,16.9,LL,3574,1
05008,관악구,20234,커피-음료,18762,18018,6805,1,10.7,4.2,2,16.5,LL,3359,1
05008,관악구,20241,커피-음료,22283,22579,8966,3,7.2,9.9,2,14.3,LL,3468,1
05008,관악구,20242,커피-음료,18240,21477,6324,5,9.4,5.5,5,17.0,LL,3525,1
05008,관악구,20243,커피-음료,20351,23713,7821,5,7.6,1.0,7,15.3,LL,3498,1
05008,관악구,20244,커피-음료,17135,20793,7643,8,8.5,6.6,4,15.9,LL,3228,1
05008,관악구,20231,한식음식점,17637,22458,7885,5,9.3,7.4,3,16.6,LL,3770,1
05008,관악구,20232,한식음식점,18042,22264,8110,1,9.2,8.7,0,16.7,LL,4356,1
05008,관악구,20233,한식음식점,21271,19800,8856,6,9.1,3.6,5,17.1,LL,4306,1
05008,관악구,20234,한식음식점,19191,20897,6754,6,11.5,7.8,3,17.4,LL,4049,1
05008,관악구,20241,한식음식점,22055,27632,6873,8,9.9,2.4,3,15.4,LL,4518,1
05008,관악구,20242,한식음식점,17664,17096,5786,5,7.7,7.7,2,15.6,LL,4289,1
05008,관악구,20243,한식음식점,18379,20759,8182,11,4.9,8.7,7,16.9,LL,4061,1
05008,관악구,20244,한식음식점,17877,18790,6718,5,9.3,9.7,4,17.5,LL,3960,1
05008,관악구,20231,분식전문점,17766,15915,7302,3,7.0,1.9,2,14.9,LL,2287,1
05008,관악구,20232,분식전문점,21222,24050,9143,8,6.3,8.1,3,15.3,LL,2773,1
05008,관악구,20233,분식전문점,22318,25554,10169,3,9.0,4.1,1,16.8,LL,2561,1
05008,관악구,20234,분식전문점,19160,24195,6130,3,7.8,7.4,5,16.2,LL,2447,1
05008,관악구,20241,분식전문점,21538,21779,9108,6,6.4,4.7,4,14.8,LL,2826,1
05008,관악구,20242,분식전문점,18220,20477,7998,7,8.1,10.7,3,16.2,LL,2746,0
05008,관악구,20243,분식전문점,18170,19365,7157,3,6.9,6.9,2,16.3,LL,2349,1
05008,관악구,20244,분식전문점,19469,24026,7146,4,6.5,8.5,2,15.7,LL,2456,1
05008,관악구,20231,제과점,21735,28738,9405,4,5.7,11.4,4,17.1,LL,2863,1
05008,관악구,20232,제과점,19699,18240,7165,5,10.0,6.5,4,15.5,LL,2994,1
05008,관악구,20233,제과점,16542,15888,6318,5,6.8,5.7,1,15.5,LL,3361,1
05008,관악구,20234,제과점,18241,17744,7716,7,1.0,9.0,1,16.9,LL,3154,1
05008,관악구,20241,제과점,21220,28039,8106,6,4.3,5.8,2,16.8,LL,3140,1
05008,관악구,20242,제과점,17193,17991,5488,7,9.3,6.8,2,16.5,LL,3028,1
05008,관악구,20243,제과점,18135,20386,6325,4,9.0,4.2,2,17.5,LL,3203,0
05008,관악구,20244,제과점,18280,22623,6516,7,11.7,1.0,5,16.4,LL,2960,1
05008,관악구,20231,치킨전문점,16894,15642,6063,4,7.9,12.7,1,15.4,LL,2910,0
05008,관악구,20232,치킨전문점,21619,22594,8554,4,7.6,6.8,4,14.9,LL,3154,1
05008,관악구,20233,치킨전문점,22165,20353,7118,13,10.7,5.5,8,14.6,LL,2756,1
05008,관악구,20234,치킨전문점,19699,20909,8299,6,9.3,6.8,5,15.3,LL,2837,1
05008,관악구,20241,치킨전문점,16681,17018,7440,4,8.3,3.7,1,16.6,LL,2849,1
05008,관악구,20242,치킨전문점,18842,22649,7411,6,6.2,10.2,5,17.2,LL,2805,0
05008,관악구,20243,치킨전문점,17852,19062,7994,4,9.0,6.6,1,16.6,LL,3442,1
05008,관악구,20244,치킨전문점,21956,26283,8616,1,9.6,6.9,1,16.4,LL,2959,1
05008,관악구,20231,의류,20768,19984,6730,8,9.1,3.0,7,17.3,LL,2523,1
05008,관악구,20232,의류,19704,23775,6660,5,6.6,4.5,2,14.3,LL,2916,1
05008,관악구,20233,의류,22285,29630,8847,6,9.5,6.9,4,17.4,LL,2851,1
05008,관악구,20234,의류,21776,25151,6827,4,3.7,14.7,0,16.2,LL,2915,0
05008,관악구,20241,의류,17644,18739,6041,11,13.3,6.3,5,14.4,LL,2683,1
05008,관악구,20242,의류,17649,18501,7220,7,6.6,4.8,3,15.6,LL,2576,1
05008,관악구,20243,의류,19583,20424,7840,4,8.4,5.3,2,15.1,LL,2774,1
05008,관악구,20244,의류,22113,25207,9471,6,7.2,9.2,2,17.0,LL,2774,1
06000,송파구,20231,커피-음료,10807,12870,6995,3,9.2,14.0,2,17.5,LL,2937,0
06000,송파구,20232,커피-음료,11592,15338,8138,10,15.8,5.9,8,16.8,LL,2878,0
06000,송파구,20233,커피-음료,12664,16750,8897,2,11.4,4.2,2,17.9,LL,2859,1
06000,송파구,20234,커피-음료,10731,13297,8894,4,11.1,7.1,1,18.8,LL,2749,1
06000,송파구,20241,커피-음료,10089,11366,6241,9,7.5,1.0,7,18.5,LL,2951,1
06000,송파구,20242,커피-음료,12967,17573,9518,5,4.2,7.3,3,18.4,LL,3170,0
06000,송파구,20243,커피-음료,11480,11432,7683,6,14.0,7.2,2,16.2,LL,3058,0
06000,송파구,20244,커피-음료,12566,13508,8389,4,10.9,5.8,2,18.1,LL,3355,1
06000,송파구,20231,한식음식점,9747,11447,7969,6,4.8,8.0,1,16.8,LL,4021,1
06000,송파구,20232,한식음식점,10382,14018,8350,11,9.5,5.7,12,19.0,LL,3116,1
06000,송파구,20233,한식음식점,12768,16084,9522,3,7.3,3.2,2,19.0,LL,3621,1
06000,송파구,20234,한식음식점,11661,16563,9606,7,10.6,11.3,7,16.6,LL,3401,0
06000,송파구,20241,한식음식점,10175,13803,6459,7,10.1,4.8,2,18.3,LL,4141,1
06000,송파구,20242,한식음식점,11409,11545,7025,3,12.8,1.0,2,18.6,LL,3858,1
06000,송파구,20243,한식음식점,11927,13627,6886,7,11.3,8.1,2,17.6,LL,3975,1
06000,송파구,20244,한식음식점,9774,10483,8270,8,11.9,2.7,10,18.8,LL,3250,1
06000,송파구,20231,분식전문점,10911,13300,7235,5,6.4,4.8,2,17.9,LL,2085,1
06000,송파구,20232,분식전문점,11461,13762,7263,2,8.3,8.9,1,17.8,LL,2148,1
06000,송파구,20233,분식전문점,10473,12562,7460,5,8.6,5.1,2,17.1,LL,2472,1
06000,송파구,20234,분식전문점,12781,14561,10503,9,10.1,6.9,9,17.2,LL,2487,1
06000,송파구,20241,분식전문점,10156,12311,7369,8,9.3,4.8,9,15.8,LL,2034,1
06000,송파구,20242,분식전문점,10037,10934,8563,5,7.5,6.9,1,17.7,LL,2289,0
06000,송파구,20243,분식전문점,10051,12025,5733,6,5.1,1.9,6,19.0,LL,1988,1
06000,송파구,20244,분식전문점,11227,16368,6936,7,5.1,6.9,8,19.0,LL,2088,1
06000,송파구,20231,제과점,10793,12725,6598,5,5.7,6.7,3,16.8,LL,2941,1
06000,송파구,20232,제과점,10621,11477,7551,10,6.3,2.6,7,18.5,LL,2158,1
06000,송파구,20233,제과점,11883,12469,8800,7,9.8,5.6,4,18.6,LL,3165,1
06000,송파구,20234,제과점,10533,12208,6404,6,6.5,5.2,11,16.4,LL,2430,1
06000,송파구,20241,제과점,11364,13274,9381,6,4.8,1.6,2,17.0,LL,2701,1
06000,송파구,20242,제과점,11725,16328,8494,6,10.4,1.0,2,17.3,LL,2788,1
06000,송파구,20243,제과점,12078,11856,8662,7,2.7,4.7,0,17.1,LL,2945,1
06000,송파구,20244,제과점,12913,15956,10203,11,6.6,10.0,2,16.9,LL,3118,0
06000,송파구,20231,치킨전문점,12097,16550,9643,9,4.6,2.2,5,18.3,LL,2668,1
06000,송파구,20232,치킨전문점,10283,11805,7300,7,9.0,7.7,6,16.1,LL,2298,0
06000,송파구,20233,치킨전문점,11701,14347,7407,11,10.6,3.3,3,17.3,LL,2472,1
06000,송파구,20234,치킨전문점,10787,14987,6926,6,7.0,8.4,2,16.2,LL,2534,1
06000,송파구,20241,치킨전문점,10675,11133,6740,7,4.0,1.0,4,19.0,LL,2506,1
06000,송파구,20242,치킨전문점,10184,12238,8070,4,7.9,5.1,3,15.8,LL,2623,1
06000,송파구,20243,치킨전문점,10326,13467,6630,4,5.9,10.9,4,17.2,LL,2702,1
06000,송파구,20244,치킨전문점,9631,13441,6360,3,10.6,5.2,2,17.8,LL,2957,1
06000,송파구,20231,의류,12330,14052,7032,10,12.0,6.4,7,15.7,LL,2295,1
06000,송파구,20232,의류,12294,15581,9987,7,6.9,7.9,6,17.9,LL,2035,0
06000,송파구,20233,의류,12453,16221,8145,5,6.5,10.9,4,17.5,LL,2372,0
06000,송파구,20234,의류,12199,14119,8667,5,9.1,4.7,4,16.9,LL,2556,1
06000,송파구,20241,의류,10219,12401,7142,7,10.3,2.8,6,17.9,LL,2426,1
06000,송파구,20242,의류,9887,11116,7044,10,6.7,5.3,10,17.4,LL,2369,1
06000,송파구,20243,의류,9867,9658,7162,8,9.1,6.5,2,16.4,LL,2875,1
06000,송파구,20244,의류,10474,14029,8874,7,2.4,8.5,2,17.8,LL,3012,1
06001,송파구,20231,커피-음료,8679,8897,6083,4,8.3,5.7,0,24.6,HL,2667,1
06001,송파구,20232,커피-음료,7969,11572,6999,2,11.1,5.7,2,28.0,HL,2699,1
06001,송파구,20233,커피-음료,7803,8145,6007,3,5.8,6.8,2,27.2,HL,2637,1
06001,송파구,20234,커피-음료,6463,8876,4017,6,12.7,4.3,3,27.0,HL,2489,1
06001,송파구,20241,커피-음료,8346,10888,6397,5,10.0,8.0,1,24.7,HL,2770,1
06001,송파구,20242,커피-음료,7176,9737,5737,2,7.3,3.1,4,26.9,HL,2471,1
06001,송파구,20243,커피-음료,7321,7978,4892,5,9.0,2.7,2,26.2,HL,2772,0
06001,송파구,20244,커피-음료,6680,9116,5871,5,5.2,6.5,1,28.0,HL,2685,1
06001,송파구,20231,한식음식점,8085,9535,5919,11,8.5,6.4,8,28.6,HL,2986,1
06001,송파구,20232,한식음식점,8649,10300,5379,1,6.1,4.1,2,29.4,HL,3450,1
06001,송파구,20233,한식음식점,7891,10365,7106,6,3.3,1.0,4,28.6,HL,3280,1
06001,송파구,20234,한식음식점,7971,11312,6807,6,5.6,7.2,1,27.4,HL,3562,1
06001,송파구,20241,한식음식점,7253,10572,6537,6,7.1,7.7,1,24.9,HL,3689,1
06001,송파구,20242,한식음식점,6616,8476,4639,7,6.8,13.8,3,29.0,HL,3208,1
06001,송파구,20243,한식음식점,7048,8287,5849,5,5.2,3.2,2,27.1,HL,3539,1
06001,송파구,20244,한식음식점,7179,8464,6577,4,7.5,8.4,0,25.5,HL,3797,1
06001,송파구,20231,분식전문점,7482,8537,4902,7,9.5,3.3,7,27.4,HL,1762,0
06001,송파구,20232,분식전문점,7476,7673,5883,5,5.7,3.2,3,29.3,HL,1904,0
06001,송파구,20233,분식전문점,8445,11859,6436,5,5.8,1.3,2,25.3,HL,2177,1
06001,송파구,20234,분식전문점,6695,7587,5620,5,1.6,2.3,6,27.7,HL,1918,1
06001,송파구,20241,분식전문점,7663,11261,6212,10,5.4,2.9,11,27.0,HL,1732,1
06001,송파구,20242,분식전문점,7601,8795,6927,3,6.9,5.9,3,24.7,HL,1969,1
06001,송파구,20243,분식전문점,7322,8991,4762,7,7.4,8.1,8,29.4,HL,1756,0
06001,송파구,20244,분식전문점,8565,9558,6191,10,4.8,11.0,5,26.7,HL,1738,1
06001,송파구,20231,제과점,6513,8879,5395,9,1.7,4.4,6,27.7,HL,2182,1
06001,송파구,20232,제과점,8690,9586,6537,8,2.5,2.4,2,27.6,HL,2648,1
06001,송파구,20233,제과점,7436,10071,6013,6,10.9,2.4,2,26.6,HL,2378,1
06001,송파구,20234,제과점,8331,12737,5983,10,10.4,6.8,9,26.3,HL,2288,0
06001,송파구,20241,제과점,7634,10074,6221,4,11.0,3.1,5,27.1,HL,2673,1
06001,송파구,20242,제과점,8273,11659,6765,4,4.2,6.9,4,29.9,HL,2634,1
06001,송파구,20243,제과점,7604,11083,6020,7,8.4,4.8,4,28.2,HL,2681,1
06001,송파구,20244,제과점,8046,10483,6938,8,5.9,3.5,3,29.0,HL,2785,1
06001,송파구,20231,치킨전문점,6843,8973,5301,7,5.1,1.0,2,28.1,HL,2148,1
06001,송파구,20232,치킨전문점,6590,6951,5212,7,3.4,1.0,4,27.4,HL,2032,1
06001,송파구,20233,치킨전문점,7749,11862,6585,12,3.3,2.2,9,28.4,HL,1890,0
06001,송파구,20234,치킨전문점,7078,10160,5104,4,11.8,4.3,2,25.4,HL,2582,1
06001,송파구,20241,치킨전문점,7972,8487,7068,7,8.1,3.6,3,25.6,HL,2371,1
06001,송파구,20242,치킨전문점,8155,10317,7226,4,8.2,1.0,4,25.9,HL,2111,1
06001,송파구,20243,치킨전문점,6559,8947,5502,5,8.8,1.0,4,26.9,HL,2026,1
06001,송파구,20244,치킨전문점,6587,8010,4480,7,8.5,2.6,6,28.0,HL,2056,0
06001,송파구,20231,의류,7338,8268,5750,6,6.8,1.0,5,25.4,HL,2215,1
06001,송파구,20232,의류,7645,9229,5976,6,3.6,4.4,3,27.8,HL,2024,1
06001,송파구,20233,의류,8693,9857,7979,10,11.1,6.5,6,25.1,HL,2291,1
06001,송파구,20234,의류,7217,10928,6362,2,10.2,6.5,3,28.3,HL,2567,1
06001,송파구,20241,의류,6564,6932,5998,4,8.8,3.9,4,26.6,HL,2058,1
06001,송파구,20242,의류,6636,9325,5622,4,7.1,3.7,0,28.9,HL,2277,1
06001,송파구,20243,의류,6554,7592,4873,11,7.5,1.3,6,25.0,HL,2227,0
06001,송파구,20244,의류,7404,11248,5293,5,15.5,7.2,5,29.6,HL,2161,1
06002,송파구,20231,커피-음료,27172,16108,17262,8,6.6,6.0,5,27.8,LH,3172,1
06002,송파구,20232,커피-음료,22910,11229,17151,6,7.6,4.3,3,27.1,LH,2787,1
06002,송파구,20233,커피-음료,27352,15283,23719,5,12.9,6.7,4,30.0,LH,2807,0
06002,송파구,20234,커피-음료,23515,15644,20559,7,12.6,4.7,8,28.8,LH,3364,0
06002,송파구,20241,커피-음료,28163,16454,19525,9,5.5,8.1,7,30.2,LH,3116,1
06002,송파구,20242,커피-음료,23401,11352,17558,5,9.1,3.7,4,25.9,LH,3309,1
06002,송파구,20243,커피-음료,24912,14491,21303,5,4.8,6.6,5,27.3,LH,2969,1
06002,송파구,20244,커피-음료,25087,18091,15069,10,11.1,5.7,5,30.2,LH,2987,1
06002,송파구,20231,한식음식점,27359,15512,21008,8,9.5,8.0,7,29.5,LH,3489,1
06002,송파구,20232,한식음식점,25422,17994,21494,8,12.4,9.2,2,25.1,LH,3918,1
06002,송파구,20233,한식음식점,24103,12566,15902,7,9.7,9.5,2,27.2,LH,3900,1
06002,송파구,20234,한식음식점,24152,14932,20478,5,8.2,9.9,5,25.3,LH,3720,1
06002,송파구,20241,한식음식점,24253,12322,19970,7,6.8,1.8,6,25.7,LH,3529,1
06002,송파구,20242,한식음식점,30697,18283,24056,3,6.9,8.8,1,28.5,LH,4437,1
06002,송파구,20243,한식음식점,25562,13886,17115,8,1.5,3.2,8,26.0,LH,3869,1
06002,송파구,20244,한식음식점,28571,15243,24129,10,9.6,7.6,5,25.6,LH,3721,1
06002,송파구,20231,분식전문점,27279,13495,20515,3,4.2,4.8,1,29.7,LH,2171,1
06002,송파구,20232,분식전문점,26337,15269,18304,4,9.0,8.7,4,26.8,LH,2335,0
06002,송파구,20233,분식전문점,24969,12801,20041,6,14.4,11.2,4,30.3,LH,2387,0
06002,송파구,20234,분식전문점,22946,13055,14388,8,10.5,8.7,5,30.1,LH,2358,0
06002,송파구,20241,분식전문점,26544,17634,19807,6,4.1,5.3,1,26.6,LH,2420,1
06002,송파구,20242,분식전문점,26212,18446,15855,4,6.0,5.7,3,27.7,LH,2497,1
06002,송파구,20243,분식전문점,30332,17119,22354,5,4.3,9.3,3,29.0,LH,2432,1
06002,송파구,20244,분식전문점,25254,12155,19698,1,10.8,2.4,0,29.5,LH,2836,1
06002,송파구,20231,제과점,28483,15125,23261,5,9.9,11.4,3,27.7,LH,3225,1
06002,송파구,20232,제과점,24703,16811,15294,5,10.5,6.0,3,25.3,LH,2646,1
06002,송파구,20233,제과점,25738,18115,20048,4,7.2,10.6,1,29.2,LH,3037,1
06002,송파구,20234,제과점,24195,13076,14660,5,10.7,3.9,0,26.3,LH,2857,1
06002,송파구,20241,제과점,23705,14123,15391,4,10.0,8.0,6,30.2,LH,3110,1
06002,송파구,20242,제과점,27046,14955,16855,6,8.5,6.2,5,26.0,LH,3189,0
06002,송파구,20243,제과점,23653,14015,19355,8,6.6,10.2,9,29.0,LH,2564,1
06002,송파구,20244,제과점,23053,13127,17857,12,3.5,4.9,9,26.3,LH,2832,1
06002,송파구,20231,치킨전문점,30726,16592,22401,10,5.8,6.5,7,28.3,LH,2306,1
06002,송파구,20232,치킨전문점,28647,16383,17691,6,12.8,7.3,4,28.0,LH,2518,1
06002,송파구,20233,치킨전문점,27399,14440,23899,2,2.1,9.3,2,30.2,LH,2837,1
06002,송파구,20234,치킨전문점,27850,16372,17302,3,1.0,10.0,2,28.3,LH,2731,1
06002,송파구,20241,치킨전문점,27167,15628,18425,4,5.8,3.5,0,28.1,LH,2786,1
06002,송파구,20242,치킨전문점,24487,16794,17906,2,10.6,9.9,1,29.8,LH,2943,0
06002,송파구,20243,치킨전문점,28995,15499,25339,6,6.8,4.9,5,28.8,LH,2998,1
06002,송파구,20244,치킨전문점,23416,14612,17173,6,8.1,2.1,1,27.7,LH,2781,1
06002,송파구,20231,의류,30630,20456,21017,7,1.1,12.2,4,29.7,LH,2856,1
06002,송파구,20232,의류,27705,13904,18155,5,3.7,10.4,1,26.1,LH,2586,0
06002,송파구,20233,의류,25727,16639,22731,7,8.1,8.3,1,29.3,LH,2767,0
06002,송파구,20234,의류,30869,19150,18794,5,5.3,5.8,3,29.8,LH,2620,1
06002,송파구,20241,의류,25120,14735,20718,3,6.4,9.2,1,25.4,LH,3043,1
06002,송파구,20242,의류,24048,12355,16584,5,1.1,4.4,2,27.6,LH,2581,0
06002,송파구,20243,의류,30569,20401,19611,5,5.2,8.5,6,29.8,LH,2710,1
06002,송파구,20244,의류,23216,14565,17375,4,9.2,5.9,2,26.5,LH,2689,1
06003,송파구,20231,커피-음료,8865,3603,8512,1,9.2,9.3,1,23.8,HH,2745,0
06003,송파구,20232,커피-음료,7127,3274,8236,6,10.6,4.5,3,22.1,HH,2676,1
06003,송파구,20233,커피-음료,8735,3304,9096,5,5.0,1.0,6,25.2,HH,2375,0
06003,송파구,20234,커피-음료,7852,3067,9837,6,12.1,1.9,7,23.1,HH,2600,0
06003,송파구,20241,커피-음료,8940,4303,11337,8,9.8,6.2,3,23.1,HH,3148,1
06003,송파구,20242,커피-음료,8436,3327,10497,5,14.7,10.2,2,22.2,HH,2587,0
06003,송파구,20243,커피-음료,7150,2614,8464,7,5.3,1.0,5,21.4,HH,2774,1
06003,송파구,20244,커피-음료,6827,2785,6861,9,13.0,4.8,9,20.8,HH,2897,0
06003,송파구,20231,한식음식점,8276,3019,10979,9,8.5,3.2,7,21.4,HH,3127,1
06003,송파구,20232,한식음식점,6905,3275,7352,9,7.0,9.0,8,20.9,HH,3034,1
06003,송파구,20233,한식음식점,6765,2525,6733,9,5.0,3.5,6,24.6,HH,3216,1
06003,송파구,20234,한식음식점,8618,3323,11164,5,5.6,2.8,2,21.4,HH,3850,1
06003,송파구,20241,한식음식점,8326,3307,9335,2,11.0,5.5,1,20.8,HH,3930,1
06003,송파구,20242,한식음식점,7978,3398,7576,5,9.4,4.4,1,25.0,HH,3476,1
06003,송파구,20243,한식음식점,7793,3451,7636,9,4.9,5.3,5,21.0,HH,3508,1
06003,송파구,20244,한식음식점,8933,3663,10751,7,11.6,4.7,10,21.5,HH,3330,1
06003,송파구,20231,분식전문점,8892,4181,9040,4,6.2,5.0,5,25.1,HH,1923,1
06003,송파구,20232,분식전문점,7772,3204,8379,3,7.2,2.2,1,23.2,HH,1807,1
06003,송파구,20233,분식전문점,6972,3341,6727,5,6.5,5.3,3,24.5,HH,1974,1
06003,송파구,20234,분식전문점,7428,2782,7078,5,7.4,8.8,5,24.9,HH,2076,0
06003,송파구,20241,분식전문점,7490,2868,8137,4,8.7,3.5,2,21.7,HH,2197,0
06003,송파구,20242,분식전문점,8939,3242,9746,5,15.8,4.0,5,20.8,HH,2262,0
06003,송파구,20243,분식전문점,7750,2848,7695,4,14.1,7.2,1,20.8,HH,2080,1
06003,송파구,20244,분식전문점,6855,2581,7140,7,16.9,3.5,4,22.0,HH,2108,1
06003,송파구,20231,제과점,6879,2536,7372,3,10.0,9.9,1,24.6,HH,2541,1
06003,송파구,20232,제과점,8500,3704,9266,4,8.5,1.0,2,22.7,HH,2912,1
06003,송파구,20233,제과점,7434,3823,9887,5,8.9,1.0,4,21.4,HH,2362,1
06003,송파구,20234,제과점,8582,3166,10896,4,5.3,1.0,7,21.7,HH,2499,0
06003,송파구,20241,제과점,8704,3779,10304,5,9.0,8.2,1,22.6,HH,2565,1
06003,송파구,20242,제과점,8941,3364,9019,6,4.7,1.0,6,21.1,HH,2696,1
06003,송파구,20243,제과점,8836,4076,11682,8,6.5,1.2,4,22.5,HH,2673,1
06003,송파구,20244,제과점,6811,2971,8034,1,8.3,1.0,0,25.1,HH,2533,1
06003,송파구,20231,치킨전문점,8491,4414,8499,7,5.0,10.6,7,23.4,HH,1953,1
06003,송파구,20232,치킨전문점,7490,3456,9597,10,14.2,1.6,7,24.6,HH,2079,1
06003,송파구,20233,치킨전문점,8573,3748,8285,7,9.4,4.0,6,21.4,HH,2814,1
06003,송파구,20234,치킨전문점,7788,3504,10125,3,10.4,3.3,2,24.9,HH,2408,1
06003,송파구,20241,치킨전문점,8846,4034,10474,9,3.2,2.5,3,20.7,HH,2215,1
06003,송파구,20242,치킨전문점,8210,4119,7906,2,12.1,1.5,1,24.8,HH,2165,1
06003,송파구,20243,치킨전문점,6740,2729,7572,9,11.7,8.3,11,22.7,HH,2003,1
06003,송파구,20244,치킨전문점,8474,3518,10202,2,8.6,5.4,0,24.1,HH,2159,0
06003,송파구,20231,의류,6900,3077,7413,7,9.5,2.4,4,22.9,HH,2276,1
06003,송파구,20232,의류,8662,3754,11343,11,2.3,3.3,10,21.7,HH,2107,1
06003,송파구,20233,의류,8485,4269,8177,9,10.2,1.0,8,23.4,HH,1791,1
06003,송파구,20234,의류,7105,2590,6854,5,10.0,3.3,4,22.0,HH,2254,1
06003,송파구,20241,의류,8609,3845,10959,6,11.2,6.7,6,24.0,HH,1999,1
06003,송파구,20242,의류,8646,3096,11175,6,6.8,5.2,4,24.9,HH,2311,1
06003,송파구,20243,의류,7052,2869,8892,4,7.6,4.4,1,23.9,HH,2138,1
06003,송파구,20244,의류,7407,3507,9734,3,11.1,3.2,0,24.5,HH,2393,1
06004,송파구,20231,커피-음료,15943,3636,6698,9,5.7,1.0,8,9.1,HL,2947,1
06004,송파구,20232,커피-음료,13739,2595,7311,4,7.4,8.3,2,8.8,HL,3001,1
06004,송파구,20233,커피-음료,15112,3099,6556,9,5.3,7.9,7,8.5,HL,2834,1
06004,송파구,20234,커피-음료,14446,2951,6882,6,7.7,9.0,4,8.6,HL,3189,1
06004,송파구,20241,커피-음료,16780,4251,6359,9,8.9,7.1,5,9.1,HL,3334,1
06004,송파구,20242,커피-음료,15113,2803,5652,6,12.1,8.5,5,8.0,HL,2831,1
06004,송파구,20243,커피-음료,15479,3750,7240,3,8.8,2.4,0,7.9,HL,3313,1
06004,송파구,20244,커피-음료,14530,3104,7585,3,10.9,3.2,0,8.1,HL,3610,1
06004,송파구,20231,한식음식점,17672,4311,8801,8,13.7,2.8,7,9.0,HL,3871,1
06004,송파구,20232,한식음식점,16031,4274,8555,8,6.5,6.9,6,9.0,HL,3931,1
06004,송파구,20233,한식음식점,15241,3047,6448,7,9.8,5.2,5,9.2,HL,3651,1
06004,송파구,20234,한식음식점,15685,2912,7879,5,12.1,1.0,6,9.3,HL,4191,1
06004,송파구,20241,한식음식점,13485,2498,6118,8,14.3,7.7,5,8.2,HL,4087,1
06004,송파구,20242,한식음식점,17155,4063,8653,8,7.3,5.1,9,9.0,HL,3617,1
06004,송파구,20243,한식음식점,14442,3251,7152,6,3.5,9.2,3,9.5,HL,4241,1
06004,송파구,20244,한식음식점,15465,4010,6451,7,6.7,1.0,5,9.6,HL,4015,1
06004,송파구,20231,분식전문점,15755,3446,7776,7,9.3,3.3,2,9.6,HL,2648,1
06004,송파구,20232,분식전문점,15151,3043,7087,4,13.1,5.1,1,9.2,HL,2151,1
06004,송파구,20233,분식전문점,16946,3590,6370,9,9.5,6.3,9,8.0,HL,2013,0
06004,송파구,20234,분식전문점,13971,3145,5604,6,7.1,4.5,1,8.6,HL,2495,1
06004,송파구,20241,분식전문점,14286,3747,5332,8,10.5,15.2,5,8.5,HL,2142,1
06004,송파구,20242,분식전문점,16558,3877,8494,11,4.1,1.2,3,9.1,HL,2013,1
06004,송파구,20243,분식전문점,15602,3904,7083,7,5.5,4.9,5,9.4,HL,2354,1
06004,송파구,20244,분식전문점,16524,3103,6310,7,8.4,4.3,2,9.3,HL,2122,1
06004,송파구,20231,제과점,13680,2875,6099,6,6.1,8.1,4,8.4,HL,2697,1
06004,송파구,20232,제과점,14173,3153,6146,8,10.4,1.0,3,9.5,HL,2649,1
06004,송파구,20233,제과점,15439,3459,7108,8,7.8,3.4,7,8.6,HL,2737,1
06004,송파구,20234,제과점,16792,4589,8435,8,11.7,7.1,3,9.5,HL,3047,1
06004,송파구,20241,제과점,16082,4416,7312,5,12.8,4.8,3,9.5,HL,2890,1
06004,송파구,20242,제과점,17418,4350,7491,8,10.1,7.9,7,8.6,HL,3091,1
06004,송파구,20243,제과점,17384,3667,7351,4,7.5,5.5,2,7.9,HL,3363,1
06004,송파구,20244,제과점,14604,3702,7098,8,4.9,2.9,5,9.1,HL,3082,1
06004,송파구,20231,치킨전문점,15366,3624,5878,7,4.6,1.0,3,9.5,HL,2704,1
06004,송파구,20232,치킨전문점,14663,3003,5490,3,11.2,1.5,3,8.4,HL,2529,1
06004,송파구,20233,치킨전문점,16947,3603,7612,7,14.8,1.7,3,8.5,HL,2606,1
06004,송파구,20234,치킨전문점,15034,3002,7239,5,8.0,1.9,0,8.8,HL,2786,1
06004,송파구,20241,치킨전문점,15111,2896,6546,1,5.7,6.2,1,8.9,HL,2980,1
06004,송파구,20242,치킨전문점,13776,2978,6242,2,9.1,1.0,0,8.7,HL,2581,1
06004,송파구,20243,치킨전문점,14062,3540,5505,10,4.3,5.3,6,8.1,HL,2595,1
06004,송파구,20244,치킨전문점,17329,3610,8396,6,5.0,3.9,5,8.2,HL,2850,1
06004,송파구,20231,의류,13557,2970,5434,4,9.1,7.1,1,9.5,HL,2484,1
06004,송파구,20232,의류,13954,3413,6676,6,8.2,4.6,1,8.4,HL,2199,1
06004,송파구,20233,의류,13739,3595,7186,6,6.9,2.6,2,8.0,HL,2570,0
06004,송파구,20234,의류,14660,3525,7997,6,8.8,1.5,3,9.3,HL,2655,1
06004,송파구,20241,의류,15303,3476,7114,10,12.8,3.3,9,8.7,HL,2361,1
06004,송파구,20242,의류,17051,4367,7979,9,4.1,5.0,5,9.4,HL,2151,1
06004,송파구,20243,의류,17612,4184,9694,5,9.6,4.4,3,9.5,HL,2666,1
06004,송파구,20244,의류,14065,3653,6522,7,10.4,2.5,3,8.6,HL,2438,1
06005,송파구,20231,커피-음료,9681,2469,8199,7,8.7,4.6,5,19.6,HH,2932,1
06005,송파구,20232,커피-음료,7241,1666,4506,9,5.7,3.3,7,19.8,HH,2860,1
06005,송파구,20233,커피-음료,8557,1697,5057,4,6.1,3.1,2,19.2,HH,2916,1
06005,송파구,20234,커피-음료,7730,2059,6416,4,7.9,1.5,2,19.7,HH,2763,1
06005,송파구,20241,커피-음료,9316,2271,6919,7,6.2,3.0,3,20.0,HH,3030,1
06005,송파구,20242,커피-음료,9103,1991,7210,4,10.4,6.2,1,19.8,HH,3009,1
06005,송파구,20243,커피-음료,7679,1916,5904,7,5.9,6.1,4,17.7,HH,3075,1
06005,송파구,20244,커피-음료,9310,2151,5491,1,9.0,5.5,0,18.9,HH,3066,1
06005,송파구,20231,한식음식점,7535,1723,4375,4,10.8,5.4,1,17.8,HH,3598,1
06005,송파구,20232,한식음식점,8745,2342,5146,1,10.3,1.7,3,19.7,HH,3602,1
06005,송파구,20233,한식음식점,9069,2292,7482,6,3.2,2.4,1,17.8,HH,4010,1
06005,송파구,20234,한식음식점,9045,1760,7188,7,11.4,7.2,3,18.3,HH,3311,1
06005,송파구,20241,한식음식점,7429,1796,4825,3,2.3,6.5,2,17.7,HH,3810,1
06005,송파구,20242,한식음식점,9737,2415,8304,6,8.2,5.8,5,20.1,HH,3721,1
06005,송파구,20243,한식음식점,9197,2310,7646,4,2.0,6.4,3,19.0,HH,4119,1
06005,송파구,20244,한식음식점,7897,2066,5564,8,10.4,6.1,1,18.6,HH,3877,1
06005,송파구,20231,분식전문점,9691,2069,6083,8,9.8,4.4,6,17.4,HH,1862,1
06005,송파구,20232,분식전문점,9430,2169,7397,12,5.2,10.4,5,19.1,HH,1720,1
06005,송파구,20233,분식전문점,8639,1789,5708,10,7.0,3.2,4,19.2,HH,1790,1
06005,송파구,20234,분식전문점,8870,2451,6580,9,7.4,7.1,6,19.0,HH,2067,1
06005,송파구,20241,분식전문점,7993,1885,6172,2,13.2,1.0,0,19.0,HH,2448,1
06005,송파구,20242,분식전문점,7658,1613,5439,2,10.0,7.6,2,19.2,HH,2592,1
06005,송파구,20243,분식전문점,9217,2463,6918,7,7.9,4.9,2,20.1,HH,2298,1
06005,송파구,20244,분식전문점,8808,2231,5047,1,1.0,7.3,0,19.2,HH,2066,1
06005,송파구,20231,제과점,8123,1646,5265,6,6.0,3.4,4,20.6,HH,2648,1
06005,송파구,20232,제과점,9185,2099,6776,5,7.9,2.1,1,20.2,HH,2415,1
06005,송파구,20233,제과점,8801,1781,5961,8,9.5,8.6,2,18.8,HH,2742,1
06005,송파구,20234,제과점,7675,1534,4614,3,14.0,4.2,1,20.1,HH,2265,1
06005,송파구,20241,제과점,8807,1929,5789,1,8.5,11.1,0,17.2,HH,2698,1
06005,송파구,20242,제과점,9706,1982,6490,4,9.4,6.6,5,20.5,HH,2551,0
06005,송파구,20243,제과점,7945,1533,5622,8,8.4,1.4,9,17.9,HH,2575,0
06005,송파구,20244,제과점,7309,1367,6222,7,6.4,7.7,4,18.2,HH,2795,0
06005,송파구,20231,치킨전문점,9175,1732,6276,12,6.9,1.0,8,17.0,HH,2032,1
06005,송파구,20232,치킨전문점,8777,1898,6194,4,9.6,2.4,3,17.2,HH,2394,0
06005,송파구,20233,치킨전문점,7392,1787,4994,6,8.7,3.6,4,19.0,HH,2390,1
06005,송파구,20234,치킨전문점,7828,2042,6567,4,6.6,3.3,1,17.0,HH,2216,1
06005,송파구,20241,치킨전문점,9143,2032,5909,5,2.9,11.5,1,19.7,HH,2516,0
06005,송파구,20242,치킨전문점,8538,2257,5931,5,12.7,5.8,2,17.0,HH,2442,1
06005,송파구,20243,치킨전문점,8946,2452,5813,8,9.2,1.0,6,17.5,HH,2718,1
06005,송파구,20244,치킨전문점,8818,2042,5338,8,8.4,3.2,9,17.8,HH,2279,1
06005,송파구,20231,의류,8963,2003,5125,1,16.4,6.3,2,19.5,HH,2569,1
06005,송파구,20232,의류,8212,1623,5318,5,9.6,5.5,4,20.2,HH,1908,1
06005,송파구,20233,의류,8088,2176,5002,7,4.0,1.0,6,18.9,HH,2303,1
06005,송파구,20234,의류,8008,1632,4977,6,9.1,4.7,3,17.0,HH,2186,1
06005,송파구,20241,의류,8144,2201,5021,5,2.0,1.7,2,19.0,HH,2458,0
06005,송파구,20242,의류,7474,1504,5782,6,7.6,6.8,2,17.4,HH,2189,1
06005,송파구,20243,의류,8374,2065,5627,3,5.9,2.5,1,19.3,HH,2278,1
06005,송파구,20244,의류,8059,1900,6833,8,9.4,1.5,5,17.7,HH,2060,1
06006,송파구,20231,커피-음료,9977,6554,6210,3,10.3,10.4,2,28.4,LH,2684,0
06006,송파구,20232,커피-음료,9474,6201,6313,4,7.9,9.7,5,27.5,LH,2529,1
06006,송파구,20233,커피-음료,9656,6853,6957,5,8.5,7.2,2,31.0,LH,2515,0
06006,송파구,20234,커피-음료,9611,5770,5550,7,12.1,10.7,2,27.6,LH,2557,1
06006,송파구,20241,커피-음료,10570,5825,6296,12,6.4,5.7,7,27.8,LH,2343,1
06006,송파구,20242,커피-음료,10836,5689,6863,5,13.4,6.7,1,29.4,LH,2731,1
06006,송파구,20243,커피-음료,10932,6917,7764,7,8.9,6.0,3,27.9,LH,3085,1
06006,송파구,20244,커피-음료,9364,6696,6309,4,5.5,12.2,5,29.3,LH,2905,0
06006,송파구,20231,한식음식점,9647,6711,6256,3,4.8,13.1,3,27.4,LH,3751,0
06006,송파구,20232,한식음식점,11169,6687,7428,5,8.8,7.3,2,27.8,LH,3389,1
06006,송파구,20233,한식음식점,11916,6089,6248,10,4.2,6.9,11,26.3,LH,3141,1
06006,송파구,20234,한식음식점,9461,7023,6283,2,7.2,5.5,0,30.8,LH,3568,1
06006,송파구,20241,한식음식점,9939,5240,7106,12,12.7,8.1,9,28.3,LH,3176,1
06006,송파구,20242,한식음식점,9694,7044,5751,11,7.3,12.2,8,26.7,LH,2942,0
06006,송파구,20243,한식음식점,11154,6127,7255,5,7.2,6.2,4,29.9,LH,3723,1
06006,송파구,20244,한식음식점,10538,6737,6283,10,2.0,8.6,10,30.8,LH,3143,1
06006,송파구,20231,분식전문점,11192,5982,7401,8,5.5,4.5,6,30.4,LH,1782,1
06006,송파구,20232,분식전문점,11025,7377,7317,3,9.7,5.8,2,29.4,LH,2227,0
06006,송파구,20233,분식전문점,11341,6844,8218,5,2.1,15.6,4,27.5,LH,2279,1
06006,송파구,20234,분식전문점,11909,8402,6431,6,12.2,8.4,3,31.1,LH,1911,0
06006,송파구,20241,분식전문점,10484,6508,7687,8,10.9,4.0,7,30.5,LH,1919,0
06006,송파구,20242,분식전문점,10460,7747,6121,6,11.5,10.3,3,27.0,LH,2154,1
06006,송파구,20243,분식전문점,9171,6009,6167,7,4.5,11.5,3,26.1,LH,2114,1
06006,송파구,20244,분식전문점,11606,6131,8218,3,9.3,2.0,7,30.4,LH,2246,1
06006,송파구,20231,제과점,9968,6279,5294,4,6.2,7.9,4,26.9,LH,2485,1
06006,송파구,20232,제과점,11752,8669,6118,4,8.4,9.0,2,29.4,LH,2753,1
06006,송파구,20233,제과점,9068,6035,5880,10,10.2,4.6,7,29.4,LH,2326,1
06006,송파구,20234,제과점,9036,5436,5464,5,2.3,13.9,4,26.4,LH,2601,0
06006,송파구,20241,제과점,10605,7190,5392,4,5.2,5.6,4,28.7,LH,2670,1
06006,송파구,20242,제과점,9490,4924,6091,5,6.0,6.0,2,31.2,LH,2606,1
06006,송파구,20243,제과점,11375,7455,7728,7,7.1,10.9,3,30.1,LH,2934,1
06006,송파구,20244,제과점,11267,7145,6399,6,8.5,4.8,4,29.7,LH,2849,1
06006,송파구,20231,치킨전문점,10171,5975,7417,8,10.7,7.2,3,29.2,LH,2426,0
06006,송파구,20232,치킨전문점,9026,4717,5720,7,6.1,10.9,5,27.3,LH,2057,0
06006,송파구,20233,치킨전문점,8967,4614,5662,2,3.0,15.2,3,27.5,LH,2332,1
06006,송파구,20234,치킨전문점,10515,7595,6099,5,8.7,6.7,4,31.5,LH,2107,0
06006,송파구,20241,치킨전문점,8877,6085,5036,5,8.4,6.9,0,29.8,LH,2544,0
06006,송파구,20242,치킨전문점,10455,6392,7667,4,3.5,4.6,3,27.1,LH,2223,1
06006,송파구,20243,치킨전문점,10605,6578,6510,5,8.6,10.6,4,26.5,LH,2344,1
06006,송파구,20244,치킨전문점,9127,5554,5499,4,5.4,3.2,1,29.5,LH,1979,1
06006,송파구,20231,의류,9129,4905,6030,6,8.0,5.7,1,29.5,LH,2032,0
06006,송파구,20232,의류,11828,7759,6937,7,5.8,12.4,3,29.6,LH,1876,1
06006,송파구,20233,의류,10665,5414,7171,6,5.9,1.1,3,30.9,LH,2034,1
06006,송파구,20234,의류,8926,5189,5957,5,8.2,7.6,1,29.9,LH,2434,0
06006,송파구,20241,의류,10949,5593,5793,7,9.7,9.2,5,29.9,LH,1762,1
06006,송파구,20242,의류,8921,5233,5235,6,11.7,8.0,3,27.6,LH,1841,0
06006,송파구,20243,의류,10418,7709,5578,10,4.5,10.7,6,30.3,LH,2158,1
06006,송파구,20244,의류,10491,6287,7681,5,9.3,6.3,4,29.4,LH,2359,0
06007,송파구,20231,커피-음료,5488,3579,1472,10,11.6,5.4,10,24.9,HL,2583,1
06007,송파구,20232,커피-음료,5848,3944,1679,4,8.5,1.4,3,24.3,HL,2420,1
06007,송파구,20233,커피-음료,5919,3032,2225,8,6.2,1.0,0,26.4,HL,3088,1
06007,송파구,20234,커피-음료,5783,3680,1858,5,9.4,6.0,4,24.4,HL,2724,1
06007,송파구,20241,커피-음료,5740,3436,1727,8,1.0,1.0,1,24.7,HL,2683,1
06007,송파구,20242,커피-음료,5852,2760,2248,5,3.9,2.6,4,27.2,HL,2605,0
06007,송파구,20243,커피-음료,4678,3118,1253,8,8.3,4.0,5,27.3,HL,2584,1
06007,송파구,20244,커피-음료,5794,3332,1682,6,9.3,4.7,4,27.2,HL,2517,1
06007,송파구,20231,한식음식점,4923,2542,1707,2,7.8,1.0,1,27.5,HL,3299,1
06007,송파구,20232,한식음식점,6049,3443,2139,4,9.5,1.0,2,25.0,HL,3309,1
06007,송파구,20233,한식음식점,5255,2780,1530,6,7.7,3.2,6,26.2,HL,2921,1
06007,송파구,20234,한식음식점,5823,3068,2053,5,11.3,9.2,7,27.2,HL,3164,1
06007,송파구,20241,한식음식점,5226,3132,1585,7,6.1,3.4,6,26.9,HL,3258,0
06007,송파구,20242,한식음식점,5194,2596,2014,4,1.0,2.1,3,26.9,HL,3511,1
06007,송파구,20243,한식음식점,5947,3458,1893,3,10.1,1.3,1,22.5,HL,3801,1
06007,송파구,20244,한식음식점,6245,2879,2042,5,8.6,1.6,4,23.0,HL,3604,1
06007,송파구,20231,분식전문점,6191,4056,1683,9,6.6,3.6,5,24.9,HL,1760,1
06007,송파구,20232,분식전문점,6233,4091,1943,8,6.9,5.6,5,25.6,HL,2073,0
06007,송파구,20233,분식전문점,5827,3568,1567,4,5.7,11.2,2,24.9,HL,2120,1
06007,송파구,20234,분식전문점,5833,3428,1924,8,7.9,1.1,6,24.4,HL,1764,1
06007,송파구,20241,분식전문점,5696,2929,1706,1,4.2,5.8,1,24.0,HL,1931,1
06007,송파구,20242,분식전문점,5125,3164,1681,7,12.8,3.7,2,23.1,HL,2023,0
06007,송파구,20243,분식전문점,5889,3764,2148,1,8.2,5.1,2,22.5,HL,2012,1
06007,송파구,20244,분식전문점,5006,3348,1330,2,7.3,1.0,0,23.3,HL,2080,1
06007,송파구,20231,제과점,5968,3181,1692,7,9.6,5.8,5,27.1,HL,1954,1
06007,송파구,20232,제과점,5244,2540,1664,3,9.4,5.2,2,22.7,HL,2386,1
06007,송파구,20233,제과점,6241,2894,1881,6,6.7,1.7,3,26.1,HL,2388,0
06007,송파구,20234,제과점,6127,3960,1970,3,13.6,8.1,1,25.4,HL,2697,1
06007,송파구,20241,제과점,5383,2642,1920,10,11.2,6.7,2,25.4,HL,2446,1
06007,송파구,20242,제과점,5521,2786,1914,9,7.8,5.3,2,23.6,HL,2617,1
06007,송파구,20243,제과점,5679,2815,1640,10,5.1,3.0,5,26.8,HL,2247,1
06007,송파구,20244,제과점,5527,3372,1470,8,7.8,6.8,2,23.5,HL,2708,1
06007,송파구,20231,치킨전문점,4849,2935,1337,4,13.8,5.7,3,25.1,HL,2083,1
06007,송파구,20232,치킨전문점,5482,2780,1480,6,5.1,4.6,4,26.5,HL,1962,1
06007,송파구,20233,치킨전문점,5097,2834,1886,3,11.6,3.8,4,26.1,HL,1904,1
06007,송파구,20234,치킨전문점,5965,3252,1833,8,6.4,7.1,6,22.9,HL,2361,1
06007,송파구,20241,치킨전문점,5515,3552,2060,3,12.2,1.0,1,26.7,HL,2283,1
06007,송파구,20242,치킨전문점,4996,3122,1602,2,11.4,1.0,2,25.1,HL,2235,1
06007,송파구,20243,치킨전문점,5941,3291,2195,2,12.6,3.2,0,26.6,HL,2102,1
06007,송파구,20244,치킨전문점,4741,2523,1473,13,7.2,5.3,7,22.5,HL,2260,1
06007,송파구,20231,의류,6139,3267,2113,3,7.3,2.5,1,26.8,HL,2033,1
06007,송파구,20232,의류,5317,2687,1393,5,11.3,1.0,2,25.8,HL,2169,1
06007,송파구,20233,의류,4854,2628,1599,7,11.2,1.0,1,25.1,HL,2145,1
06007,송파구,20234,의류,5317,3227,1394,7,9.7,5.9,4,27.3,HL,1860,0
06007,송파구,20241,의류,6164,3899,1910,12,6.5,4.3,8,26.9,HL,1857,1
06007,송파구,20242,의류,5209,2534,1601,9,1.0,1.0,4,25.2,HL,1923,1
06007,송파구,20243,의류,4992,2928,1643,6,8.2,10.8,5,26.1,HL,2179,0
06007,송파구,20244,의류,6167,2921,2397,3,8.1,1.0,1,26.4,HL,2201,1
06008,송파구,20231,커피-음료,7752,2373,2842,4,11.9,1.5,3,19.7,HH,2835,1
06008,송파구,20232,커피-음료,6985,1607,2406,6,4.0,1.0,5,20.6,HH,2610,1
06008,송파구,20233,커피-음료,8100,2028,3396,7,5.7,5.1,8,19.0,HH,2661,1
06008,송파구,20234,커피-음료,7509,2189,2508,1,8.5,3.6,0,18.7,HH,2700,1
06008,송파구,20241,커피-음료,8000,1852,3202,5,11.7,7.7,3,18.6,HH,3137,1
06008,송파구,20242,커피-음료,6720,1946,2832,1,2.7,1.0,1,20.1,HH,2799,1
06008,송파구,20243,커피-음료,8109,2428,2654,4,8.6,1.0,1,22.3,HH,3126,1
06008,송파구,20244,커피-음료,8218,2268,3076,4,10.6,5.2,3,22.1,HH,2612,1
06008,송파구,20231,한식음식점,7238,2076,3313,6,4.1,2.7,2,22.0,HH,3380,1
06008,송파구,20232,한식음식점,6751,1484,3030,1,10.6,1.0,0,22.5,HH,3608,1
06008,송파구,20233,한식음식점,8295,2262,2921,5,10.3,1.2,1,21.4,HH,3637,1
06008,송파구,20234,한식음식점,6499,1392,2272,7,12.3,5.5,4,19.8,HH,3552,1
06008,송파구,20241,한식음식점,8561,1922,3062,3,9.8,2.0,2,22.0,HH,3453,1
06008,송파구,20242,한식음식점,7110,1601,3158,7,8.8,9.5,6,21.9,HH,3491,0
06008,송파구,20243,한식음식점,8644,2400,3712,5,7.1,2.9,3,22.1,HH,3763,1
06008,송파구,20244,한식음식점,7118,1647,2522,6,3.6,2.7,3,18.9,HH,3871,1
06008,송파구,20231,분식전문점,6817,1736,3084,6,5.4,1.0,4,19.3,HH,1962,1
06008,송파구,20232,분식전문점,7143,1679,2844,8,8.4,5.1,3,22.4,HH,1643,1
06008,송파구,20233,분식전문점,7642,1663,3484,8,8.4,3.8,3,18.8,HH,2218,1
06008,송파구,20234,분식전문점,7941,2395,3350,10,13.3,3.5,2,19.8,HH,1972,0
06008,송파구,20241,분식전문점,7356,1541,3419,4,7.6,4.2,3,19.4,HH,2032,0
06008,송파구,20242,분식전문점,8619,1860,3530,3,12.7,6.7,3,22.4,HH,2129,1
06008,송파구,20243,분식전문점,7290,1849,2857,6,9.3,7.4,7,18.9,HH,1729,1
06008,송파구,20244,분식전문점,6631,1442,2484,10,6.2,1.0,10,20.5,HH,1987,0
06008,송파구,20231,제과점,8344,1824,3161,5,6.0,4.4,1,21.7,HH,2614,1
06008,송파구,20232,제과점,7551,2072,2884,5,7.9,5.5,2,18.9,HH,2290,1
06008,송파구,20233,제과점,6834,2092,3102,4,3.8,1.0,5,22.2,HH,2480,1
06008,송파구,20234,제과점,8097,1772,2734,2,5.7,3.5,1,21.0,HH,2679,1
06008,송파구,20241,제과점,6564,1596,2943,4,5.2,3.2,2,20.2,HH,2624,1
06008,송파구,20242,제과점,7089,1477,2315,10,6.3,4.9,9,20.0,HH,2397,0
06008,송파구,20243,제과점,7727,1688,3695,7,10.7,6.9,4,20.3,HH,2811,1
06008,송파구,20244,제과점,7202,2107,3422,5,9.1,3.0,3,20.5,HH,2763,1
06008,송파구,20231,치킨전문점,8251,2280,3860,7,5.2,5.8,2,19.3,HH,2374,1
06008,송파구,20232,치킨전문점,6900,2067,2451,7,14.7,4.5,4,19.2,HH,2410,1
06008,송파구,20233,치킨전문점,7236,1554,3248,8,3.2,9.4,3,22.4,HH,2385,1
06008,송파구,20234,치킨전문점,6804,2060,2621,6,6.1,1.0,3,20.5,HH,1939,1
06008,송파구,20241,치킨전문점,7001,1607,2334,6,9.0,1.0,5,20.5,HH,2351,1
06008,송파구,20242,치킨전문점,8533,2353,2955,5,7.9,1.0,2,21.0,HH,2332,1
06008,송파구,20243,치킨전문점,6515,1952,3064,7,7.6,1.0,1,22.1,HH,2559,1
06008,송파구,20244,치킨전문점,6475,1548,2946,11,3.9,2.2,6,19.9,HH,2271,1
06008,송파구,20231,의류,7214,1834,2476,12,5.1,4.2,6,20.2,HH,1661,1
06008,송파구,20232,의류,7510,1926,3230,10,4.8,7.2,8,19.3,HH,1800,1
06008,송파구,20233,의류,8269,1840,3511,3,11.2,3.7,0,20.3,HH,2304,1
06008,송파구,20234,의류,6847,1659,3268,5,11.8,4.4,1,20.4,HH,2115,1
06008,송파구,20241,의류,8597,2063,2820,7,7.7,1.0,4,22.1,HH,2206,1
06008,송파구,20242,의류,7142,2191,2392,6,7.5,11.2,3,22.4,HH,2178,1
06008,송파구,20243,의류,8095,2217,3203,5,8.9,1.0,3,21.0,HH,2418,1
06008,송파구,20244,의류,8178,1819,3059,7,10.6,4.9,0,19.0,HH,2191,0
07000,종로구,20231,커피-음료,9237,3450,11245,3,5.1,4.8,6,25.1,HL,2495,1
07000,종로구,20232,커피-음료,8416,3753,10546,11,8.4,5.8,3,29.3,HL,2436,1
07000,종로구,20233,커피-음료,8881,4603,10141,5,10.0,6.0,2,25.0,HL,2976,1
07000,종로구,20234,커피-음료,9644,3567,11657,11,8.8,4.5,6,28.5,HL,2471,1
07000,종로구,20241,커피-음료,7547,3564,8910,7,6.9,6.2,3,26.4,HL,2857,0
07000,종로구,20242,커피-음료,7608,3333,8737,7,3.4,1.0,2,28.6,HL,2575,1
07000,종로구,20243,커피-음료,7942,3254,8427,4,8.8,4.6,4,27.7,HL,2631,1
07000,종로구,20244,커피-음료,9718,5205,9794,9,6.2,11.6,3,24.4,HL,2646,1
07000,종로구,20231,한식음식점,9438,4948,8791,6,10.9,1.6,4,26.4,HL,3473,1
07000,종로구,20232,한식음식점,9120,3734,10102,8,6.2,1.0,7,29.5,HL,3011,1
07000,종로구,20233,한식음식점,7685,3950,8420,6,10.2,1.0,4,28.6,HL,3226,1
07000,종로구,20234,한식음식점,7873,3517,9592,6,6.1,7.0,4,25.8,HL,3581,1
07000,종로구,20241,한식음식점,7932,4110,7638,4,12.9,3.8,2,26.3,HL,3560,1
07000,종로구,20242,한식음식점,8884,4464,9843,1,11.5,1.0,0,27.6,HL,3852,1
07000,종로구,20243,한식음식점,8086,3904,9363,7,7.4,1.6,5,27.6,HL,3272,1
07000,종로구,20244,한식음식점,9501,3571,11408,8,4.1,5.5,7,26.2,HL,3244,1
07000,종로구,20231,분식전문점,8110,2947,7568,3,7.1,1.0,1,28.1,HL,2167,1
07000,종로구,20232,분식전문점,7271,2895,6486,2,8.1,3.5,0,29.3,HL,2065,1
07000,종로구,20233,분식전문점,8374,3699,9457,7,6.9,6.2,6,26.2,HL,1893,1
07000,종로구,20234,분식전문점,9004,3681,8536,10,10.2,5.8,3,27.6,HL,1890,1
07000,종로구,20241,분식전문점,8150,3275,7386,7,2.5,3.9,5,28.1,HL,1549,1
07000,종로구,20242,분식전문점,9618,3848,8629,6,6.0,9.2,0,26.5,HL,2101,1
07000,종로구,20243,분식전문점,8347,4424,9741,7,8.5,3.3,4,24.9,HL,2292,1
07000,종로구,20244,분식전문점,8873,3870,10249,2,10.8,4.4,3,29.4,HL,1657,1
07000,종로구,20231,제과점,7885,4173,7424,2,11.3,7.5,2,26.3,HL,2363,1
07000,종로구,20232,제과점,9650,4044,9282,9,9.9,3.2,8,25.4,HL,2450,1
07000,종로구,20233,제과점,8899,4701,7862,2,13.3,4.8,2,24.4,HL,2640,1
07000,종로구,20234,제과점,8987,3769,8899,10,7.9,2.0,5,29.1,HL,2687,1
07000,종로구,20241,제과점,8487,4351,9711,5,8.7,4.0,6,25.0,HL,2290,1
07000,종로구,20242,제과점,7807,2840,7665,7,12.0,5.9,3,24.4,HL,2473,1
07000,종로구,20243,제과점,8075,3752,7615,7,6.0,5.3,2,26.2,HL,2628,1
07000,종로구,20244,제과점,8702,3888,8072,11,5.6,2.1,7,26.4,HL,2140,1
07000,종로구,20231,치킨전문점,8496,4010,9509,3,10.3,9.5,2,25.4,HL,2310,0
07000,종로구,20232,치킨전문점,8100,3715,8915,7,8.2,7.5,9,29.1,HL,1764,1
07000,종로구,20233,치킨전문점,8065,3716,8727,8,5.0,2.7,4,27.2,HL,2014,1
07000,종로구,20234,치킨전문점,7946,3622,8113,4,11.5,4.4,6,24.9,HL,2466,1
07000,종로구,20241,치킨전문점,7544,2848,7675,1,2.5,1.3,2,28.0,HL,2106,1
07000,종로구,20242,치킨전문점,7908,2841,9316,2,3.5,7.5,0,27.4,HL,2672,1
07000,종로구,20243,치킨전문점,7786,3651,9857,6,11.2,3.3,6,24.6,HL,2170,1
07000,종로구,20244,치킨전문점,9591,3961,11644,13,7.5,1.0,11,28.2,HL,1950,1
07000,종로구,20231,의류,7561,2760,8615,8,7.5,4.3,8,29.5,HL,1980,1
07000,종로구,20232,의류,8811,3179,9296,7,12.0,4.1,7,28.6,HL,2048,0
07000,종로구,20233,의류,7525,3392,6817,5,9.6,2.9,4,27.6,HL,2253,1
07000,종로구,20234,의류,7433,3588,9398,7,10.4,4.8,2,28.8,HL,2103,1
07000,종로구,20241,의류,7993,3381,9939,10,4.3,2.5,3,24.8,HL,2228,1
07000,종로구,20242,의류,7772,3932,7489,5,6.7,1.0,2,28.7,HL,2360,1
07000,종로구,20243,의류,8116,3073,7538,6,4.4,2.8,4,28.5,HL,2221,1
07000,종로구,20244,의류,7795,3280,7264,8,8.0,4.7,4,25.4,HL,2156,1
07001,종로구,20231,커피-음료,21020,7517,17357,6,7.8,7.7,0,14.5,HL,3447,1
07001,종로구,20232,커피-음료,23890,9440,17596,6,5.2,5.9,3,13.1,HL,3645,1
07001,종로구,20233,커피-음료,23017,9770,22119,6,1.0,6.5,1,14.3,HL,3107,1
07001,종로구,20234,커피-음료,21040,8241,19444,7,11.3,1.0,3,13.9,HL,3403,1
07001,종로구,20241,커피-음료,21157,6701,21923,4,4.6,1.5,0,13.8,HL,3123,1
07001,종로구,20242,커피-음료,22063,8786,22544,8,8.9,9.0,5,13.8,HL,3106,1
07001,종로구,20243,커피-음료,24474,8273,22159,9,7.9,1.3,4,14.1,HL,3711,1
07001,종로구,20244,커피-음료,24017,7539,21298,8,11.0,10.2,7,13.1,HL,3087,1
07001,종로구,20231,한식음식점,25567,10926,22430,9,6.4,1.0,5,11.9,HL,4163,1
07001,종로구,20232,한식음식점,24851,7475,26640,2,9.1,3.5,3,13.4,HL,4018,1
07001,종로구,20233,한식음식점,25703,8255,21515,6,2.5,6.4,6,14.3,HL,3912,1
07001,종로구,20234,한식음식점,19854,8207,21201,3,8.2,5.2,0,12.4,HL,4462,1
07001,종로구,20241,한식음식점,25897,10048,20101,7,1.8,8.6,5,13.0,HL,4020,1
07001,종로구,20242,한식음식점,21659,6773,17783,4,10.0,1.0,1,12.6,HL,4376,1
07001,종로구,20243,한식음식점,20250,8460,21580,8,13.9,1.4,4,12.3,HL,4707,1
07001,종로구,20244,한식음식점,22237,7959,21944,8,9.4,2.8,5,13.7,HL,4365,1
07001,종로구,20231,분식전문점,21488,7826,17946,9,6.2,4.5,3,14.1,HL,2173,1
07001,종로구,20232,분식전문점,19981,6253,17339,3,2.3,9.3,1,14.1,HL,2208,1
07001,종로구,20233,분식전문점,25169,9257,23618,9,3.3,1.0,3,14.2,HL,2096,1
07001,종로구,20234,분식전문점,26428,10186,27496,7,6.4,1.5,4,11.9,HL,2687,1
07001,종로구,20241,분식전문점,24666,9083,22715,7,10.0,1.0,4,13.4,HL,2459,1
07001,종로구,20242,분식전문점,26054,9080,26654,9,7.5,10.0,2,13.6,HL,2883,1
07001,종로구,20243,분식전문점,20684,7745,22395,2,5.2,9.0,0,12.4,HL,2414,1
07001,종로구,20244,분식전문점,22277,6700,17740,13,5.9,6.0,6,12.2,HL,2400,1
07001,종로구,20231,제과점,21513,8554,22867,11,9.4,5.0,4,14.0,HL,2664,1
07001,종로구,20232,제과점,22321,6934,21079,6,9.8,6.8,3,12.6,HL,2894,1
07001,종로구,20233,제과점,20455,7298,20520,1,8.8,5.7,1,12.1,HL,3046,1
07001,종로구,20234,제과점,22438,9416,21610,11,6.8,2.0,8,14.3,HL,2954,1
07001,종로구,20241,제과점,22139,7146,23430,8,8.5,4.9,4,13.0,HL,3011,1
07001,종로구,20242,제과점,25797,10653,28063,6,2.6,6.9,2,12.6,HL,3352,1
07001,종로구,20243,제과점,22725,7116,21123,8,7.2,5.1,9,13.7,HL,3312,1
07001,종로구,20244,제과점,26284,8926,21894,9,9.2,6.6,9,14.5,HL,3042,1
07001,종로구,20231,치킨전문점,23458,9267,17798,9,5.5,3.9,3,13.6,HL,2622,1
07001,종로구,20232,치킨전문점,23788,8086,25934,6,8.9,2.4,3,14.1,HL,2884,1
07001,종로구,20233,치킨전문점,26275,10325,28032,7,5.2,3.5,5,14.2,HL,2870,1
07001,종로구,20234,치킨전문점,21281,9178,16243,4,7.2,2.5,3,13.5,HL,3118,1
07001,종로구,20241,치킨전문점,23268,7114,23646,8,10.1,3.8,4,13.8,HL,2753,1
07001,종로구,20242,치킨전문점,22207,8954,16418,6,8.4,3.5,4,13.9,HL,2669,1
07001,종로구,20243,치킨전문점,23487,8219,20050,4,6.1,4.1,3,12.6,HL,2998,1
07001,종로구,20244,치킨전문점,20184,7510,20225,11,7.9,3.9,7,12.2,HL,2682,1
07001,종로구,20231,의류,20690,6322,17540,5,5.5,2.7,6,14.2,HL,2700,1
07001,종로구,20232,의류,25052,7345,22045,5,5.5,1.0,4,12.2,HL,2404,1
07001,종로구,20233,의류,25902,9874,22687,6,5.7,4.3,4,12.4,HL,2712,1
07001,종로구,20234,의류,20619,7845,16166,6,3.2,4.0,2,12.1,HL,2437,1
07001,종로구,20241,의류,22800,9634,23731,9,8.5,1.0,7,14.2,HL,2739,1
07001,종로구,20242,의류,21962,6874,21481,10,8.3,2.5,4,13.5,HL,2727,1
07001,종로구,20243,의류,21656,8575,20452,8,6.3,2.9,3,13.7,HL,2601,1
07001,종로구,20244,의류,26320,9092,22355,15,8.9,9.0,7,12.4,HL,2836,1
07002,종로구,20231,커피-음료,6714,5223,7603,4,7.8,1.2,2,14.1,HL,2494,1
07002,종로구,20232,커피-음료,8606,5545,8018,6,2.9,1.0,4,16.0,HL,2344,1
07002,종로구,20233,커피-음료,7202,4271,7842,9,6.3,3.2,7,13.9,HL,2390,1
07002,종로구,20234,커피-음료,7248,5673,8030,6,3.9,1.0,3,16.0,HL,2927,1
07002,종로구,20241,커피-음료,8865,5128,8555,5,9.4,4.7,1,15.3,HL,3243,1
07002,종로구,20242,커피-음료,7943,5338,8432,3,7.6,5.7,2,16.1,HL,3020,1
07002,종로구,20243,커피-음료,8450,4944,7419,7,6.3,4.8,5,16.6,HL,2976,1
07002,종로구,20244,커피-음료,7282,4887,7681,4,4.5,2.3,2,13.8,HL,2803,1
07002,종로구,20231,한식음식점,6594,4546,5504,10,9.5,3.2,5,14.0,HL,3377,1
07002,종로구,20232,한식음식점,7853,6662,7187,6,8.8,8.2,2,14.0,HL,3550,1
07002,종로구,20233,한식음식점,8127,4628,8192,6,9.1,4.3,4,16.3,HL,3261,0
07002,종로구,20234,한식음식점,7820,5824,7777,11,3.3,4.8,5,16.1,HL,3399,1
07002,종로구,20241,한식음식점,8893,6509,9467,2,6.4,3.5,0,15.6,HL,3801,1
07002,종로구,20242,한식음식점,7416,5182,6861,2,6.7,1.0,1,14.1,HL,3953,1
07002,종로구,20243,한식음식점,8395,6271,9263,4,3.0,4.1,3,15.3,HL,3804,1
07002,종로구,20244,한식음식점,6624,5244,6355,9,10.8,5.4,8,14.4,HL,3400,1
07002,종로구,20231,분식전문점,8715,4960,8827,6,5.1,7.8,4,16.0,HL,2225,0
07002,종로구,20232,분식전문점,6898,4860,6538,7,6.6,4.8,2,14.8,HL,2177,1
07002,종로구,20233,분식전문점,8838,6306,10177,2,11.3,3.6,2,14.1,HL,2180,1
07002,종로구,20234,분식전문점,7257,6022,7749,7,9.6,6.4,2,13.9,HL,2386,1
07002,종로구,20241,분식전문점,6639,5493,5146,4,5.6,6.7,3,13.8,HL,2305,1
07002,종로구,20242,분식전문점,6867,4209,6754,8,7.6,1.5,4,14.9,HL,2213,1
07002,종로구,20243,분식전문점,8784,6372,9275,9,8.9,4.1,7,15.2,HL,2280,1
07002,종로구,20244,분식전문점,7515,4815,8557,5,8.2,3.9,4,15.2,HL,1875,1
07002,종로구,20231,제과점,8385,6935,9079,2,3.8,1.4,1,14.2,HL,2447,1
07002,종로구,20232,제과점,8708,5479,7780,10,5.9,5.1,10,16.0,HL,2609,1
07002,종로구,20233,제과점,8722,6075,8658,3,8.3,5.5,4,14.8,HL,2283,1
07002,종로구,20234,제과점,6593,3859,7089,7,10.4,5.2,5,16.4,HL,2775,1
07002,종로구,20241,제과점,7274,4225,8100,10,2.0,11.3,6,15.1,HL,2477,0
07002,종로구,20242,제과점,7258,5721,7344,5,11.2,8.8,2,14.8,HL,2632,1
07002,종로구,20243,제과점,6791,5416,6525,8,9.1,6.7,8,14.0,HL,2735,1
07002,종로구,20244,제과점,6901,5262,7441,4,7.4,1.9,3,15.7,HL,2473,1
07002,종로구,20231,치킨전문점,7488,4855,7925,8,5.3,2.2,5,15.2,HL,2577,1
07002,종로구,20232,치킨전문점,6854,4880,5763,6,12.3,2.8,4,15.4,HL,2011,1
07002,종로구,20233,치킨전문점,6953,4035,6991,7,11.3,7.0,4,16.5,HL,2180,1
07002,종로구,20234,치킨전문점,7523,4377,8468,7,4.0,2.3,4,14.6,HL,2402,1
07002,종로구,20241,치킨전문점,8655,7207,7872,7,2.7,5.2,7,15.4,HL,2216,1
07002,종로구,20242,치킨전문점,7038,5964,8119,6,11.4,6.1,4,14.7,HL,2344,1
07002,종로구,20243,치킨전문점,7690,5676,7099,2,8.5,1.0,2,16.8,HL,2390,1
07002,종로구,20244,치킨전문점,6869,5344,6274,4,8.5,6.3,2,15.6,HL,2924,1
07002,종로구,20231,의류,7040,5398,6056,8,7.0,4.5,7,16.8,HL,2017,1
07002,종로구,20232,의류,7190,5891,7149,6,2.2,8.1,5,14.5,HL,2073,1
07002,종로구,20233,의류,6663,4092,6155,3,8.2,2.0,1,15.3,HL,2175,1
07002,종로구,20234,의류,6985,3996,7695,6,4.1,2.6,3,16.5,HL,2133,1
07002,종로구,20241,의류,8493,5472,7542,5,10.8,4.7,5,16.0,HL,2059,1
07002,종로구,20242,의류,8570,4852,9099,7,2.0,2.7,5,13.9,HL,1728,1
07002,종로구,20243,의류,8716,5774,9613,6,7.5,2.5,7,15.6,HL,2238,1
07002,종로구,20244,의류,8369,5571,8278,4,7.7,8.7,4,15.7,HL,2483,1
07003,종로구,20231,커피-음료,10541,7733,11538,4,8.7,8.1,4,17.9,LH,2666,0
07003,종로구,20232,커피-음료,9750,6862,10402,7,11.3,10.5,9,15.3,LH,2913,0
07003,종로구,20233,커피-음료,9846,9042,11843,8,6.6,5.6,5,17.9,LH,2878,1
07003,종로구,20234,커피-음료,10614,9342,10207,7,11.1,5.0,4,15.6,LH,2962,1
07003,종로구,20241,커피-음료,10773,11360,13729,7,8.7,9.2,2,17.8,LH,3086,0
07003,종로구,20242,커피-음료,10448,8045,12845,4,11.0,6.1,2,18.4,LH,3140,1
07003,종로구,20243,커피-음료,9181,7030,8833,5,4.8,5.4,2,15.9,LH,2891,0
07003,종로구,20244,커피-음료,8893,7998,10102,4,2.2,5.8,7,18.3,LH,2669,0
07003,종로구,20231,한식음식점,8799,7301,9351,7,9.6,6.5,3,17.8,LH,3531,0
07003,종로구,20232,한식음식점,10372,8688,13156,6,8.4,15.7,4,18.2,LH,3702,0
07003,종로구,20233,한식음식점,9541,7907,9490,5,12.3,5.9,4,15.4,LH,3637,1
07003,종로구,20234,한식음식점,9972,8053,11227,7,5.4,8.5,4,17.0,LH,3771,0
07003,종로구,20241,한식음식점,10603,8157,11918,3,8.8,3.6,1,15.4,LH,4089,1
07003,종로구,20242,한식음식점,9699,9944,8726,7,5.9,16.2,3,16.5,LH,4010,1
07003,종로구,20243,한식음식점,9372,8226,11206,7,4.9,5.7,4,18.2,LH,3613,1
07003,종로구,20244,한식음식점,9448,8435,10877,4,5.4,4.3,2,16.2,LH,3724,1
07003,종로구,20231,분식전문점,9448,7650,11266,5,9.7,11.6,4,17.3,LH,2051,0
07003,종로구,20232,분식전문점,8500,7237,10682,1,8.1,6.2,0,18.3,LH,1802,0
07003,종로구,20233,분식전문점,8474,8363,11164,2,7.0,4.8,1,18.6,LH,2119,1
07003,종로구,20234,분식전문점,8858,8559,7954,7,7.7,7.0,5,18.4,LH,2088,0
07003,종로구,20241,분식전문점,9028,6615,11839,6,10.1,3.7,3,16.4,LH,1706,0
07003,종로구,20242,분식전문점,11063,11182,11146,6,7.7,7.9,3,17.3,LH,2391,0
07003,종로구,20243,분식전문점,8757,8606,10118,9,13.3,8.1,5,18.5,LH,1827,1
07003,종로구,20244,분식전문점,9696,8391,10467,3,7.0,5.0,3,15.7,LH,2196,1
07003,종로구,20231,제과점,8832,9104,8474,5,10.0,11.4,1,16.2,LH,2674,0
07003,종로구,20232,제과점,8382,7319,9636,8,9.7,6.9,3,16.4,LH,2502,0
07003,종로구,20233,제과점,10537,7973,13750,9,11.1,11.8,10,17.2,LH,2470,1
07003,종로구,20234,제과점,10861,10637,13631,8,10.8,6.4,5,17.8,LH,2643,1
07003,종로구,20241,제과점,10434,8801,13181,5,10.5,4.0,1,15.6,LH,3087,1
07003,종로구,20242,제과점,9853,9891,12678,6,4.8,6.7,1,17.3,LH,2860,1
07003,종로구,20243,제과점,8196,6888,9489,6,6.6,1.0,6,16.4,LH,2477,1
07003,종로구,20244,제과점,10039,8476,11670,8,11.5,4.9,3,17.3,LH,2539,0
07003,종로구,20231,치킨전문점,8849,9275,11250,8,8.5,3.8,6,18.3,LH,2236,0
07003,종로구,20232,치킨전문점,9593,9595,8668,8,11.3,8.0,6,18.4,LH,2553,0
07003,종로구,20233,치킨전문점,9799,8766,9856,5,5.6,6.3,3,15.9,LH,2392,0
07003,종로구,20234,치킨전문점,9672,8431,9709,7,9.6,1.0,1,15.4,LH,1975,1
07003,종로구,20241,치킨전문점,8473,8191,9038,9,10.6,7.7,4,17.5,LH,2276,0
07003,종로구,20242,치킨전문점,10650,8750,12331,4,13.9,10.9,0,17.0,LH,2704,1
07003,종로구,20243,치킨전문점,10676,7960,13933,6,7.2,6.2,2,18.2,LH,2864,1
07003,종로구,20244,치킨전문점,9150,8204,8515,4,7.2,9.4,4,16.7,LH,2412,1
07003,종로구,20231,의류,9819,8602,11910,9,5.1,7.7,4,18.0,LH,2115,1
07003,종로구,20232,의류,10957,10152,11106,4,5.2,13.4,2,18.0,LH,2196,0
07003,종로구,20233,의류,10810,10235,9967,10,9.2,5.1,7,17.2,LH,2240,1
07003,종로구,20234,의류,9659,8770,11909,11,11.3,5.3,6,18.4,LH,2065,1
07003,종로구,20241,의류,8932,8382,9851,6,4.2,11.8,3,17.9,LH,2102,1
07003,종로구,20242,의류,9637,8425,11990,6,9.8,4.2,2,17.8,LH,2207,1
07003,종로구,20243,의류,8920,7261,9233,5,6.3,5.4,3,16.8,LH,2252,0
07003,종로구,20244,의류,10348,10802,13802,5,4.2,5.9,2,17.0,LH,2513,1
07004,종로구,20231,커피-음료,5377,5924,3967,7,6.2,4.9,3,12.7,LL,3043,1
07004,종로구,20232,커피-음료,5033,6855,2664,8,10.6,6.0,7,13.0,LL,2452,0
07004,종로구,20233,커피-음료,5190,6230,2732,1,9.1,3.7,0,11.1,LL,2923,1
07004,종로구,20234,커피-음료,5529,6044,4120,4,9.1,5.1,2,11.0,LL,2839,1
07004,종로구,20241,커피-음료,5893,8586,3270,2,12.6,5.4,2,11.0,LL,3036,1
07004,종로구,20242,커피-음료,5930,7335,3250,8,12.0,6.6,5,11.1,LL,2840,1
07004,종로구,20243,커피-음료,6127,6885,3930,7,7.2,14.9,8,11.4,LL,2840,0
07004,종로구,20244,커피-음료,4861,5435,2645,10,9.2,7.5,7,11.6,LL,3080,1
07004,종로구,20231,한식음식점,6057,6725,3601,6,8.9,8.5,4,12.9,LL,3341,1
07004,종로구,20232,한식음식점,6132,7684,3504,3,7.8,5.4,2,12.2,LL,3738,1
07004,종로구,20233,한식음식점,5314,6362,3814,2,13.8,7.5,1,11.5,LL,3491,1
07004,종로구,20234,한식음식점,4728,6642,2550,6,9.2,12.0,4,10.8,LL,3076,1
07004,종로구,20241,한식음식점,5899,8627,3331,7,3.7,8.4,0,11.4,LL,3913,1
07004,종로구,20242,한식음식점,4835,5571,2672,8,12.3,5.6,3,12.6,LL,3736,1
07004,종로구,20243,한식음식점,4885,6229,3596,7,7.8,10.6,2,11.9,LL,3986,1
07004,종로구,20244,한식음식점,6199,7026,3432,5,7.5,2.7,3,11.2,LL,3866,1
07004,종로구,20231,분식전문점,5848,6248,3602,5,10.0,10.7,4,12.3,LL,2000,1
07004,종로구,20232,분식전문점,4817,5324,2497,10,7.5,8.6,9,11.9,LL,1518,0
07004,종로구,20233,분식전문점,5649,8146,3432,5,6.9,4.5,3,12.2,LL,1804,0
07004,종로구,20234,분식전문점,5849,7921,4023,5,11.1,10.1,6,12.3,LL,1682,1
07004,종로구,20241,분식전문점,5324,7000,3876,11,9.2,5.9,5,12.2,LL,2027,1
07004,종로구,20242,분식전문점,4655,6512,2644,10,9.7,9.3,8,11.8,LL,1845,0
07004,종로구,20243,분식전문점,5542,5426,2822,4,9.6,7.0,1,10.8,LL,2428,1
07004,종로구,20244,분식전문점,5600,7195,3821,6,4.4,7.0,6,11.5,LL,2221,0
07004,종로구,20231,제과점,4643,4540,3084,5,6.6,11.4,4,11.0,LL,2341,1
07004,종로구,20232,제과점,4955,5197,2817,12,9.5,7.4,12,11.9,LL,2210,1
07004,종로구,20233,제과점,5283,5784,3723,3,8.9,9.1,2,13.0,LL,2368,1
07004,종로구,20234,제과점,5924,7023,2985,7,5.8,11.4,5,11.9,LL,2432,1
07004,종로구,20241,제과점,4608,6141,3158,6,8.7,12.0,6,11.1,LL,2784,0
07004,종로구,20242,제과점,4675,4960,3144,5,12.7,11.7,2,11.9,LL,2562,1
07004,종로구,20243,제과점,4806,5389,3416,8,6.7,6.1,2,11.7,LL,2910,1
07004,종로구,20244,제과점,6107,8285,4433,8,8.8,4.9,4,10.8,LL,2762,0
07004,종로구,20231,치킨전문점,5672,5876,3083,3,12.1,9.1,1,12.1,LL,2458,0
07004,종로구,20232,치킨전문점,5323,6201,3746,7,8.0,12.8,4,11.8,LL,2137,0
07004,종로구,20233,치킨전문점,4879,5099,2580,7,6.2,9.1,5,10.9,LL,1793,0
07004,종로구,20234,치킨전문점,4959,6678,2768,1,5.1,6.5,2,12.4,LL,2005,1
07004,종로구,20241,치킨전문점,5553,7407,3164,6,8.7,7.7,2,12.6,LL,1992,0
07004,종로구,20242,치킨전문점,4726,6142,3391,5,10.4,7.3,2,11.0,LL,2305,1
07004,종로구,20243,치킨전문점,5370,7763,2945,7,8.2,7.7,8,12.7,LL,2205,1
07004,종로구,20244,치킨전문점,5506,5759,3637,2,15.5,7.6,0,11.7,LL,2537,1
07004,종로구,20231,의류,5838,7778,3038,11,9.5,3.4,9,12.0,LL,1896,1
07004,종로구,20232,의류,4865,4793,3430,4,4.4,12.8,4,11.3,LL,2353,0
07004,종로구,20233,의류,4757,5479,3037,4,9.5,7.4,5,12.1,LL,2005,1
07004,종로구,20234,의류,5556,7398,3716,3,9.5,8.7,2,10.8,LL,2061,1
07004,종로구,20241,의류,4605,6122,3346,5,8.2,7.0,5,10.9,LL,2069,0
07004,종로구,20242,의류,5727,7356,4318,6,8.6,3.8,1,12.5,LL,2261,0
07004,종로구,20243,의류,4983,5451,3611,3,5.6,6.7,0,13.1,LL,2182,1
07004,종로구,20244,의류,4855,6374,2608,2,12.1,5.5,1,12.1,LL,2213,1
07005,종로구,20231,커피-음료,6510,8137,4503,5,8.1,6.2,1,26.2,LL,2494,1
07005,종로구,20232,커피-음료,7332,7669,4397,4,5.8,9.5,1,22.9,LL,2942,1
07005,종로구,20233,커피-음료,7377,9604,3935,8,15.5,7.2,10,25.8,LL,2628,1
07005,종로구,20234,커피-음료,5692,6487,3935,9,6.2,7.0,5,26.2,LL,2367,1
07005,종로구,20241,커피-음료,7329,7168,4060,6,9.1,9.9,1,22.5,LL,2838,1
07005,종로구,20242,커피-음료,7365,9696,4392,9,2.9,7.6,2,25.5,LL,2356,1
07005,종로구,20243,커피-음료,5583,5603,3440,4,11.1,9.6,1,24.8,LL,3005,1
07005,종로구,20244,커피-음료,7366,8334,4451,6,5.7,6.3,1,26.2,LL,2752,1
07005,종로구,20231,한식음식점,5509,6327,3842,8,13.1,7.1,10,24.1,LL,2828,0
07005,종로구,20232,한식음식점,6050,6316,3970,7,13.9,4.1,3,23.8,LL,2994,0
07005,종로구,20233,한식음식점,7164,8026,3718,4,3.3,6.4,1,21.9,LL,3373,1
07005,종로구,20234,한식음식점,6245,6389,3740,5,8.1,4.1,3,26.5,LL,3485,1
07005,종로구,20241,한식음식점,6450,7727,4212,7,6.3,8.5,1,24.6,LL,3548,1
07005,종로구,20242,한식음식점,6145,7913,4262,5,10.2,9.5,2,26.4,LL,3407,0
07005,종로구,20243,한식음식점,5997,7326,3029,3,6.0,12.9,3,24.4,LL,3394,0
07005,종로구,20244,한식음식점,6976,9103,3656,9,2.7,2.3,5,24.0,LL,3122,1
07005,종로구,20231,분식전문점,6096,6675,3899,7,8.3,4.3,3,25.0,LL,2033,1
07005,종로구,20232,분식전문점,6095,6158,3428,8,9.3,10.0,4,23.1,LL,1795,0
07005,종로구,20233,분식전문점,6174,6831,4245,6,2.9,9.5,5,22.0,LL,1940,1
07005,종로구,20234,분식전문점,7308,6637,4959,9,12.3,5.4,8,23.7,LL,1650,0
07005,종로구,20241,분식전문점,6303,5951,4587,6,8.4,9.3,3,24.8,LL,1985,1
07005,종로구,20242,분식전문점,7351,8643,4504,4,5.4,6.9,1,24.0,LL,1923,1
07005,종로구,20243,분식전문점,7124,6715,5330,2,9.4,5.1,2,22.9,LL,1747,1
07005,종로구,20244,분식전문점,6411,5930,4577,5,4.3,4.6,2,24.7,LL,1982,0
07005,종로구,20231,제과점,5619,5942,4014,6,9.4,10.0,0,22.9,LL,2571,1
07005,종로구,20232,제과점,6659,7911,3394,3,9.1,1.0,4,25.3,LL,2381,0
07005,종로구,20233,제과점,6358,6263,3450,7,11.3,1.9,5,24.4,LL,2467,1
07005,종로구,20234,제과점,6118,7766,4594,7,9.0,5.9,5,25.5,LL,2651,1
07005,종로구,20241,제과점,5688,7012,3432,6,6.8,7.2,2,23.1,LL,2569,1
07005,종로구,20242,제과점,6373,7274,3744,3,8.1,13.1,0,24.7,LL,2558,1
07005,종로구,20243,제과점,6336,7011,3363,3,6.6,5.4,3,22.5,LL,2607,1
07005,종로구,20244,제과점,6799,7735,3964,4,9.0,11.2,0,25.7,LL,2617,1
07005,종로구,20231,치킨전문점,5909,6376,3177,3,13.9,5.5,4,23.1,LL,2107,1
07005,종로구,20232,치킨전문점,6096,7840,3186,4,14.9,6.4,2,21.8,LL,2378,1
07005,종로구,20233,치킨전문점,7129,6737,5090,9,5.4,6.5,2,22.5,LL,2335,0
07005,종로구,20234,치킨전문점,7094,8330,4364,8,8.8,4.5,8,22.7,LL,2003,0
07005,종로구,20241,치킨전문점,6028,6933,3737,6,2.6,3.8,5,25.8,LL,1435,0
07005,종로구,20242,치킨전문점,6439,6502,3553,12,7.1,2.6,10,24.3,LL,1745,1
07005,종로구,20243,치킨전문점,6086,6528,3707,7,6.8,4.5,2,22.6,LL,2374,1
07005,종로구,20244,치킨전문점,6966,8857,4105,5,8.0,5.6,3,22.2,LL,2027,0
07005,종로구,20231,의류,7216,8168,3984,4,1.6,4.2,3,22.4,LL,2314,1
07005,종로구,20232,의류,5808,7475,4188,3,12.0,4.9,1,24.7,LL,2158,1
07005,종로구,20233,의류,5752,5204,3302,7,11.1,9.8,4,22.2,LL,2140,0
07005,종로구,20234,의류,6575,5881,3857,9,4.3,6.8,6,23.0,LL,1763,0
07005,종로구,20241,의류,6813,6333,4405,12,5.0,1.0,7,22.7,LL,2102,1
07005,종로구,20242,의류,6839,7640,5017,6,14.3,7.9,2,24.8,LL,2569,1
07005,종로구,20243,의류,6021,6270,4369,5,4.1,10.5,2,23.4,LL,1965,1
07005,종로구,20244,의류,7162,8108,5111,3,7.0,1.8,0,24.5,LL,2364,1
07006,종로구,20231,커피-음료,34086,12227,13767,7,5.0,8.4,3,13.7,LL,3541,1
07006,종로구,20232,커피-음료,33437,10620,13748,5,12.2,11.4,2,13.8,LL,3853,1
07006,종로구,20233,커피-음료,33434,9186,10362,6,9.8,10.2,3,14.8,LL,3601,1
07006,종로구,20234,커피-음료,37716,14801,13756,2,6.1,8.7,1,16.1,LL,3641,1
07006,종로구,20241,커피-음료,35460,9953,13201,7,6.3,9.2,7,15.1,LL,3561,0
07006,종로구,20242,커피-음료,35817,10447,12497,5,11.0,8.6,0,14.4,LL,3606,1
07006,종로구,20243,커피-음료,37429,14789,12950,6,8.2,9.2,6,15.5,LL,3075,1
07006,종로구,20244,커피-음료,30314,10894,12463,5,2.2,9.6,3,14.1,LL,3274,1
07006,종로구,20231,한식음식점,28785,9606,10862,7,6.7,1.8,2,15.9,LL,3875,1
07006,종로구,20232,한식음식점,32793,11483,12717,13,11.1,7.2,8,14.1,LL,4025,1
07006,종로구,20233,한식음식점,32630,12587,13581,5,11.6,4.7,1,14.9,LL,4430,1
07006,종로구,20234,한식음식점,34152,10636,11886,4,8.7,8.2,1,13.7,LL,4687,1
07006,종로구,20241,한식음식점,30914,11758,11503,10,12.7,6.4,3,16.0,LL,4240,1
07006,종로구,20242,한식음식점,37566,12923,13330,5,10.4,5.3,6,15.5,LL,4068,1
07006,종로구,20243,한식음식점,34065,10183,10841,3,4.3,6.4,0,13.5,LL,4827,1
07006,종로구,20244,한식음식점,28179,9906,10834,7,7.3,10.1,6,14.8,LL,3988,1
07006,종로구,20231,분식전문점,30694,11970,9781,5,10.1,1.3,3,15.1,LL,2568,0
07006,종로구,20232,분식전문점,30135,9063,10927,3,4.3,6.4,4,15.2,LL,2020,0
07006,종로구,20233,분식전문점,32840,10589,11297,4,11.2,2.1,1,14.9,LL,2320,1
07006,종로구,20234,분식전문점,37747,12965,12294,9,7.4,4.0,6,13.7,LL,2660,1
07006,종로구,20241,분식전문점,29057,9285,11831,4,13.1,6.0,3,15.6,LL,2510,1
07006,종로구,20242,분식전문점,31130,9193,10637,3,10.3,12.7,0,15.1,LL,2856,1
07006,종로구,20243,분식전문점,33831,9958,10180,5,10.6,11.1,3,16.3,LL,2397,1
07006,종로구,20244,분식전문점,31723,12019,9813,6,7.0,7.0,6,13.5,LL,2553,1
07006,종로구,20231,제과점,28133,9191,8878,5,9.4,8.0,7,14.9,LL,2715,1
07006,종로구,20232,제과점,32929,11609,11732,4,4.2,3.6,2,14.4,LL,3109,1
07006,종로구,20233,제과점,36105,10139,11210,6,9.7,4.9,3,14.0,LL,3314,1
07006,종로구,20234,제과점,34576,12122,10016,4,7.5,4.5,3,13.8,LL,3530,1
07006,종로구,20241,제과점,36919,10470,15338,5,7.8,2.9,3,14.7,LL,3735,1
07006,종로구,20242,제과점,30748,9796,10053,5,11.6,9.0,3,16.0,LL,3445,1
07006,종로구,20243,제과점,34700,13319,12576,6,7.0,1.0,2,14.0,LL,3612,1
07006,종로구,20244,제과점,35840,13994,13788,4,4.1,9.2,0,14.5,LL,3666,0
07006,종로구,20231,치킨전문점,35133,10243,12898,3,3.3,10.6,3,15.3,LL,2775,0
07006,종로구,20232,치킨전문점,29840,9164,10269,7,6.5,4.2,6,15.7,LL,2687,1
07006,종로구,20233,치킨전문점,36035,11622,13861,5,3.5,7.1,5,13.6,LL,2643,1
07006,종로구,20234,치킨전문점,37111,13176,14435,4,10.1,8.3,2,13.4,LL,3344,1
07006,종로구,20241,치킨전문점,34125,9942,13224,8,8.7,4.6,2,16.1,LL,3105,1
07006,종로구,20242,치킨전문점,29421,11621,8896,5,9.3,5.2,1,15.9,LL,3102,1
07006,종로구,20243,치킨전문점,29331,9890,10554,10,7.7,14.8,6,16.1,LL,2715,1
07006,종로구,20244,치킨전문점,28792,9012,8159,9,9.5,5.8,6,15.7,LL,2821,1
07006,종로구,20231,의류,35258,12929,11272,9,6.4,13.3,7,14.2,LL,2796,0
07006,종로구,20232,의류,33227,12975,11593,5,6.3,3.9,1,16.1,LL,2526,1
07006,종로구,20233,의류,35156,11771,11045,6,9.4,6.7,2,14.1,LL,3033,0
07006,종로구,20234,의류,29897,10254,11038,6,9.1,5.7,3,14.2,LL,2960,1
07006,종로구,20241,의류,30199,12086,10486,5,6.7,5.3,3,16.1,LL,2958,1
07006,종로구,20242,의류,31616,9909,10256,7,11.4,11.9,7,15.9,LL,2942,1
07006,종로구,20243,의류,33569,9962,13841,9,6.2,8.6,8,14.7,LL,3019,1
07006,종로구,20244,의류,31220,9375,12499,9,12.2,8.9,1,13.5,LL,3131,1
07007,종로구,20231,커피-음료,15182,6512,5655,6,7.5,8.9,3,13.8,HL,2962,1
07007,종로구,20232,커피-음료,15917,7341,7050,6,6.8,4.2,2,13.9,HL,2793,1
07007,종로구,20233,커피-음료,13669,5093,6077,3,3.1,5.8,1,15.2,HL,3151,1
07007,종로구,20234,커피-음료,15677,5804,7079,6,12.2,6.5,4,13.8,HL,2990,1
07007,종로구,20241,커피-음료,13667,6977,5516,10,10.0,2.8,13,13.3,HL,2827,1
07007,종로구,20242,커피-음료,15548,6731,7136,12,10.6,4.7,6,13.2,HL,2990,1
07007,종로구,20243,커피-음료,14372,6207,5299,5,10.7,5.3,1,13.7,HL,3260,1
07007,종로구,20244,커피-음료,13872,6643,4987,2,3.7,6.8,2,15.2,HL,3289,1
07007,종로구,20231,한식음식점,12103,5322,5601,9,4.4,7.1,5,15.1,HL,3638,1
07007,종로구,20232,한식음식점,15441,7726,6427,2,12.2,7.0,1,16.0,HL,3988,1
07007,종로구,20233,한식음식점,15509,8063,5649,10,8.3,5.3,4,13.4,HL,3719,1
07007,종로구,20234,한식음식점,12098,4787,5172,5,10.4,1.0,4,13.7,HL,3708,1
07007,종로구,20241,한식음식점,13149,6638,6184,7,2.1,14.5,4,14.8,HL,3552,1
07007,종로구,20242,한식음식점,12295,6484,4254,3,7.9,6.8,1,15.5,HL,3651,1
07007,종로구,20243,한식음식점,15610,7020,6285,8,8.7,1.4,1,16.1,HL,3702,1
07007,종로구,20244,한식음식점,12026,5063,4452,8,8.8,6.2,7,14.7,HL,3614,1
07007,종로구,20231,분식전문점,14724,6055,6612,5,9.9,5.8,4,15.6,HL,2151,1
07007,종로구,20232,분식전문점,15628,7042,5700,9,7.3,8.1,12,14.8,HL,2108,1
07007,종로구,20233,분식전문점,13077,6903,6014,7,7.4,7.3,2,15.1,HL,2030,1
07007,종로구,20234,분식전문점,15555,7897,5388,5,3.5,4.7,1,14.4,HL,2240,1
07007,종로구,20241,분식전문점,14875,6994,6251,7,4.2,1.0,3,13.7,HL,2493,1
07007,종로구,20242,분식전문점,15380,6135,6424,10,11.9,4.6,6,15.4,HL,2255,1
07007,종로구,20243,분식전문점,13139,6180,5146,5,9.9,6.6,2,14.4,HL,2299,1
07007,종로구,20244,분식전문점,15454,7490,7132,5,13.3,6.8,6,15.6,HL,2320,1
07007,종로구,20231,제과점,13155,4977,6096,5,5.4,1.0,4,13.3,HL,2336,1
07007,종로구,20232,제과점,14820,6892,5440,7,8.4,3.3,3,15.4,HL,2513,1
07007,종로구,20233,제과점,14723,5327,6299,7,10.6,2.5,3,13.9,HL,2737,1
07007,종로구,20234,제과점,15607,6720,5712,5,4.9,4.9,6,15.4,HL,2881,1
07007,종로구,20241,제과점,13985,6006,4589,8,6.9,1.0,5,14.0,HL,2432,1
07007,종로구,20242,제과점,12241,5326,4433,5,5.7,1.1,3,14.3,HL,2898,1
07007,종로구,20243,제과점,12280,6302,5757,6,11.9,2.0,3,14.9,HL,2802,1
07007,종로구,20244,제과점,13329,6501,6075,4,11.9,1.0,4,13.9,HL,2899,0
07007,종로구,20231,치킨전문점,15931,6547,7084,5,7.5,8.9,3,13.9,HL,2774,1
07007,종로구,20232,치킨전문점,13700,5161,5358,12,9.1,1.0,9,13.3,HL,2345,1
07007,종로구,20233,치킨전문점,14144,6164,6099,6,7.9,1.0,4,15.1,HL,2189,0
07007,종로구,20234,치킨전문점,13281,5169,4721,11,2.5,7.0,8,15.4,HL,2333,1
07007,종로구,20241,치킨전문점,14487,5213,5876,6,8.5,5.3,4,13.3,HL,2689,1
07007,종로구,20242,치킨전문점,13872,6740,5269,8,8.2,2.0,9,14.4,HL,2274,1
07007,종로구,20243,치킨전문점,15980,8519,6699,3,6.3,8.3,1,15.3,HL,2678,0
07007,종로구,20244,치킨전문점,12783,6084,5123,6,10.1,7.6,3,15.3,HL,2565,1
07007,종로구,20231,의류,15014,6680,5779,6,12.1,2.9,2,13.5,HL,1977,1
07007,종로구,20232,의류,13550,6844,5126,5,12.0,5.0,2,15.3,HL,2018,1
07007,종로구,20233,의류,15612,6091,6444,9,5.9,1.4,8,14.2,HL,2520,0
07007,종로구,20234,의류,13671,5208,5152,6,10.6,1.1,5,15.8,HL,2587,1
07007,종로구,20241,의류,12123,5713,3963,8,4.4,7.8,4,13.9,HL,2182,1
07007,종로구,20242,의류,13493,7198,5765,5,9.3,1.0,3,16.1,HL,2204,1
07007,종로구,20243,의류,14032,5912,5676,6,8.9,7.7,5,14.9,HL,2352,1
07007,종로구,20244,의류,12638,6087,4751,6,7.1,1.0,3,14.5,HL,2332,1
07008,종로구,20231,커피-음료,12260,13896,8554,10,4.3,6.3,8,25.2,HL,2274,1
07008,종로구,20232,커피-음료,12276,13150,9638,6,14.2,3.2,3,21.4,HL,2616,1
07008,종로구,20233,커피-음료,9463,11766,6950,6,7.4,2.2,5,21.1,HL,2937,1
07008,종로구,20234,커피-음료,12012,16671,9907,8,15.1,2.4,7,21.8,HL,2286,0
07008,종로구,20241,커피-음료,9479,11867,6694,6,5.8,3.8,3,22.2,HL,3148,1
07008,종로구,20242,커피-음료,10704,10530,8343,3,7.5,1.0,2,21.8,HL,2738,1
07008,종로구,20243,커피-음료,11881,12487,8399,3,11.4,5.1,2,22.9,HL,3405,1
07008,종로구,20244,커피-음료,10186,12404,5981,5,6.6,4.4,2,24.9,HL,3010,1
07008,종로구,20231,한식음식점,12126,12405,9229,10,4.0,6.6,5,25.5,HL,3102,1
07008,종로구,20232,한식음식점,9675,9903,5703,10,11.9,1.0,6,24.0,HL,3388,1
07008,종로구,20233,한식음식점,12504,14089,8079,3,2.4,1.0,3,21.5,HL,3989,1
07008,종로구,20234,한식음식점,10378,10175,6632,3,10.4,3.7,1,24.5,HL,3594,1
07008,종로구,20241,한식음식점,10739,11993,6973,4,14.5,6.4,3,22.2,HL,3471,1
07008,종로구,20242,한식음식점,9694,12616,5670,7,6.2,6.0,4,24.0,HL,3652,1
07008,종로구,20243,한식음식점,12460,17740,10583,2,9.0,3.2,2,22.5,HL,3803,1
07008,종로구,20244,한식음식점,10108,10714,6906,4,10.5,6.0,4,21.0,HL,3796,1
07008,종로구,20231,분식전문점,9311,12705,5843,9,9.1,8.6,1,24.1,HL,2123,1
07008,종로구,20232,분식전문점,11988,14991,10000,7,12.4,7.6,7,22.7,HL,1845,0
07008,종로구,20233,분식전문점,11139,11951,7102,6,1.0,3.8,2,23.1,HL,2027,1
07008,종로구,20234,분식전문점,11714,13789,6765,6,7.3,2.8,2,22.1,HL,2196,1
07008,종로구,20241,분식전문점,9390,13394,7931,4,3.3,2.8,1,24.3,HL,2287,1
07008,종로구,20242,분식전문점,10769,10524,8059,7,8.2,3.6,4,24.9,HL,1887,1
07008,종로구,20243,분식전문점,12074,13095,9580,5,8.3,8.3,3,24.1,HL,1982,1
07008,종로구,20244,분식전문점,9762,11348,6325,3,5.3,4.9,1,21.2,HL,2385,1
07008,종로구,20231,제과점,11076,11344,7559,8,7.7,6.3,4,24.9,HL,2660,1
07008,종로구,20232,제과점,9781,13960,8069,3,11.8,7.6,0,24.2,HL,2772,1
07008,종로구,20233,제과점,10420,14697,6465,7,10.1,3.8,8,22.2,HL,2202,1
07008,종로구,20234,제과점,10367,13464,6225,5,8.1,2.3,3,21.4,HL,2823,1
07008,종로구,20241,제과점,9584,11377,6042,6,11.0,1.0,4,25.3,HL,2655,1
07008,종로구,20242,제과점,9414,12676,7199,4,7.4,1.2,4,24.3,HL,2452,1
07008,종로구,20243,제과점,9402,12714,6162,7,7.9,1.8,1,22.7,HL,3018,1
07008,종로구,20244,제과점,10051,12917,7634,11,8.9,7.4,12,24.5,HL,2446,0
07008,종로구,20231,치킨전문점,11074,11077,7719,8,5.6,1.0,8,23.6,HL,1929,1
07008,종로구,20232,치킨전문점,12378,14477,9661,2,6.4,2.4,3,22.9,HL,2546,1
07008,종로구,20233,치킨전문점,9474,9818,5643,7,7.9,4.5,6,25.4,HL,2004,1
07008,종로구,20234,치킨전문점,10107,13875,6024,2,1.4,1.0,2,21.3,HL,2111,1
07008,종로구,20241,치킨전문점,11076,13687,9365,5,4.3,1.5,3,21.4,HL,2180,0
07008,종로구,20242,치킨전문점,9791,11521,5807,6,2.0,3.0,1,21.9,HL,2484,1
07008,종로구,20243,치킨전문점,9985,14170,5735,8,9.9,3.6,7,25.3,HL,2113,1
07008,종로구,20244,치킨전문점,10517,10363,7649,8,7.9,5.6,1,22.9,HL,2479,1
07008,종로구,20231,의류,10390,12873,8033,12,5.9,6.4,11,21.4,HL,1717,1
07008,종로구,20232,의류,9390,12490,7862,3,5.1,9.3,3,25.0,HL,2161,0
07008,종로구,20233,의류,10902,12533,8343,8,3.8,4.2,4,24.9,HL,1917,1
07008,종로구,20234,의류,11911,15802,9146,8,13.0,9.1,4,22.4,HL,2072,1
07008,종로구,20241,의류,10346,13071,7657,10,7.8,5.3,10,24.4,HL,1959,1
07008,종로구,20242,의류,9767,13266,7943,4,6.7,6.7,4,23.4,HL,2659,1
07008,종로구,20243,의류,11520,14777,7225,8,8.9,7.5,2,21.3,HL,2531,0
07008,종로구,20244,의류,12483,16083,8156,5,6.6,4.8,5,22.7,HL,2654,1
08000,용산구,20231,커피-음료,4003,4446,2732,10,10.0,9.7,6,11.0,HH,2588,1
08000,용산구,20232,커피-음료,3393,3466,2898,6,8.6,4.8,5,10.6,HH,2478,0
08000,용산구,20233,커피-음료,3234,3889,2260,4,6.7,1.0,3,10.2,HH,2542,1
08000,용산구,20234,커피-음료,3972,4369,3574,2,12.1,2.7,0,12.0,HH,3410,1
08000,용산구,20241,커피-음료,3865,3408,3063,4,9.6,5.2,2,11.5,HH,2889,1
08000,용산구,20242,커피-음료,3560,4083,2416,1,12.5,1.0,1,11.2,HH,2997,1
08000,용산구,20243,커피-음료,4045,3494,2645,6,11.0,8.8,2,10.8,HH,2585,0
08000,용산구,20244,커피-음료,3529,3510,2362,6,9.6,7.8,3,11.3,HH,2870,1
08000,용산구,20231,한식음식점,4218,4173,2866,6,7.4,1.0,1,12.4,HH,3401,1
08000,용산구,20232,한식음식점,3810,3923,2633,3,11.8,3.2,1,10.5,HH,3517,1
08000,용산구,20233,한식음식점,3458,3506,2421,7,4.3,7.9,11,12.3,HH,3025,1
08000,용산구,20234,한식음식점,4360,4267,3596,9,5.2,2.3,6,10.4,HH,3308,1
08000,용산구,20241,한식음식점,3971,3836,3593,3,7.5,2.5,0,10.7,HH,3270,1
08000,용산구,20242,한식음식점,3477,3432,3264,6,10.3,3.9,4,11.1,HH,3710,1
08000,용산구,20243,한식음식점,3684,4478,3208,7,6.0,3.4,1,10.9,HH,3700,1
08000,용산구,20244,한식음식점,3281,3464,2727,5,12.0,5.8,6,12.2,HH,3371,1
08000,용산구,20231,분식전문점,3397,3751,3244,5,9.7,2.5,2,12.2,HH,1696,1
08000,용산구,20232,분식전문점,4086,3493,3592,9,4.1,6.3,6,11.8,HH,2110,1
08000,용산구,20233,분식전문점,3915,3434,2734,4,4.8,8.5,3,10.6,HH,1845,1
08000,용산구,20234,분식전문점,3332,3327,3200,6,10.9,2.4,4,12.4,HH,1705,1
08000,용산구,20241,분식전문점,3929,3396,2830,6,12.6,1.0,0,10.8,HH,2175,1
08000,용산구,20242,분식전문점,4281,4992,3560,2,8.8,4.1,3,11.5,HH,1792,1
08000,용산구,20243,분식전문점,3481,3524,3160,4,1.8,8.0,2,10.8,HH,1469,1
08000,용산구,20244,분식전문점,4068,4250,3649,10,7.6,1.0,8,10.5,HH,1857,1
08000,용산구,20231,제과점,3942,4215,2934,10,3.0,2.5,7,11.6,HH,2512,1
08000,용산구,20232,제과점,3625,3502,2756,4,8.3,6.1,1,11.7,HH,2710,0
08000,용산구,20233,제과점,4350,3828,3774,2,8.1,7.4,0,10.3,HH,2524,1
08000,용산구,20234,제과점,3658,4114,2788,4,10.6,4.7,2,12.4,HH,2228,1
08000,용산구,20241,제과점,3737,3303,2772,4,5.2,3.6,1,10.5,HH,2561,1
08000,용산구,20242,제과점,3904,3606,3419,5,12.9,4.8,5,10.5,HH,2466,1
08000,용산구,20243,제과점,3467,3237,2864,4,6.1,2.0,2,10.7,HH,2632,1
08000,용산구,20244,제과점,3459,4056,2424,5,9.8,4.5,2,12.0,HH,2860,1
08000,용산구,20231,치킨전문점,3348,3642,2252,2,8.2,1.0,2,10.7,HH,2253,1
08000,용산구,20232,치킨전문점,3262,2980,3067,4,10.9,6.0,4,10.3,HH,1952,1
08000,용산구,20233,치킨전문점,4352,4532,3356,7,8.7,3.7,4,10.2,HH,2196,1
08000,용산구,20234,치킨전문점,3732,3925,2903,5,9.2,4.5,3,11.3,HH,2226,1
08000,용산구,20241,치킨전문점,3947,4222,2902,1,5.7,1.0,0,11.8,HH,2387,1
08000,용산구,20242,치킨전문점,3594,3842,2865,3,8.9,1.2,3,10.3,HH,2298,1
08000,용산구,20243,치킨전문점,3467,3598,3079,6,8.8,5.4,1,10.6,HH,2441,0
08000,용산구,20244,치킨전문점,3248,3594,2373,1,10.7,4.3,2,12.2,HH,2366,1
08000,용산구,20231,의류,3665,4413,2589,2,12.3,1.0,1,12.4,HH,2039,1
08000,용산구,20232,의류,3555,3894,2552,4,1.0,2.7,5,10.6,HH,1792,0
08000,용산구,20233,의류,4309,3722,2845,1,6.7,1.0,0,11.0,HH,2202,1
08000,용산구,20234,의류,3567,3369,3427,6,12.9,5.3,2,10.9,HH,1859,1
08000,용산구,20241,의류,4363,4861,2961,3,10.5,1.6,0,10.3,HH,2270,1
08000,용산구,20242,의류,3306,3665,3128,2,11.4,3.8,0,10.8,HH,2108,0
08000,용산구,20243,의류,3833,4439,2670,6,7.2,1.6,5,11.0,HH,2055,1
08000,용산구,20244,의류,3331,4023,2924,5,7.7,6.5,3,10.2,HH,2290,1
08001,용산구,20231,커피-음료,16179,2895,5577,3,7.4,8.7,1,13.7,LL,2626,0
08001,용산구,20232,커피-음료,18521,3922,5001,4,8.7,1.9,0,11.5,LL,3133,1
08001,용산구,20233,커피-음료,19202,4474,6508,4,13.7,1.0,3,11.3,LL,3216,1
08001,용산구,20234,커피-음료,17838,3573,4862,4,6.4,10.8,1,13.7,LL,2819,1
08001,용산구,20241,커피-음료,19433,4789,5838,5,6.5,7.0,3,13.1,LL,3102,1
08001,용산구,20242,커피-음료,18728,3481,5260,7,11.5,2.5,4,12.2,LL,3082,1
08001,용산구,20243,커피-음료,19888,3528,7090,6,12.0,5.2,3,12.9,LL,3290,1
08001,용산구,20244,커피-음료,17890,3257,4844,5,11.6,4.0,4,12.7,LL,3089,1
08001,용산구,20231,한식음식점,20243,4586,7575,8,2.0,4.7,6,11.5,LL,3669,1
08001,용산구,20232,한식음식점,19680,4339,7323,6,8.6,3.6,3,11.9,LL,3938,1
08001,용산구,20233,한식음식점,16139,3425,5415,3,9.8,8.2,2,11.9,LL,4106,1
08001,용산구,20234,한식음식점,16037,3423,5913,5,9.8,8.4,5,12.9,LL,3282,1
08001,용산구,20241,한식음식점,21141,5162,5690,6,10.8,5.1,7,13.3,LL,3830,1
08001,용산구,20242,한식음식점,20352,4999,6020,6,9.4,4.0,4,13.0,LL,3572,1
08001,용산구,20243,한식음식점,18688,3236,6471,6,9.8,12.1,1,13.2,LL,4118,1
08001,용산구,20244,한식음식점,17519,3528,5482,1,7.5,6.5,2,12.1,LL,4196,1
08001,용산구,20231,분식전문점,19410,3478,5974,4,9.8,10.5,0,13.8,LL,2274,0
08001,용산구,20232,분식전문점,17117,3202,6505,4,7.6,15.2,1,13.8,LL,1915,1
08001,용산구,20233,분식전문점,19805,3957,7401,4,1.8,6.8,4,12.3,LL,2345,0
08001,용산구,20234,분식전문점,18527,3407,5638,7,4.6,8.1,2,13.4,LL,2169,0
08001,용산구,20241,분식전문점,18442,3971,5010,6,7.8,9.6,3,13.6,LL,2087,1
08001,용산구,20242,분식전문점,19863,3597,7148,3,1.0,4.6,5,12.2,LL,2520,1
08001,용산구,20243,분식전문점,20679,4565,5972,9,5.0,3.3,4,11.7,LL,2366,1
08001,용산구,20244,분식전문점,18392,3176,6302,6,10.9,9.4,2,13.1,LL,2504,1
08001,용산구,20231,제과점,18678,4725,6564,5,7.7,1.2,0,11.8,LL,2926,1
08001,용산구,20232,제과점,19579,4912,7608,2,7.2,5.6,1,11.4,LL,2765,1
08001,용산구,20233,제과점,18631,4206,6470,5,11.2,8.4,5,12.4,LL,2645,1
08001,용산구,20234,제과점,19961,3466,6187,1,10.2,6.4,0,12.3,LL,2808,1
08001,용산구,20241,제과점,18665,3782,6891,4,8.2,1.9,0,11.6,LL,2928,1
08001,용산구,20242,제과점,17877,4074,5400,5,7.5,6.0,5,13.4,LL,2609,1
08001,용산구,20243,제과점,16342,3536,5756,4,6.8,3.4,0,12.9,LL,2730,1
08001,용산구,20244,제과점,18872,3376,7029,6,8.5,1.0,4,11.4,LL,2516,1
08001,용산구,20231,치킨전문점,18641,3520,6700,5,8.0,5.4,4,12.5,LL,2131,0
08001,용산구,20232,치킨전문점,19595,3620,5502,8,9.2,6.0,4,11.4,LL,2446,1
08001,용산구,20233,치킨전문점,16610,3745,4730,2,6.3,7.9,2,13.6,LL,2255,1
08001,용산구,20234,치킨전문점,17221,3474,5244,3,5.7,3.6,0,12.5,LL,2438,1
08001,용산구,20241,치킨전문점,19814,4297,6633,4,10.9,13.8,3,12.6,LL,2592,1
08001,용산구,20242,치킨전문점,16174,3450,6020,7,11.1,4.3,2,13.5,LL,2336,1
08001,용산구,20243,치킨전문점,19827,5026,6138,4,9.7,9.6,2,13.8,LL,2565,1
08001,용산구,20244,치킨전문점,17720,4214,6102,4,5.7,14.1,1,13.7,LL,2628,1
08001,용산구,20231,의류,16534,4078,6252,5,7.2,9.3,2,13.6,LL,2088,0
08001,용산구,20232,의류,18848,4727,5330,6,11.8,4.9,3,13.1,LL,2290,1
08001,용산구,20233,의류,19633,4629,6460,6,11.4,9.6,6,11.4,LL,2400,0
08001,용산구,20234,의류,20263,4501,6560,4,7.4,12.6,2,11.6,LL,2326,1
08001,용산구,20241,의류,18592,3226,5236,4,11.2,7.4,4,12.2,LL,2217,1
08001,용산구,20242,의류,20295,4342,6888,3,8.8,9.7,3,11.9,LL,2545,0
08001,용산구,20243,의류,17910,3712,4731,7,8.3,2.0,4,11.6,LL,2527,1
08001,용산구,20244,의류,16055,3327,5413,5,2.6,7.4,2,12.8,LL,2552,1
08002,용산구,20231,커피-음료,9303,2976,9443,4,11.0,1.0,4,10.5,HH,2769,1
08002,용산구,20232,커피-음료,10283,2623,8386,8,4.8,3.7,2,9.5,HH,2707,0
08002,용산구,20233,커피-음료,10511,2909,11750,4,8.6,2.3,0,10.5,HH,2637,1
08002,용산구,20234,커피-음료,10298,2900,10623,9,10.4,3.4,8,10.0,HH,2958,0
08002,용산구,20241,커피-음료,9964,2673,10002,4,3.3,5.2,1,9.6,HH,2897,1
08002,용산구,20242,커피-음료,10964,3476,10412,12,12.8,2.5,9,9.7,HH,3082,1
08002,용산구,20243,커피-음료,9914,3107,11335,8,8.2,4.3,5,10.3,HH,3246,1
08002,용산구,20244,커피-음료,8752,2391,7211,9,1.4,5.0,2,8.9,HH,3085,1
08002,용산구,20231,한식음식점,10007,3344,10595,2,9.5,2.4,0,9.7,HH,3770,0
08002,용산구,20232,한식음식점,10028,2691,8623,5,10.7,1.3,5,9.5,HH,3396,1
08002,용산구,20233,한식음식점,10230,3015,10573,5,8.3,1.5,5,10.3,HH,3274,1
08002,용산구,20234,한식음식점,11401,3560,12632,5,9.0,3.2,3,9.8,HH,3946,1
08002,용산구,20241,한식음식점,9773,3442,8218,4,10.5,7.3,5,9.6,HH,3627,1
08002,용산구,20242,한식음식점,11284,3354,9865,3,14.6,6.8,3,10.1,HH,3570,1
08002,용산구,20243,한식음식점,9413,2995,8187,8,8.1,4.1,7,10.8,HH,3567,0
08002,용산구,20244,한식음식점,9965,3205,8035,7,8.2,4.9,5,9.4,HH,4244,1
08002,용산구,20231,분식전문점,9651,2793,9160,9,6.7,9.9,4,10.1,HH,2215,1
08002,용산구,20232,분식전문점,11166,3674,12486,3,4.3,1.0,1,9.0,HH,2061,1
08002,용산구,20233,분식전문점,11067,3151,9738,5,11.6,4.1,4,9.7,HH,2034,1
08002,용산구,20234,분식전문점,10632,3076,9716,8,6.0,2.6,8,10.3,HH,1743,1
08002,용산구,20241,분식전문점,11394,3912,10965,2,5.6,2.6,0,10.5,HH,1969,1
08002,용산구,20242,분식전문점,11590,3544,9664,3,10.2,1.0,3,10.2,HH,2019,1
08002,용산구,20243,분식전문점,11108,3678,9300,7,8.1,1.0,1,10.3,HH,2638,1
08002,용산구,20244,분식전문점,9322,2405,9618,5,8.2,4.8,4,10.6,HH,1846,1
08002,용산구,20231,제과점,10331,3651,8538,4,7.6,7.1,4,10.3,HH,2580,1
08002,용산구,20232,제과점,9187,2353,8577,6,10.0,3.8,6,9.9,HH,2328,1
08002,용산구,20233,제과점,11657,3932,12456,7,12.5,10.0,9,9.4,HH,2323,1
08002,용산구,20234,제과점,9588,3380,7335,5,11.6,7.0,1,10.4,HH,2896,1
08002,용산구,20241,제과점,9701,2909,9376,4,10.8,4.7,1,10.0,HH,2851,1
08002,용산구,20242,제과점,9988,2646,9514,4,14.5,1.0,2,10.0,HH,2553,1
08002,용산구,20243,제과점,10386,3566,8495,3,4.7,2.1,3,9.1,HH,2905,1
08002,용산구,20244,제과점,10174,3046,9294,6,7.1,1.0,1,9.1,HH,3150,1
08002,용산구,20231,치킨전문점,11016,2846,11129,8,3.7,7.3,6,10.2,HH,2236,1
08002,용산구,20232,치킨전문점,8752,2159,8059,8,7.8,1.5,5,10.8,HH,1918,1
08002,용산구,20233,치킨전문점,9350,2640,7627,1,11.4,8.8,0,9.0,HH,2518,1
08002,용산구,20234,치킨전문점,10957,2917,12278,1,5.1,2.0,0,10.0,HH,2286,1
08002,용산구,20241,치킨전문점,8857,3119,8970,7,3.7,1.5,6,9.9,HH,2390,1
08002,용산구,20242,치킨전문점,10080,3078,8972,2,13.0,8.2,1,9.7,HH,2296,1
08002,용산구,20243,치킨전문점,10816,3265,12363,4,8.1,10.7,0,9.4,HH,2694,1
08002,용산구,20244,치킨전문점,11246,3185,9503,2,10.0,3.8,0,9.0,HH,2607,1
08002,용산구,20231,의류,8769,2864,9914,3,11.7,9.0,0,9.9,HH,2170,1
08002,용산구,20232,의류,9384,3019,7565,5,10.6,3.3,4,9.3,HH,2090,1
08002,용산구,20233,의류,10188,3392,10145,5,12.4,1.0,7,10.3,HH,2158,1
08002,용산구,20234,의류,11111,3052,11886,4,10.5,1.8,1,10.8,HH,2480,1
08002,용산구,20241,의류,11232,3618,8962,13,7.8,1.7,13,10.1,HH,2122,1
08002,용산구,20242,의류,11581,2973,13185,7,7.8,7.5,5,9.3,HH,2309,1
08002,용산구,20243,의류,10739,3236,11569,4,4.2,1.0,2,10.5,HH,2463,1
08002,용산구,20244,의류,9089,2987,8148,4,11.5,1.0,6,10.5,HH,2512,1
08003,용산구,20231,커피-음료,6588,4788,4317,3,5.1,7.3,2,13.3,LL,2718,0
08003,용산구,20232,커피-음료,6747,4141,4594,6,1.0,5.9,3,11.7,LL,2590,1
08003,용산구,20233,커피-음료,5577,4072,3043,6,10.5,9.5,3,12.2,LL,2994,1
08003,용산구,20234,커피-음료,6371,5289,3282,3,9.5,5.7,3,11.4,LL,2745,1
08003,용산구,20241,커피-음료,5682,4676,3279,9,3.8,9.5,6,13.5,LL,2647,0
08003,용산구,20242,커피-음료,6234,3921,3357,9,10.0,3.7,2,13.1,LL,2936,1
08003,용산구,20243,커피-음료,6373,4699,4183,6,3.4,5.8,4,12.0,LL,2911,1
08003,용산구,20244,커피-음료,6016,3628,3330,5,9.1,1.0,3,12.5,LL,2991,1
08003,용산구,20231,한식음식점,6855,4316,4032,3,2.1,4.8,2,12.9,LL,3485,1
08003,용산구,20232,한식음식점,5810,4978,2905,3,12.7,5.9,3,12.4,LL,3442,1
08003,용산구,20233,한식음식점,5702,4126,3083,2,5.6,12.0,0,12.1,LL,3621,1
08003,용산구,20234,한식음식점,5284,3875,3459,7,10.8,9.2,1,11.6,LL,3810,1
08003,용산구,20241,한식음식점,5738,4195,3752,6,9.1,6.7,6,12.4,LL,3184,1
08003,용산구,20242,한식음식점,6576,3998,3621,9,9.1,7.6,11,11.5,LL,2778,0
08003,용산구,20243,한식음식점,5647,4675,3082,9,6.2,5.0,3,13.3,LL,3737,1
08003,용산구,20244,한식음식점,6467,4273,3508,6,5.0,8.9,4,11.1,LL,3890,1
08003,용산구,20231,분식전문점,6136,4717,3013,5,6.8,4.4,3,11.5,LL,1566,0
08003,용산구,20232,분식전문점,5466,4541,2816,9,3.6,10.0,4,11.4,LL,1745,1
08003,용산구,20233,분식전문점,6820,4108,3578,8,5.4,8.0,1,13.2,LL,1665,1
08003,용산구,20234,분식전문점,6135,5069,3846,3,7.6,4.9,2,11.6,LL,1978,1
08003,용산구,20241,분식전문점,5963,4955,3342,4,9.8,6.4,3,12.0,LL,1985,1
08003,용산구,20242,분식전문점,6117,3807,2988,7,15.3,4.7,3,13.5,LL,1811,1
08003,용산구,20243,분식전문점,5702,4673,3239,5,7.5,11.0,3,11.2,LL,2015,1
08003,용산구,20244,분식전문점,5518,3321,3180,3,8.4,8.6,2,12.9,LL,1905,1
08003,용산구,20231,제과점,6695,4589,3930,4,9.3,9.6,3,12.5,LL,2827,0
08003,용산구,20232,제과점,5617,3341,3348,6,3.9,9.1,3,11.3,LL,2571,0
08003,용산구,20233,제과점,5336,4051,3023,3,9.4,8.2,1,11.8,LL,2604,0
08003,용산구,20234,제과점,6335,5186,3254,10,7.6,1.4,9,11.3,LL,2590,1
08003,용산구,20241,제과점,5918,4389,3213,4,1.5,7.0,1,13.6,LL,2723,1
08003,용산구,20242,제과점,6235,3692,3008,11,12.5,8.0,5,13.0,LL,2683,1
08003,용산구,20243,제과점,5278,3199,3057,8,4.2,13.0,5,11.5,LL,2668,0
08003,용산구,20244,제과점,5203,4127,2876,4,5.2,11.4,1,12.4,LL,2899,0
08003,용산구,20231,치킨전문점,5472,3811,3029,7,5.6,7.2,1,12.6,LL,1978,0
08003,용산구,20232,치킨전문점,5795,4161,3723,4,4.4,7.4,5,13.3,LL,1805,0
08003,용산구,20233,치킨전문점,6302,5446,4085,3,10.4,6.1,0,13.0,LL,2493,0
08003,용산구,20234,치킨전문점,5623,4302,3500,8,4.6,6.2,6,11.7,LL,2200,0
08003,용산구,20241,치킨전문점,5893,4242,3590,2,10.5,2.5,3,12.4,LL,2161,0
08003,용산구,20242,치킨전문점,5661,3550,3229,3,8.5,10.4,1,13.5,LL,2238,0
08003,용산구,20243,치킨전문점,5911,4125,3400,4,6.3,7.5,0,11.3,LL,2174,0
08003,용산구,20244,치킨전문점,5316,4273,3010,7,7.7,5.4,5,12.3,LL,2284,0
08003,용산구,20231,의류,5500,3750,3789,6,6.1,7.8,3,12.8,LL,1995,1
08003,용산구,20232,의류,5135,3478,3295,9,9.2,4.9,2,13.1,LL,2118,1
08003,용산구,20233,의류,5383,4610,3147,9,5.7,8.7,4,11.3,LL,2096,1
08003,용산구,20234,의류,6209,4579,3918,3,14.8,4.8,0,11.2,LL,2256,1
08003,용산구,20241,의류,6041,4896,3183,12,8.4,2.3,12,13.1,LL,1756,1
08003,용산구,20242,의류,6283,5153,3641,8,5.8,8.9,6,11.5,LL,2062,1
08003,용산구,20243,의류,6378,4971,4336,2,5.0,9.4,6,12.3,LL,2325,1
08003,용산구,20244,의류,6410,4363,3782,2,8.2,5.4,1,11.3,LL,2796,1
08004,용산구,20231,커피-음료,10655,6732,6193,3,5.7,8.3,2,14.0,HH,2719,1
08004,용산구,20232,커피-음료,10867,6494,6155,4,9.4,6.9,4,11.8,HH,2921,1
08004,용산구,20233,커피-음료,10235,7119,6166,1,6.3,2.0,0,14.0,HH,2866,1
08004,용산구,20234,커피-음료,9893,6494,6389,1,5.4,8.5,0,12.5,HH,2739,0
08004,용산구,20241,커피-음료,9228,5886,4522,4,6.6,2.8,1,12.5,HH,3035,1
08004,용산구,20242,커피-음료,9064,5909,5234,5,11.2,1.0,4,13.2,HH,2834,1
08004,용산구,20243,커피-음료,11374,5954,7785,5,11.3,5.7,3,14.0,HH,2799,1
08004,용산구,20244,커피-음료,10593,5937,5954,8,5.1,2.7,6,13.4,HH,2687,1
08004,용산구,20231,한식음식점,10400,5794,6256,7,12.4,8.3,4,11.8,HH,3449,1
08004,용산구,20232,한식음식점,9210,5612,4394,4,5.2,5.8,2,13.4,HH,3830,1
08004,용산구,20233,한식음식점,8852,4644,4353,10,7.5,4.6,5,12.1,HH,3262,1
08004,용산구,20234,한식음식점,9878,4928,5669,10,8.9,3.6,7,13.3,HH,3355,1
08004,용산구,20241,한식음식점,8675,5506,4107,7,6.3,3.4,3,12.8,HH,3387,1
08004,용산구,20242,한식음식점,8628,5752,5486,9,8.2,4.2,10,13.3,HH,3368,1
08004,용산구,20243,한식음식점,8763,5599,5280,8,9.2,2.2,6,13.0,HH,3315,1
08004,용산구,20244,한식음식점,10644,6280,6256,7,4.4,5.6,9,13.1,HH,3153,1
08004,용산구,20231,분식전문점,9271,6140,5605,6,11.7,5.0,5,13.9,HH,1962,1
08004,용산구,20232,분식전문점,9596,5861,4599,5,8.6,2.4,2,12.5,HH,2051,1
08004,용산구,20233,분식전문점,8994,6247,6092,11,2.2,3.8,4,12.5,HH,1645,1
08004,용산구,20234,분식전문점,8655,5805,4620,9,8.5,3.9,5,12.0,HH,1968,1
08004,용산구,20241,분식전문점,8949,4863,5173,5,10.5,9.4,3,13.8,HH,2288,0
08004,용산구,20242,분식전문점,8698,4875,6096,6,2.6,6.0,5,13.9,HH,1917,1
08004,용산구,20243,분식전문점,11074,5818,5656,6,9.0,7.6,6,13.6,HH,1954,1
08004,용산구,20244,분식전문점,10513,5056,6515,9,1.0,6.3,5,12.9,HH,2552,1
08004,용산구,20231,제과점,10559,7503,5280,6,9.7,7.0,2,11.9,HH,2785,1
08004,용산구,20232,제과점,9667,5757,5763,3,11.4,1.7,5,13.8,HH,2472,1
08004,용산구,20233,제과점,11526,6199,7751,8,8.8,3.3,4,13.4,HH,2590,1
08004,용산구,20234,제과점,9620,6850,6181,2,3.0,3.7,2,12.9,HH,2247,1
08004,용산구,20241,제과점,9958,5271,6172,5,8.8,5.7,2,12.6,HH,2739,1
08004,용산구,20242,제과점,10126,7243,4902,7,8.0,1.0,2,13.9,HH,2941,1
08004,용산구,20243,제과점,10719,5734,7033,2,14.6,2.4,1,14.1,HH,2559,1
08004,용산구,20244,제과점,10358,7358,6349,6,9.5,3.3,6,12.4,HH,2754,1
08004,용산구,20231,치킨전문점,10231,5609,5056,5,10.5,4.0,2,13.1,HH,2269,1
08004,용산구,20232,치킨전문점,11423,7417,7138,3,7.2,1.0,2,12.1,HH,2296,1
08004,용산구,20233,치킨전문점,9853,5517,5957,4,11.7,2.9,1,13.9,HH,2224,1
08004,용산구,20234,치킨전문점,11485,7247,8007,4,12.0,4.5,4,13.9,HH,2647,1
08004,용산구,20241,치킨전문점,10725,6451,6356,2,11.1,7.5,0,11.9,HH,2618,1
08004,용산구,20242,치킨전문점,9701,6158,4777,7,6.8,1.0,5,14.0,HH,2082,1
08004,용산구,20243,치킨전문점,9120,4802,6219,3,7.1,2.4,3,12.4,HH,2346,0
08004,용산구,20244,치킨전문점,9773,6644,5461,3,9.1,2.7,3,13.2,HH,2330,1
08004,용산구,20231,의류,11250,5883,6527,7,1.2,4.4,6,11.9,HH,2311,1
08004,용산구,20232,의류,9655,5858,4647,5,8.6,7.6,4,13.4,HH,2097,1
08004,용산구,20233,의류,9662,6516,5927,5,2.1,3.7,1,14.1,HH,2436,1
08004,용산구,20234,의류,10992,5354,7110,5,8.8,5.4,4,12.1,HH,2023,1
08004,용산구,20241,의류,8718,5989,5292,5,7.5,3.6,2,13.9,HH,2076,1
08004,용산구,20242,의류,9655,5843,5829,5,10.8,4.6,2,13.2,HH,2031,1
08004,용산구,20243,의류,9906,5876,5159,5,12.4,2.2,3,11.9,HH,2565,0
08004,용산구,20244,의류,8612,4884,4096,5,8.8,4.5,3,12.9,HH,2582,1
08005,용산구,20231,커피-음료,14888,5332,14990,4,9.0,6.6,4,12.9,LH,2617,1
08005,용산구,20232,커피-음료,12975,4359,16319,1,10.0,3.3,0,13.0,LH,3075,1
08005,용산구,20233,커피-음료,13039,4425,13525,6,3.2,7.4,9,13.7,LH,2479,0
08005,용산구,20234,커피-음료,16366,6768,18195,11,8.2,6.8,7,15.3,LH,2609,1
08005,용산구,20241,커피-음료,16009,5274,20043,3,9.6,7.6,3,14.4,LH,3190,1
08005,용산구,20242,커피-음료,14723,5626,15290,11,7.6,5.4,10,13.5,LH,2775,1
08005,용산구,20243,커피-음료,15292,6326,15119,7,10.6,7.9,6,14.7,LH,2986,0
08005,용산구,20244,커피-음료,12515,4746,11203,6,6.8,3.3,2,13.2,LH,3071,1
08005,용산구,20231,한식음식점,13475,4536,11791,6,9.1,7.5,4,13.0,LH,3621,1
08005,용산구,20232,한식음식점,14001,4203,16404,10,9.2,3.6,5,13.2,LH,3865,1
08005,용산구,20233,한식음식점,13229,5133,11368,2,7.1,8.4,2,13.3,LH,3663,1
08005,용산구,20234,한식음식점,15102,4226,15818,5,5.8,3.9,2,14.4,LH,3663,1
08005,용산구,20241,한식음식점,15084,5892,18529,6,7.2,4.7,3,14.6,LH,3630,1
08005,용산구,20242,한식음식점,12493,4704,15115,7,4.2,12.0,2,13.6,LH,3820,0
08005,용산구,20243,한식음식점,12294,3509,15045,4,10.6,7.1,2,13.7,LH,3573,1
08005,용산구,20244,한식음식점,13629,4275,14419,10,14.1,8.7,3,14.9,LH,4075,1
08005,용산구,20231,분식전문점,15278,5673,15946,6,8.9,3.2,4,15.3,LH,1983,1
08005,용산구,20232,분식전문점,14692,5265,15320,2,3.2,5.0,2,14.0,LH,1955,1
08005,용산구,20233,분식전문점,13413,4633,12699,1,11.3,10.7,1,14.9,LH,1861,0
08005,용산구,20234,분식전문점,15328,5890,18689,11,3.6,3.2,4,15.0,LH,2293,1
08005,용산구,20241,분식전문점,13887,4168,13667,3,7.2,10.7,1,13.2,LH,2386,0
08005,용산구,20242,분식전문점,13335,3975,13135,7,7.9,4.4,7,14.8,LH,1963,1
08005,용산구,20243,분식전문점,14588,4385,16016,3,7.6,3.7,1,13.4,LH,2437,1
08005,용산구,20244,분식전문점,15992,6127,15051,3,6.6,4.9,1,14.4,LH,2552,1
08005,용산구,20231,제과점,14716,4517,16340,6,12.5,6.5,5,13.3,LH,2900,0
08005,용산구,20232,제과점,15252,5784,17483,4,9.0,4.4,2,14.4,LH,2518,1
08005,용산구,20233,제과점,12439,5024,14926,7,10.3,5.6,2,14.5,LH,2499,1
08005,용산구,20234,제과점,13297,4908,12421,6,8.3,7.9,2,14.3,LH,2685,1
08005,용산구,20241,제과점,12321,4653,13032,4,10.1,8.8,3,13.2,LH,2824,1
08005,용산구,20242,제과점,12551,3529,11642,7,4.4,6.0,6,13.6,LH,2636,1
08005,용산구,20243,제과점,14531,5720,16942,2,7.9,10.6,0,14.8,LH,3126,1
08005,용산구,20244,제과점,12656,4457,11165,4,8.4,7.1,3,14.6,LH,2885,1
08005,용산구,20231,치킨전문점,16424,6319,16188,7,7.2,8.3,4,14.2,LH,2251,0
08005,용산구,20232,치킨전문점,14074,4789,12090,7,8.2,8.7,5,15.1,LH,2242,1
08005,용산구,20233,치킨전문점,14958,4892,18615,2,2.8,5.7,1,13.7,LH,2402,1
08005,용산구,20234,치킨전문점,14060,4721,12819,7,5.5,3.7,3,13.3,LH,2419,1
08005,용산구,20241,치킨전문점,15497,5744,18036,5,8.2,10.3,4,13.2,LH,2452,1
08005,용산구,20242,치킨전문점,13821,4126,12578,7,10.3,5.3,4,15.3,LH,2007,0
08005,용산구,20243,치킨전문점,14648,5122,13972,5,12.7,8.0,2,14.9,LH,2393,1
08005,용산구,20244,치킨전문점,16493,5832,13843,8,13.5,8.1,6,12.5,LH,2281,0
08005,용산구,20231,의류,15522,6351,19153,9,10.0,11.5,6,15.1,LH,2249,0
08005,용산구,20232,의류,13625,4513,15801,7,8.1,6.8,8,13.1,LH,1933,1
08005,용산구,20233,의류,15017,4244,13603,4,8.4,6.3,0,14.8,LH,2460,1
08005,용산구,20234,의류,14443,4704,18042,1,5.3,13.6,1,15.3,LH,2193,1
08005,용산구,20241,의류,15976,6446,15206,6,2.7,2.7,4,12.6,LH,2198,1
08005,용산구,20242,의류,16168,5294,18931,4,9.6,1.0,4,14.4,LH,2831,1
08005,용산구,20243,의류,16485,5714,17335,7,7.8,10.8,4,13.3,LH,2532,0
08005,용산구,20244,의류,14274,4928,17334,9,5.7,12.3,7,13.7,LH,2294,1
08006,용산구,20231,커피-음료,17444,14781,11457,9,7.4,6.6,9,19.5,LL,2469,0
08006,용산구,20232,커피-음료,21215,14905,13589,9,4.7,5.0,8,22.1,LL,2721,1
08006,용산구,20233,커피-음료,20957,17829,14873,6,7.9,4.3,1,18.7,LL,2658,0
08006,용산구,20234,커피-음료,17568,12332,11997,10,11.2,7.2,6,21.6,LL,2805,1
08006,용산구,20241,커피-음료,21370,14789,12708,1,3.5,9.3,0,20.9,LL,3003,0
08006,용산구,20242,커피-음료,20191,13739,13668,3,4.0,1.8,4,19.7,LL,3057,1
08006,용산구,20243,커피-음료,22357,15197,13921,4,7.0,4.7,1,21.3,LL,3124,1
08006,용산구,20244,커피-음료,18699,14062,13613,7,8.6,4.9,6,20.6,LL,2978,1
08006,용산구,20231,한식음식점,19502,12894,12360,3,3.3,8.2,3,20.1,LL,3958,1
08006,용산구,20232,한식음식점,17296,13270,10359,4,8.0,4.2,5,20.5,LL,3421,1
08006,용산구,20233,한식음식점,18817,13758,13757,3,8.7,5.4,0,20.6,LL,4043,1
08006,용산구,20234,한식음식점,22422,14389,14444,4,6.8,8.0,3,19.7,LL,4062,1
08006,용산구,20241,한식음식점,17593,14756,12119,3,8.2,10.4,2,21.0,LL,4001,1
08006,용산구,20242,한식음식점,19938,13198,13364,10,4.2,7.6,10,20.2,LL,3381,1
08006,용산구,20243,한식음식점,17783,12688,9830,4,11.8,10.6,8,19.9,LL,3515,1
08006,용산구,20244,한식음식점,19595,17124,12249,5,4.2,1.0,3,21.4,LL,3490,1
08006,용산구,20231,분식전문점,22197,15215,14236,4,14.3,11.3,1,19.7,LL,2319,1
08006,용산구,20232,분식전문점,17241,13602,12861,4,10.3,6.0,2,18.9,LL,2090,1
08006,용산구,20233,분식전문점,21945,14071,13901,5,5.2,12.3,2,21.7,LL,2387,1
08006,용산구,20234,분식전문점,22931,16894,17068,7,5.0,4.4,6,22.2,LL,2020,0
08006,용산구,20241,분식전문점,18790,11493,10522,6,9.1,6.1,4,18.8,LL,2476,1
08006,용산구,20242,분식전문점,19588,11843,10963,2,4.1,4.6,2,20.3,LL,2348,1
08006,용산구,20243,분식전문점,21289,16614,13256,2,8.2,6.5,1,19.8,LL,2428,1
08006,용산구,20244,분식전문점,20182,12676,10699,5,2.8,6.1,3,22.3,LL,2200,1
08006,용산구,20231,제과점,19024,16082,14181,5,9.2,13.0,4,20.5,LL,2968,1
08006,용산구,20232,제과점,20064,17046,14546,6,6.0,7.9,2,20.6,LL,2493,1
08006,용산구,20233,제과점,17508,12149,10712,8,8.4,9.0,6,20.9,LL,2339,1
08006,용산구,20234,제과점,18677,12267,13130,1,7.3,3.8,0,19.9,LL,2844,1
08006,용산구,20241,제과점,22536,18419,12573,5,4.7,7.0,4,21.5,LL,2724,1
08006,용산구,20242,제과점,19648,16735,12523,7,6.3,5.2,8,20.3,LL,2762,1
08006,용산구,20243,제과점,20797,16743,12586,10,4.6,3.7,2,21.0,LL,2945,1
08006,용산구,20244,제과점,20778,16347,14279,3,4.9,5.6,2,21.8,LL,3299,1
08006,용산구,20231,치킨전문점,20574,14702,15142,6,14.6,12.7,2,20.3,LL,2189,1
08006,용산구,20232,치킨전문점,19493,16713,14679,5,6.1,5.1,4,18.8,LL,2417,1
08006,용산구,20233,치킨전문점,17943,12278,13509,3,2.4,1.0,2,19.0,LL,2974,0
08006,용산구,20234,치킨전문점,17993,13884,11521,4,7.5,8.5,2,20.7,LL,2423,0
08006,용산구,20241,치킨전문점,19970,16697,11023,6,5.6,4.4,4,20.0,LL,2766,1
08006,용산구,20242,치킨전문점,17087,14449,11178,6,5.5,8.7,4,21.0,LL,2555,0
08006,용산구,20243,치킨전문점,17378,14401,9737,8,8.2,10.2,4,19.9,LL,2867,1
08006,용산구,20244,치킨전문점,20935,17766,13165,2,9.9,4.9,0,20.8,LL,2758,1
08006,용산구,20231,의류,21471,17730,13569,7,7.8,7.9,4,19.6,LL,2721,1
08006,용산구,20232,의류,21179,17759,11522,4,1.5,6.7,3,21.3,LL,2607,1
08006,용산구,20233,의류,17579,11773,10402,3,7.2,1.0,3,19.9,LL,2532,1
08006,용산구,20234,의류,20192,17236,12928,9,9.1,6.4,1,19.8,LL,2761,1
08006,용산구,20241,의류,19542,12889,14003,7,13.3,10.5,4,22.2,LL,2588,1
08006,용산구,20242,의류,20640,14424,13110,10,6.0,3.9,8,21.7,LL,2191,1
08006,용산구,20243,의류,21436,14282,13598,4,6.1,8.8,3,20.5,LL,2735,1
08006,용산구,20244,의류,20104,14168,14734,5,9.1,9.5,1,19.0,LL,2643,1
08007,용산구,20231,커피-음료,5727,4408,2799,10,1.0,11.5,11,21.4,LL,2088,1
08007,용산구,20232,커피-음료,6238,4380,2842,5,6.0,7.2,1,20.1,LL,2724,1
08007,용산구,20233,커피-음료,6565,4450,3497,4,5.6,5.6,1,20.2,LL,2451,1
08007,용산구,20234,커피-음료,6459,4071,2660,5,6.3,8.2,2,21.1,LL,2937,1
08007,용산구,20241,커피-음료,6935,4787,3341,4,7.1,9.4,2,19.5,LL,2719,1
08007,용산구,20242,커피-음료,5721,4415,2491,5,6.1,3.1,0,18.7,LL,3035,1
08007,용산구,20243,커피-음료,6349,4627,3642,9,4.8,6.0,5,21.0,LL,2746,1
08007,용산구,20244,커피-음료,5736,3588,3253,3,8.4,4.3,0,20.1,LL,2898,1
08007,용산구,20231,한식음식점,7109,5598,3028,8,10.0,3.4,2,22.4,LL,3541,1
08007,용산구,20232,한식음식점,5366,3553,2325,10,7.0,2.2,6,20.6,LL,2939,1
08007,용산구,20233,한식음식점,6276,3823,3303,6,10.3,10.4,13,19.1,LL,2795,1
08007,용산구,20234,한식음식점,6950,6010,3603,8,5.3,5.3,1,21.5,LL,3825,1
08007,용산구,20241,한식음식점,5675,4804,3238,9,10.1,8.9,6,21.4,LL,3275,1
08007,용산구,20242,한식음식점,6728,5128,3624,5,9.1,8.2,2,20.1,LL,3284,1
08007,용산구,20243,한식음식점,5931,4657,2838,3,7.0,5.4,3,20.4,LL,3670,1
08007,용산구,20244,한식음식점,6726,5980,3461,8,8.5,6.1,10,21.5,LL,3519,0
08007,용산구,20231,분식전문점,7167,5446,3046,7,8.8,9.8,2,22.5,LL,1240,0
08007,용산구,20232,분식전문점,7068,5604,2936,2,2.6,4.6,1,21.7,LL,1780,1
08007,용산구,20233,분식전문점,6519,4809,2706,5,10.9,5.8,3,21.7,LL,1869,1
08007,용산구,20234,분식전문점,5499,3702,2280,5,11.5,11.1,1,20.9,LL,1907,1
08007,용산구,20241,분식전문점,5762,4380,3324,9,7.0,4.9,5,21.1,LL,1881,1
08007,용산구,20242,분식전문점,5336,3501,2094,4,6.1,1.2,5,19.7,LL,1732,1
08007,용산구,20243,분식전문점,5716,4691,3227,1,9.7,4.5,2,21.2,LL,1579,1
08007,용산구,20244,분식전문점,5645,4624,3220,6,6.3,5.0,1,21.9,LL,2038,1
08007,용산구,20231,제과점,5465,3358,2798,5,6.8,4.3,3,22.6,LL,2275,1
08007,용산구,20232,제과점,6739,4151,3160,5,7.9,9.0,4,21.1,LL,1919,0
08007,용산구,20233,제과점,6617,5623,2921,1,8.2,5.8,0,22.5,LL,2459,0
08007,용산구,20234,제과점,6081,5404,2521,5,12.3,1.0,2,21.8,LL,2566,0
08007,용산구,20241,제과점,7078,5786,3307,3,3.1,8.3,1,19.2,LL,2579,1
08007,용산구,20242,제과점,6257,5437,2678,6,6.7,8.4,4,20.9,LL,2276,0
08007,용산구,20243,제과점,6950,4741,3711,10,7.3,7.3,6,21.0,LL,2303,1
08007,용산구,20244,제과점,7160,5806,3045,1,8.6,4.5,1,19.4,LL,2705,1
08007,용산구,20231,치킨전문점,6722,5894,2756,2,8.9,8.9,1,22.0,LL,2020,1
08007,용산구,20232,치킨전문점,7151,5960,2871,3,11.6,8.7,2,21.8,LL,1901,1
08007,용산구,20233,치킨전문점,6618,4580,3230,3,5.7,9.2,1,20.0,LL,2444,0
08007,용산구,20234,치킨전문점,6596,5780,2714,2,3.5,3.1,0,19.8,LL,2307,0
08007,용산구,20241,치킨전문점,6575,4655,3149,3,4.7,5.7,2,19.4,LL,2595,0
08007,용산구,20242,치킨전문점,6679,4734,3855,7,11.9,9.3,3,22.1,LL,2396,1
08007,용산구,20243,치킨전문점,6510,4374,2735,6,5.1,7.1,2,21.6,LL,2102,1
08007,용산구,20244,치킨전문점,6022,4879,2623,3,8.4,4.0,0,19.3,LL,2646,0
08007,용산구,20231,의류,6863,4676,2664,1,6.3,7.4,1,21.2,LL,2244,1
08007,용산구,20232,의류,6027,4199,3254,5,5.3,1.8,4,19.8,LL,1959,1
08007,용산구,20233,의류,5969,5122,2415,7,7.8,4.7,3,22.4,LL,1732,1
08007,용산구,20234,의류,5705,4227,3275,8,7.2,9.7,2,18.7,LL,2038,1
08007,용산구,20241,의류,6732,4308,2617,8,9.5,5.4,5,19.9,LL,2081,1
08007,용산구,20242,의류,6672,5773,2941,7,8.3,3.3,8,19.0,LL,2163,0
08007,용산구,20243,의류,7151,4312,3904,5,9.2,9.6,3,22.1,LL,2132,1
08007,용산구,20244,의류,6200,4469,3584,7,6.9,7.5,5,20.4,LL,2352,1
08008,용산구,20231,커피-음료,7202,10616,5850,4,5.9,6.3,1,18.1,HL,3017,1
08008,용산구,20232,커피-음료,6626,6682,7568,3,7.5,6.3,1,19.0,HL,2792,1
08008,용산구,20233,커피-음료,6281,8781,5339,4,5.5,1.9,0,17.3,HL,2916,1
08008,용산구,20234,커피-음료,6149,8998,6362,3,8.6,3.5,2,18.1,HL,2711,1
08008,용산구,20241,커피-음료,6315,9318,6764,9,9.7,4.2,3,18.5,HL,2782,0
08008,용산구,20242,커피-음료,6715,8786,6814,5,5.6,10.4,4,17.3,HL,2781,1
08008,용산구,20243,커피-음료,6625,8162,7066,1,11.1,1.0,2,17.1,HL,2806,1
08008,용산구,20244,커피-음료,7097,8557,8571,5,8.5,1.0,5,17.2,HL,2760,1
08008,용산구,20231,한식음식점,6415,6921,5975,3,7.9,3.7,2,16.8,HL,3435,1
08008,용산구,20232,한식음식점,6000,7619,4933,3,11.0,1.6,0,18.5,HL,3596,1
08008,용산구,20233,한식음식점,5828,8182,5455,11,7.5,2.5,7,17.4,HL,3021,1
08008,용산구,20234,한식음식점,5488,7785,4821,1,11.8,3.0,0,17.2,HL,3304,1
08008,용산구,20241,한식음식점,7021,8177,6744,6,6.0,6.8,2,16.4,HL,3769,1
08008,용산구,20242,한식음식점,6399,9107,7031,3,3.0,9.1,2,18.9,HL,3359,1
08008,용산구,20243,한식음식점,5409,7575,6274,5,10.1,9.7,5,17.8,HL,3459,1
08008,용산구,20244,한식음식점,6221,6541,6950,6,16.1,7.0,9,17.3,HL,3217,1
08008,용산구,20231,분식전문점,6468,7883,6249,5,7.7,5.2,5,18.1,HL,1421,0
08008,용산구,20232,분식전문점,6407,6685,5366,2,7.3,3.5,0,16.9,HL,2095,1
08008,용산구,20233,분식전문점,6918,8489,8210,3,9.4,8.1,1,16.8,HL,2084,0
08008,용산구,20234,분식전문점,6756,8907,6208,6,7.9,4.8,3,18.5,HL,2110,1
08008,용산구,20241,분식전문점,6638,7319,5797,9,10.7,8.3,3,18.7,HL,1647,0
08008,용산구,20242,분식전문점,7036,9505,6565,2,9.3,2.0,1,17.0,HL,2075,1
08008,용산구,20243,분식전문점,6640,8132,6297,4,5.3,7.1,2,17.3,HL,2083,1
08008,용산구,20244,분식전문점,5966,6142,5047,8,8.3,5.3,4,19.0,HL,1974,1
08008,용산구,20231,제과점,5910,7377,6682,5,7.8,2.0,1,19.0,HL,2351,1
08008,용산구,20232,제과점,5387,7496,6467,3,5.3,6.2,0,18.2,HL,2241,1
08008,용산구,20233,제과점,6443,7184,7396,10,4.6,3.3,5,17.3,HL,2322,1
08008,용산구,20234,제과점,5884,8651,6145,2,2.5,1.0,1,18.1,HL,2617,1
08008,용산구,20241,제과점,6640,7504,7480,3,3.9,2.2,1,19.8,HL,2394,1
08008,용산구,20242,제과점,5820,5752,6583,3,2.9,3.4,1,17.5,HL,2683,1
08008,용산구,20243,제과점,6619,9202,6197,6,7.2,6.5,5,19.5,HL,2637,1
08008,용산구,20244,제과점,6489,7900,6307,4,11.9,2.4,4,19.1,HL,2422,1
08008,용산구,20231,치킨전문점,6347,9349,7390,11,9.8,8.5,5,18.0,HL,2144,0
08008,용산구,20232,치킨전문점,5865,5845,6228,6,14.7,3.0,4,19.2,HL,1568,1
08008,용산구,20233,치킨전문점,7172,7144,7814,5,7.5,3.2,2,17.9,HL,1870,1
08008,용산구,20234,치킨전문점,6828,7435,5793,6,6.4,5.9,3,17.5,HL,2562,1
08008,용산구,20241,치킨전문점,5393,6831,5005,7,6.8,1.0,3,18.1,HL,2315,1
08008,용산구,20242,치킨전문점,6673,7112,6472,1,11.1,3.6,0,18.2,HL,2740,1
08008,용산구,20243,치킨전문점,6413,8992,6032,5,7.4,1.4,4,18.6,HL,2034,1
08008,용산구,20244,치킨전문점,5612,5895,6671,9,12.6,4.2,7,18.1,HL,2156,0
08008,용산구,20231,의류,6775,8131,5463,5,11.2,4.6,1,17.6,HL,1903,0
08008,용산구,20232,의류,5633,7609,6306,8,5.4,3.4,3,16.9,HL,1822,1
08008,용산구,20233,의류,6593,6976,5509,1,9.5,6.7,1,19.8,HL,2153,1
08008,용산구,20234,의류,6783,7091,6037,7,5.1,1.7,5,19.4,HL,1892,1
08008,용산구,20241,의류,6523,8773,7312,2,6.2,2.1,3,18.5,HL,2380,1
08008,용산구,20242,의류,6967,10107,7113,5,8.4,3.9,2,18.4,HL,2321,1
08008,용산구,20243,의류,5393,6605,5785,5,6.3,1.0,4,19.1,HL,2197,1
08008,용산구,20244,의류,6571,8340,6909,2,3.0,4.9,3,17.9,HL,2738,1
09000,서대문구,20231,커피-음료,15871,18506,15478,3,3.9,4.6,3,18.0,LL,2353,1
09000,서대문구,20232,커피-음료,16883,20285,16980,7,9.6,4.0,4,17.0,LL,2983,1
09000,서대문구,20233,커피-음료,15850,25833,11996,8,16.3,9.7,3,18.8,LL,2825,0
09000,서대문구,20234,커피-음료,16719,22937,12588,5,11.9,9.4,4,19.0,LL,2784,1
09000,서대문구,20241,커피-음료,17366,26063,13810,8,8.5,9.7,1,17.8,LL,3372,0
09000,서대문구,20242,커피-음료,15262,18363,16148,8,10.1,6.9,4,16.7,LL,2730,1
09000,서대문구,20243,커피-음료,19165,31122,17924,2,8.5,9.6,0,16.5,LL,3523,1
09000,서대문구,20244,커피-음료,14205,19770,10601,6,11.7,7.7,2,16.6,LL,3068,0
09000,서대문구,20231,한식음식점,18653,30274,17059,6,1.0,8.9,3,18.6,LL,3844,1
09000,서대문구,20232,한식음식점,15563,18032,12776,6,6.2,8.6,3,18.6,LL,3521,1
09000,서대문구,20233,한식음식점,19029,29269,18198,8,8.4,4.7,3,18.8,LL,3815,1
09000,서대문구,20234,한식음식점,17991,25697,15448,7,4.8,4.9,2,19.2,LL,4093,1
09000,서대문구,20241,한식음식점,15528,18664,14625,3,2.5,11.9,1,16.9,LL,3858,1
09000,서대문구,20242,한식음식점,15856,17494,14425,6,8.4,2.3,4,18.5,LL,3918,1
09000,서대문구,20243,한식음식점,18498,28693,14053,9,10.4,7.2,10,17.2,LL,3818,1
09000,서대문구,20244,한식음식점,17263,24259,13681,4,3.9,9.2,1,19.1,LL,3507,1
09000,서대문구,20231,분식전문점,14404,19861,10651,3,8.7,7.2,2,17.4,LL,1941,0
09000,서대문구,20232,분식전문점,16486,25053,16305,5,10.8,5.8,5,17.6,LL,2114,1
09000,서대문구,20233,분식전문점,16279,18537,13971,5,5.8,8.9,6,19.1,LL,2212,0
09000,서대문구,20234,분식전문점,14927,19435,15831,7,4.6,7.6,3,18.4,LL,2059,0
09000,서대문구,20241,분식전문점,18753,23366,19624,5,8.7,7.2,2,16.5,LL,2269,1
09000,서대문구,20242,분식전문점,17156,18904,15520,7,10.4,7.1,4,16.5,LL,2539,1
09000,서대문구,20243,분식전문점,15507,17717,16106,2,4.8,5.7,0,17.6,LL,2317,1
09000,서대문구,20244,분식전문점,16740,20594,12836,6,7.7,8.2,9,17.6,LL,2431,0
09000,서대문구,20231,제과점,18007,25664,14649,8,6.0,5.2,7,17.0,LL,2851,0
09000,서대문구,20232,제과점,14230,20780,13256,4,7.7,6.3,1,18.3,LL,2787,1
09000,서대문구,20233,제과점,15002,18953,14285,5,8.0,5.1,4,16.3,LL,2874,0
09000,서대문구,20234,제과점,18357,21946,18609,2,4.3,12.3,2,18.1,LL,3213,1
09000,서대문구,20241,제과점,18959,27488,16749,7,2.9,5.5,4,16.4,LL,2900,0
09000,서대문구,20242,제과점,18737,28844,19336,3,3.1,8.4,2,16.8,LL,2903,1
09000,서대문구,20243,제과점,15018,22807,10938,2,4.9,7.8,1,16.4,LL,3046,1
09000,서대문구,20244,제과점,15327,18407,12889,2,8.8,9.0,1,16.6,LL,2712,1
09000,서대문구,20231,치킨전문점,15907,18210,14289,3,10.1,5.9,1,17.7,LL,2268,1
09000,서대문구,20232,치킨전문점,15217,23479,13194,4,6.5,4.6,2,16.6,LL,2334,1
09000,서대문구,20233,치킨전문점,18375,23726,17756,9,14.6,8.0,7,16.9,LL,2803,1
09000,서대문구,20234,치킨전문점,18692,28418,16932,4,4.4,3.8,5,16.6,LL,2800,1
09000,서대문구,20241,치킨전문점,16848,23215,13286,6,6.4,9.6,8,17.0,LL,2234,1
09000,서대문구,20242,치킨전문점,17336,22490,15820,5,7.0,6.2,5,16.9,LL,2636,1
09000,서대문구,20243,치킨전문점,16612,21389,13905,10,6.3,4.3,7,17.3,LL,2712,1
09000,서대문구,20244,치킨전문점,16892,18540,15700,5,9.6,4.8,4,16.9,LL,2593,1
09000,서대문구,20231,의류,15769,22809,12399,3,6.8,8.0,0,18.4,LL,2389,1
09000,서대문구,20232,의류,16304,23659,12106,9,10.4,7.3,5,17.1,LL,2490,1
09000,서대문구,20233,의류,16490,26241,11781,6,3.0,3.4,5,16.8,LL,2088,1
09000,서대문구,20234,의류,17070,19279,14878,3,5.4,2.4,3,17.6,LL,2327,1
09000,서대문구,20241,의류,17364,25485,13816,3,9.0,10.2,1,17.9,LL,2452,1
09000,서대문구,20242,의류,19000,24564,15193,3,6.9,4.9,0,18.2,LL,2788,0
09000,서대문구,20243,의류,18665,21871,19580,2,11.6,6.7,4,16.8,LL,2672,1
09000,서대문구,20244,의류,16673,18914,15832,5,12.1,7.1,3,17.7,LL,2616,1
09001,서대문구,20231,커피-음료,12745,2787,10513,9,4.8,8.3,5,17.7,LL,2332,1
09001,서대문구,20232,커피-음료,13368,3968,12508,4,11.2,10.1,2,18.2,LL,2303,1
09001,서대문구,20233,커피-음료,13289,3952,12942,1,1.0,5.4,0,15.5,LL,3011,1
09001,서대문구,20234,커피-음료,11340,2530,10738,3,8.9,4.2,2,16.1,LL,2946,1
09001,서대문구,20241,커피-음료,14059,3148,14727,1,7.3,6.1,1,16.2,LL,2534,1
09001,서대문구,20242,커피-음료,11733,2507,10586,6,8.1,7.7,3,16.8,LL,3093,1
09001,서대문구,20243,커피-음료,12338,3536,11151,3,3.4,3.8,1,18.5,LL,3004,1
09001,서대문구,20244,커피-음료,12159,3353,12663,6,5.1,6.2,3,17.4,LL,2854,1
09001,서대문구,20231,한식음식점,14688,3432,12707,5,10.9,4.0,5,16.4,LL,3060,1
09001,서대문구,20232,한식음식점,14240,3565,12672,6,9.8,13.3,0,16.7,LL,3097,1
09001,서대문구,20233,한식음식점,13121,3846,10856,4,4.7,7.4,3,16.2,LL,3494,0
09001,서대문구,20234,한식음식점,13767,3699,12624,4,11.1,5.2,2,16.8,LL,3391,1
09001,서대문구,20241,한식음식점,12066,2954,11764,4,11.6,7.5,3,15.5,LL,3091,0
09001,서대문구,20242,한식음식점,12004,2907,12229,4,7.1,10.7,0,15.4,LL,3537,1
09001,서대문구,20243,한식음식점,12899,2915,10434,8,8.5,7.3,2,16.0,LL,3521,1
09001,서대문구,20244,한식음식점,12585,3246,10766,1,7.9,6.6,0,17.4,LL,3834,1
09001,서대문구,20231,분식전문점,14313,3443,11103,5,5.9,7.3,1,16.6,LL,2123,1
09001,서대문구,20232,분식전문점,14473,4075,14004,6,4.8,3.3,2,16.7,LL,2211,0
09001,서대문구,20233,분식전문점,13538,4186,13506,6,12.1,8.0,6,16.3,LL,1623,1
09001,서대문구,20234,분식전문점,11350,2447,8032,5,5.8,9.5,4,16.9,LL,1875,0
09001,서대문구,20241,분식전문점,14167,3370,13045,4,6.1,6.5,5,17.1,LL,1787,0
09001,서대문구,20242,분식전문점,11001,2404,8888,8,5.6,6.1,2,15.5,LL,2278,1
09001,서대문구,20243,분식전문점,14161,3637,9928,6,2.0,8.8,5,17.3,LL,2008,1
09001,서대문구,20244,분식전문점,12825,3061,11928,12,5.6,8.3,10,17.9,LL,1754,1
09001,서대문구,20231,제과점,13158,3756,10495,4,14.4,6.6,1,16.8,LL,2056,0
09001,서대문구,20232,제과점,13487,3519,9823,4,8.5,6.8,3,17.4,LL,2301,1
09001,서대문구,20233,제과점,12625,3831,11836,5,10.7,10.8,4,18.4,LL,2736,1
09001,서대문구,20234,제과점,11025,2417,7991,5,1.2,10.1,2,18.8,LL,2704,0
09001,서대문구,20241,제과점,14558,3904,14392,4,9.8,3.0,2,16.3,LL,2799,1
09001,서대문구,20242,제과점,11641,2494,11043,5,6.5,1.0,6,16.6,LL,2313,0
09001,서대문구,20243,제과점,13507,3490,10555,4,10.0,8.1,2,15.9,LL,3228,0
09001,서대문구,20244,제과점,11439,2820,11569,7,9.0,7.7,3,18.1,LL,2386,1
09001,서대문구,20231,치킨전문점,13933,3408,10855,4,4.1,7.3,3,15.4,LL,2270,1
09001,서대문구,20232,치킨전문점,12662,3895,10716,6,3.5,8.8,4,17.4,LL,2166,1
09001,서대문구,20233,치킨전문점,13761,4101,11238,3,11.7,7.9,4,15.4,LL,2174,0
09001,서대문구,20234,치킨전문점,13390,3071,11973,8,12.2,1.0,3,18.2,LL,2633,1
09001,서대문구,20241,치킨전문점,12244,3281,10151,3,8.0,6.2,3,18.5,LL,2136,1
09001,서대문구,20242,치킨전문점,11711,2602,8199,6,7.9,7.3,4,17.7,LL,2050,0
09001,서대문구,20243,치킨전문점,12475,3749,9773,3,3.6,4.4,5,15.4,LL,2414,0
09001,서대문구,20244,치킨전문점,13323,4072,10746,3,9.5,9.2,1,16.7,LL,2538,0
09001,서대문구,20231,의류,13098,3576,9888,1,9.5,5.7,2,17.1,LL,2228,0
09001,서대문구,20232,의류,13367,4053,13110,6,7.3,10.3,5,17.0,LL,1968,0
09001,서대문구,20233,의류,12367,3106,11004,2,8.4,6.1,2,18.5,LL,2064,1
09001,서대문구,20234,의류,11094,3314,10973,7,11.1,4.5,3,17.3,LL,2246,1
09001,서대문구,20241,의류,14603,4150,12924,4,10.1,8.9,0,18.1,LL,2272,1
09001,서대문구,20242,의류,12008,3151,10691,4,9.5,7.2,2,18.6,LL,2325,0
09001,서대문구,20243,의류,11098,2810,11401,8,3.9,9.9,5,16.4,LL,2309,0
09001,서대문구,20244,의류,14257,3678,12588,6,7.1,2.8,5,16.4,LL,2357,0
09002,서대문구,20231,커피-음료,9633,2821,5618,6,6.3,2.3,7,21.0,LL,2278,1
09002,서대문구,20232,커피-음료,9027,2061,4914,1,9.2,7.0,2,23.7,LL,2433,1
09002,서대문구,20233,커피-음료,9370,2505,4746,6,4.5,3.3,1,21.9,LL,2586,1
09002,서대문구,20234,커피-음료,8145,2289,4644,2,7.2,8.8,1,23.3,LL,2498,0
09002,서대문구,20241,커피-음료,10468,2309,5365,4,3.3,8.3,3,21.9,LL,2468,0
09002,서대문구,20242,커피-음료,10303,2489,4836,8,6.4,3.2,9,21.0,LL,2154,1
09002,서대문구,20243,커피-음료,9357,2817,5658,3,10.6,6.2,2,22.8,LL,2599,1
09002,서대문구,20244,커피-음료,8257,2343,4393,5,6.1,5.7,1,22.0,LL,2666,1
09002,서대문구,20231,한식음식점,8487,2089,4483,4,10.4,7.2,6,20.9,LL,3136,1
09002,서대문구,20232,한식음식점,8629,2379,4499,7,11.1,7.6,3,20.6,LL,3222,1
09002,서대문구,20233,한식음식점,9504,2648,5985,5,10.3,6.5,4,19.6,LL,2994,1
09002,서대문구,20234,한식음식점,9481,2418,5529,6,12.2,5.7,2,21.6,LL,3170,0
09002,서대문구,20241,한식음식점,8742,2622,3869,6,2.3,7.0,0,23.1,LL,3480,1
09002,서대문구,20242,한식음식점,9988,2172,6286,6,6.9,4.6,5,22.1,LL,3300,1
09002,서대문구,20243,한식음식점,8983,2463,3965,6,9.0,11.1,2,23.2,LL,3227,1
09002,서대문구,20244,한식음식점,10518,3024,5019,2,12.8,5.9,2,22.8,LL,3342,1
09002,서대문구,20231,분식전문점,7962,2242,4272,4,3.2,5.2,4,23.5,LL,1508,1
09002,서대문구,20232,분식전문점,9657,2457,5821,4,17.0,9.5,3,21.8,LL,1672,1
09002,서대문구,20233,분식전문점,9765,2172,5031,9,10.4,15.9,6,21.0,LL,1502,0
09002,서대문구,20234,분식전문점,10482,2621,6222,4,5.1,6.2,4,21.8,LL,1801,0
09002,서대문구,20241,분식전문점,8618,1840,4518,3,5.8,8.5,1,21.8,LL,1347,1
09002,서대문구,20242,분식전문점,9227,2300,4951,5,7.1,3.8,2,23.1,LL,2271,0
09002,서대문구,20243,분식전문점,9265,2365,4002,4,11.6,7.2,3,21.2,LL,1824,0
09002,서대문구,20244,분식전문점,8058,2335,4069,6,11.0,4.2,1,21.9,LL,2016,0
09002,서대문구,20231,제과점,10257,2624,4562,4,7.0,4.7,2,20.6,LL,2355,0
09002,서대문구,20232,제과점,10357,2508,6518,6,9.3,5.6,2,23.2,LL,2485,1
09002,서대문구,20233,제과점,8324,1862,3998,7,11.5,11.2,6,19.6,LL,2398,1
09002,서대문구,20234,제과점,8239,1829,4102,1,8.3,10.5,0,21.4,LL,2286,1
09002,서대문구,20241,제과점,10096,3135,5467,5,6.7,8.7,2,22.5,LL,2603,1
09002,서대문구,20242,제과점,9356,2452,5215,2,9.2,13.6,1,21.6,LL,2466,0
09002,서대문구,20243,제과점,8413,2292,4254,9,10.7,5.5,3,21.2,LL,2294,1
09002,서대문구,20244,제과점,9719,2842,4117,4,8.6,2.7,1,21.3,LL,2497,1
09002,서대문구,20231,치킨전문점,10208,3148,6321,5,3.5,8.5,0,23.4,LL,2173,1
09002,서대문구,20232,치킨전문점,10146,2925,4715,3,9.3,11.0,3,19.8,LL,1858,0
09002,서대문구,20233,치킨전문점,9645,2700,5012,5,9.3,2.2,6,21.4,LL,1981,1
09002,서대문구,20234,치킨전문점,9634,2312,4085,1,6.0,8.0,2,21.4,LL,2229,0
09002,서대문구,20241,치킨전문점,8728,2275,3777,8,6.1,6.7,1,20.8,LL,2317,1
09002,서대문구,20242,치킨전문점,9856,2589,4595,1,4.1,6.6,0,22.5,LL,2212,1
09002,서대문구,20243,치킨전문점,8903,2089,5326,8,7.7,4.7,4,23.3,LL,2106,1
09002,서대문구,20244,치킨전문점,9699,2360,4446,7,5.6,5.2,5,23.3,LL,2387,1
09002,서대문구,20231,의류,9333,1989,5717,2,7.8,11.3,0,23.7,LL,1968,0
09002,서대문구,20232,의류,10555,2726,5235,4,9.7,7.8,1,23.3,LL,2102,0
09002,서대문구,20233,의류,9937,2673,5709,5,6.1,7.1,5,22.6,LL,1991,1
09002,서대문구,20234,의류,10308,3089,6374,7,3.9,8.4,3,22.3,LL,1806,0
09002,서대문구,20241,의류,10072,2302,6002,7,4.2,4.2,1,23.7,LL,1757,1
09002,서대문구,20242,의류,9066,2712,5260,5,9.5,1.0,3,21.3,LL,2200,1
09002,서대문구,20243,의류,10182,2831,5744,8,5.7,3.5,6,19.7,LL,1864,0
09002,서대문구,20244,의류,9386,2915,4895,2,13.4,7.8,2,20.4,LL,2207,1
09003,서대문구,20231,커피-음료,10743,3563,3543,5,4.8,4.8,5,8.0,HL,2647,1
09003,서대문구,20232,커피-음료,9846,3381,2827,2,11.6,3.7,2,9.7,HL,2762,1
09003,서대문구,20233,커피-음료,9385,3572,2836,5,7.2,3.2,3,9.3,HL,2772,1
09003,서대문구,20234,커피-음료,9762,3387,3025,6,10.5,1.7,4,8.6,HL,2736,1
09003,서대문구,20241,커피-음료,9878,3342,2820,5,11.1,4.5,4,9.7,HL,2785,1
09003,서대문구,20242,커피-음료,10027,3616,2885,3,4.0,1.8,2,8.1,HL,2999,1
09003,서대문구,20243,커피-음료,9947,3778,3387,4,4.0,6.2,2,9.0,HL,2888,1
09003,서대문구,20244,커피-음료,9870,3034,2921,2,3.0,3.8,1,8.9,HL,2869,1
09003,서대문구,20231,한식음식점,9653,3271,2782,1,3.1,2.6,0,8.6,HL,3119,1
09003,서대문구,20232,한식음식점,8469,3251,2516,8,4.3,12.0,4,8.5,HL,3044,1
09003,서대문구,20233,한식음식점,9504,3282,2746,1,7.2,2.4,1,8.9,HL,3716,1
09003,서대문구,20234,한식음식점,10282,3665,3300,3,4.0,7.7,1,9.7,HL,3506,1
09003,서대문구,20241,한식음식점,10030,3981,3552,9,3.9,5.6,4,9.7,HL,3329,1
09003,서대문구,20242,한식음식점,11286,3772,3739,9,6.5,1.7,9,8.8,HL,3206,1
09003,서대문구,20243,한식음식점,10940,2989,3837,6,6.6,3.2,2,8.2,HL,3458,1
09003,서대문구,20244,한식음식점,10988,4107,3501,1,5.0,4.8,0,9.0,HL,3701,1
09003,서대문구,20231,분식전문점,9763,2819,3543,4,6.3,6.3,3,8.4,HL,1983,1
09003,서대문구,20232,분식전문점,11317,4257,4081,6,4.8,3.7,6,8.7,HL,2100,1
09003,서대문구,20233,분식전문점,8550,2550,2366,5,8.2,10.9,1,8.9,HL,1610,0
09003,서대문구,20234,분식전문점,10955,3754,3671,9,5.8,4.5,5,8.3,HL,2093,1
09003,서대문구,20241,분식전문점,9098,3349,3078,8,3.5,7.3,3,8.3,HL,1839,1
09003,서대문구,20242,분식전문점,10526,3509,3334,8,5.4,1.0,2,8.5,HL,2190,1
09003,서대문구,20243,분식전문점,9690,3648,2671,8,8.1,7.1,3,8.5,HL,2114,1
09003,서대문구,20244,분식전문점,11129,4033,3690,2,1.4,5.7,3,8.4,HL,2039,1
09003,서대문구,20231,제과점,9501,3165,3264,5,11.6,3.2,6,9.7,HL,2010,1
09003,서대문구,20232,제과점,9005,2590,3214,8,12.7,5.1,5,9.4,HL,2365,1
09003,서대문구,20233,제과점,10307,3323,3023,2,5.0,4.7,0,8.1,HL,2597,1
09003,서대문구,20234,제과점,11317,3910,3352,4,11.8,10.0,6,9.6,HL,2454,1
09003,서대문구,20241,제과점,11229,4382,2948,6,6.2,1.6,4,8.9,HL,2391,1
09003,서대문구,20242,제과점,8973,2408,2953,3,12.0,5.4,2,8.6,HL,2682,1
09003,서대문구,20243,제과점,11145,3115,3196,2,8.8,1.3,3,9.2,HL,2805,1
09003,서대문구,20244,제과점,10043,3422,2732,2,9.8,5.8,1,9.0,HL,2847,1
09003,서대문구,20231,치킨전문점,9777,3867,2718,6,8.9,1.0,5,9.2,HL,1954,0
09003,서대문구,20232,치킨전문점,9804,3930,2717,6,10.5,3.7,4,8.3,HL,2200,1
09003,서대문구,20233,치킨전문점,11041,4201,3143,7,8.5,8.0,2,9.3,HL,1880,0
09003,서대문구,20234,치킨전문점,10764,4071,3091,5,9.1,1.0,0,9.1,HL,2492,1
09003,서대문구,20241,치킨전문점,8677,2765,2481,6,7.6,5.0,4,9.3,HL,2295,1
09003,서대문구,20242,치킨전문점,9556,2868,3099,3,7.5,6.5,1,8.2,HL,2586,1
09003,서대문구,20243,치킨전문점,9047,3028,3308,8,4.6,4.9,5,8.5,HL,2162,1
09003,서대문구,20244,치킨전문점,8566,2862,2278,7,7.7,9.0,4,9.1,HL,2384,0
09003,서대문구,20231,의류,9358,2953,3201,12,4.6,5.9,8,9.7,HL,1961,0
09003,서대문구,20232,의류,10415,2960,2576,7,11.9,8.1,2,8.3,HL,2305,1
09003,서대문구,20233,의류,8875,2825,2471,7,5.2,6.1,2,9.6,HL,2407,1
09003,서대문구,20234,의류,9603,2846,2412,3,11.6,6.7,0,9.2,HL,2397,1
09003,서대문구,20241,의류,11322,4457,3292,4,5.9,1.0,4,8.7,HL,2589,1
09003,서대문구,20242,의류,10371,3653,3551,9,16.0,5.0,9,8.1,HL,1947,1
09003,서대문구,20243,의류,10278,3634,2808,8,4.9,4.6,1,9.6,HL,2192,1
09003,서대문구,20244,의류,10086,2986,3411,5,7.0,2.8,4,9.4,HL,2032,1
09004,서대문구,20231,커피-음료,21781,25194,22424,4,10.5,12.4,2,19.8,LL,2789,0
09004,서대문구,20232,커피-음료,19792,21256,19236,3,3.7,8.3,3,20.9,LL,2901,1
09004,서대문구,20233,커피-음료,23318,22328,31504,8,4.7,4.9,9,20.2,LL,2861,1
09004,서대문구,20234,커피-음료,21835,21940,20463,1,10.5,10.4,0,20.6,LL,3143,1
09004,서대문구,20241,커피-음료,17957,20536,24142,4,7.4,7.1,1,19.9,LL,3490,1
09004,서대문구,20242,커피-음료,19861,21464,18149,4,2.5,6.3,3,17.6,LL,3065,1
09004,서대문구,20243,커피-음료,18718,18928,21006,10,7.4,12.0,6,20.5,LL,2662,0
09004,서대문구,20244,커피-음료,19544,21339,25977,2,7.5,6.2,1,20.2,LL,3223,1
09004,서대문구,20231,한식음식점,18910,18935,19405,2,7.6,3.7,0,19.1,LL,3402,1
09004,서대문구,20232,한식음식점,21129,23442,27749,7,10.7,5.0,4,17.6,LL,3682,1
09004,서대문구,20233,한식음식점,18855,15817,20457,5,2.5,5.2,3,19.4,LL,3550,1
09004,서대문구,20234,한식음식점,22351,19821,28018,6,13.1,6.8,3,18.8,LL,3862,1
09004,서대문구,20241,한식음식점,21298,23794,24297,8,10.9,4.5,5,18.2,LL,3823,1
09004,서대문구,20242,한식음식점,19600,21525,26007,5,6.3,4.0,2,20.9,LL,3893,1
09004,서대문구,20243,한식음식점,22513,18627,27399,2,12.8,6.5,2,21.0,LL,3752,0
09004,서대문구,20244,한식음식점,17931,20147,23921,5,11.8,9.4,1,19.4,LL,3783,0
09004,서대문구,20231,분식전문점,18419,15741,23420,5,12.8,4.4,2,18.8,LL,2145,1
09004,서대문구,20232,분식전문점,21114,20768,22307,4,8.1,7.5,0,20.8,LL,2251,1
09004,서대문구,20233,분식전문점,21041,18575,27555,8,6.4,11.9,2,21.3,LL,2396,0
09004,서대문구,20234,분식전문점,21854,17448,22187,5,8.1,5.3,1,20.1,LL,2077,1
09004,서대문구,20241,분식전문점,19376,19945,18767,4,8.7,7.5,2,20.5,LL,2130,1
09004,서대문구,20242,분식전문점,18683,21402,25287,3,9.0,5.9,5,18.1,LL,2592,1
09004,서대문구,20243,분식전문점,20723,17972,18878,7,8.1,1.2,5,19.9,LL,2264,1
09004,서대문구,20244,분식전문점,18829,17648,20634,3,7.0,4.4,0,18.6,LL,2645,1
09004,서대문구,20231,제과점,20351,17836,24748,5,1.0,3.5,5,19.7,LL,2878,1
09004,서대문구,20232,제과점,23720,24305,25259,3,8.4,11.4,2,21.0,LL,2843,1
09004,서대문구,20233,제과점,18793,15312,21721,4,11.2,12.4,3,17.9,LL,2653,0
09004,서대문구,20234,제과점,19633,17541,20581,2,5.4,7.1,0,20.0,LL,2640,1
09004,서대문구,20241,제과점,21093,22697,21201,7,6.9,2.4,4,19.8,LL,2948,1
09004,서대문구,20242,제과점,23606,20092,30071,6,7.0,4.2,8,18.0,LL,2872,1
09004,서대문구,20243,제과점,22825,20759,30006,2,5.4,7.9,1,19.4,LL,3075,0
09004,서대문구,20244,제과점,23549,20702,23264,6,11.0,11.7,5,17.9,LL,3042,0
09004,서대문구,20231,치킨전문점,19156,18293,18342,1,6.5,10.5,2,20.0,LL,2395,1
09004,서대문구,20232,치킨전문점,21113,24109,28456,9,3.3,5.5,7,18.6,LL,2808,1
09004,서대문구,20233,치킨전문점,18529,17916,17096,7,8.2,6.4,4,19.5,LL,2560,0
09004,서대문구,20234,치킨전문점,19810,20690,25248,6,3.7,5.9,2,18.9,LL,2617,1
09004,서대문구,20241,치킨전문점,20136,16192,24808,6,11.1,6.6,3,18.3,LL,2902,1
09004,서대문구,20242,치킨전문점,22836,18398,22921,4,4.7,3.4,2,20.0,LL,2412,1
09004,서대문구,20243,치킨전문점,19124,19154,21240,6,8.1,7.6,3,18.0,LL,2610,1
09004,서대문구,20244,치킨전문점,22847,21393,23896,3,9.7,5.8,2,18.8,LL,2822,1
09004,서대문구,20231,의류,18770,19267,23773,1,11.1,3.3,0,20.4,LL,2356,0
09004,서대문구,20232,의류,20742,19689,24513,4,6.0,4.2,1,20.4,LL,2774,1
09004,서대문구,20233,의류,18213,14806,17756,6,11.0,1.0,5,18.4,LL,2066,1
09004,서대문구,20234,의류,19346,18091,22315,6,3.5,9.7,4,20.6,LL,2568,0
09004,서대문구,20241,의류,23626,26099,28353,2,6.2,6.2,3,21.0,LL,2413,1
09004,서대문구,20242,의류,21297,17515,28680,2,6.0,8.6,3,19.7,LL,2545,1
09004,서대문구,20243,의류,19809,18494,20342,6,9.9,8.1,3,18.9,LL,2308,1
09004,서대문구,20244,의류,20749,24239,27549,6,8.7,6.5,7,18.9,LL,2117,0
09005,서대문구,20231,커피-음료,8806,10504,7432,6,15.3,4.5,3,11.9,LL,2871,1
09005,서대문구,20232,커피-음료,11506,14137,14240,1,8.5,11.0,2,13.2,LL,2777,0
09005,서대문구,20233,커피-음료,9254,14291,10597,4,4.0,4.6,3,13.5,LL,3161,1
09005,서대문구,20234,커피-음료,10915,13830,9461,4,9.2,7.9,3,13.0,LL,2757,0
09005,서대문구,20241,커피-음료,8695,11304,10493,7,11.8,8.7,6,12.7,LL,2808,1
09005,서대문구,20242,커피-음료,10717,12989,9011,10,5.5,5.3,6,11.5,LL,2561,1
09005,서대문구,20243,커피-음료,9311,14515,9556,2,5.9,9.0,0,12.0,LL,3098,1
09005,서대문구,20244,커피-음료,11330,17313,12140,7,5.3,9.5,4,12.6,LL,3133,0
09005,서대문구,20231,한식음식점,10959,15026,13180,4,10.5,6.2,2,12.0,LL,3750,1
09005,서대문구,20232,한식음식점,11014,13732,10111,8,10.3,11.7,6,11.7,LL,3423,1
09005,서대문구,20233,한식음식점,9190,12569,10725,1,3.8,7.3,1,11.7,LL,3482,1
09005,서대문구,20234,한식음식점,9786,14486,12119,4,12.1,6.4,1,13.5,LL,3843,1
09005,서대문구,20241,한식음식점,9402,12312,8890,1,10.2,6.6,0,13.4,LL,3672,1
09005,서대문구,20242,한식음식점,11332,14548,13571,3,7.3,9.0,1,11.8,LL,3829,1
09005,서대문구,20243,한식음식점,9615,13595,10186,6,8.6,12.2,4,12.6,LL,3947,1
09005,서대문구,20244,한식음식점,10555,12320,12481,7,7.2,8.6,7,12.9,LL,3445,1
09005,서대문구,20231,분식전문점,9598,10318,11412,6,10.9,3.6,4,11.8,LL,1858,1
09005,서대문구,20232,분식전문점,10594,13029,11039,2,2.5,1.0,1,12.6,LL,2027,1
09005,서대문구,20233,분식전문점,9947,14588,8356,4,4.1,9.6,4,12.6,LL,1677,1
09005,서대문구,20234,분식전문점,10519,13025,10854,6,6.8,5.9,2,12.2,LL,2574,1
09005,서대문구,20241,분식전문점,9847,14122,11961,7,4.2,7.0,3,13.3,LL,2286,1
09005,서대문구,20242,분식전문점,10208,10978,12725,2,5.8,4.8,1,12.3,LL,2343,0
09005,서대문구,20243,분식전문점,10250,11414,10888,4,5.5,4.8,3,11.6,LL,2185,0
09005,서대문구,20244,분식전문점,10353,12855,10707,4,10.7,6.2,2,12.7,LL,2268,0
09005,서대문구,20231,제과점,8708,10253,9475,11,5.4,6.6,8,12.4,LL,2707,0
09005,서대문구,20232,제과점,9116,9834,8556,6,2.6,5.1,5,12.5,LL,2429,1
09005,서대문구,20233,제과점,9528,11624,11853,3,10.5,8.9,0,13.6,LL,2714,0
09005,서대문구,20234,제과점,9251,13061,11443,3,9.8,8.6,1,13.1,LL,2570,0
09005,서대문구,20241,제과점,9075,12272,11198,6,13.7,12.0,3,12.6,LL,2357,1
09005,서대문구,20242,제과점,10985,14763,10572,6,6.5,4.5,5,13.2,LL,3008,0
09005,서대문구,20243,제과점,8683,10697,9859,4,10.7,4.8,1,13.4,LL,2811,1
09005,서대문구,20244,제과점,8886,11325,10017,4,8.2,6.8,4,11.1,LL,2981,1
09005,서대문구,20231,치킨전문점,11532,15981,12697,5,7.0,9.3,2,13.6,LL,2153,1
09005,서대문구,20232,치킨전문점,9456,9886,10036,5,12.6,4.3,3,11.7,LL,1976,0
09005,서대문구,20233,치킨전문점,10246,15127,10888,5,7.0,10.4,3,13.3,LL,2293,0
09005,서대문구,20234,치킨전문점,10042,15305,10691,5,6.5,5.5,4,11.3,LL,2447,0
09005,서대문구,20241,치킨전문점,8586,10843,8696,6,5.0,7.0,4,12.9,LL,2208,1
09005,서대문구,20242,치킨전문점,11031,11765,9949,1,14.3,10.6,1,12.0,LL,2727,0
09005,서대문구,20243,치킨전문점,10070,11018,10433,4,5.8,10.8,2,12.6,LL,2564,1
09005,서대문구,20244,치킨전문점,11184,13648,10315,4,12.9,4.2,4,12.6,LL,2665,1
09005,서대문구,20231,의류,11436,15185,13409,10,6.8,6.8,2,12.5,LL,2359,1
09005,서대문구,20232,의류,9813,14132,10553,3,8.5,8.2,1,11.8,LL,2138,0
09005,서대문구,20233,의류,9177,10526,7989,2,10.8,6.6,1,12.5,LL,2257,1
09005,서대문구,20234,의류,11506,14683,12876,8,7.6,2.8,5,11.5,LL,2346,1
09005,서대문구,20241,의류,10099,13327,11318,6,5.9,8.9,3,11.6,LL,2487,1
09005,서대문구,20242,의류,11194,16474,11182,6,5.4,3.2,9,11.2,LL,2304,1
09005,서대문구,20243,의류,9561,10939,9203,5,6.3,1.0,2,12.3,LL,2135,0
09005,서대문구,20244,의류,10203,15628,12584,6,5.9,5.4,2,11.3,LL,2595,1
09006,서대문구,20231,커피-음료,9710,7745,3720,6,2.7,3.6,3,22.3,HH,2373,1
09006,서대문구,20232,커피-음료,10049,5653,4109,6,6.3,5.4,3,20.4,HH,2365,1
09006,서대문구,20233,커피-음료,12623,10102,4860,10,7.8,6.1,5,21.9,HH,3096,1
09006,서대문구,20234,커피-음료,11226,8243,3861,7,9.5,1.0,6,19.0,HH,2384,1
09006,서대문구,20241,커피-음료,9950,6421,3294,5,3.7,1.8,3,21.6,HH,2345,1
09006,서대문구,20242,커피-음료,11840,7230,4074,5,9.5,1.0,5,22.2,HH,2758,1
09006,서대문구,20243,커피-음료,11351,9034,3907,2,2.2,3.6,1,18.7,HH,2931,1
09006,서대문구,20244,커피-음료,9847,6873,3847,8,11.0,4.1,8,19.4,HH,2728,1
09006,서대문구,20231,한식음식점,9753,6434,3841,5,9.6,2.1,6,21.8,HH,3006,1
09006,서대문구,20232,한식음식점,11099,8083,3808,6,10.2,5.8,5,21.8,HH,3616,1
09006,서대문구,20233,한식음식점,10053,7324,3360,9,8.1,8.7,5,20.9,HH,2985,1
09006,서대문구,20234,한식음식점,11951,7335,4813,1,4.3,9.4,1,19.4,HH,3820,1
09006,서대문구,20241,한식음식점,9896,6046,3245,4,7.9,5.2,1,20.4,HH,3262,1
09006,서대문구,20242,한식음식점,12529,9455,5328,4,10.2,8.5,5,20.9,HH,2972,1
09006,서대문구,20243,한식음식점,10686,7915,3770,4,4.0,5.1,1,19.6,HH,3524,1
09006,서대문구,20244,한식음식점,12181,9801,5665,6,6.9,1.0,5,21.0,HH,3675,1
09006,서대문구,20231,분식전문점,12335,7691,4918,4,10.3,4.0,2,18.7,HH,1997,1
09006,서대문구,20232,분식전문점,10628,7315,4753,7,10.1,7.3,5,21.4,HH,2217,1
09006,서대문구,20233,분식전문점,12446,8009,5299,5,3.1,1.5,2,19.1,HH,2243,1
09006,서대문구,20234,분식전문점,10957,6570,3692,4,9.6,8.7,1,20.3,HH,2221,1
09006,서대문구,20241,분식전문점,10575,5846,4142,10,11.9,4.8,5,20.3,HH,1993,1
09006,서대문구,20242,분식전문점,10674,8540,4403,5,8.2,4.6,2,18.7,HH,2034,1
09006,서대문구,20243,분식전문점,11059,7449,4397,4,13.4,1.0,5,18.9,HH,1827,1
09006,서대문구,20244,분식전문점,12119,6641,4532,2,5.7,4.8,0,19.5,HH,2103,1
09006,서대문구,20231,제과점,10846,6478,4759,7,8.6,8.8,5,20.1,HH,1998,1
09006,서대문구,20232,제과점,9443,5234,3020,5,5.9,1.0,3,22.7,HH,2363,1
09006,서대문구,20233,제과점,10516,7146,3872,6,2.2,5.2,2,19.9,HH,2708,1
09006,서대문구,20234,제과점,12319,7685,3863,8,5.5,9.0,5,19.3,HH,2579,1
09006,서대문구,20241,제과점,10964,6730,3878,4,10.3,6.0,0,21.6,HH,2436,1
09006,서대문구,20242,제과점,10448,7003,3353,4,7.9,5.7,1,22.2,HH,2681,1
09006,서대문구,20243,제과점,9387,6706,4074,6,9.8,1.0,3,20.8,HH,2539,1
09006,서대문구,20244,제과점,11740,8284,3975,4,10.2,1.8,4,19.2,HH,2923,1
09006,서대문구,20231,치킨전문점,10429,6482,3321,9,6.5,1.0,3,19.5,HH,1828,1
09006,서대문구,20232,치킨전문점,9979,7189,3971,3,3.3,10.8,0,21.5,HH,2432,1
09006,서대문구,20233,치킨전문점,11972,9412,5217,9,8.9,3.3,4,18.6,HH,2179,1
09006,서대문구,20234,치킨전문점,10833,8520,3432,7,7.2,9.8,4,19.0,HH,2213,1
09006,서대문구,20241,치킨전문점,10479,5895,3384,2,6.4,4.2,1,21.1,HH,1938,1
09006,서대문구,20242,치킨전문점,11894,7505,4056,5,2.3,1.0,5,22.0,HH,2069,1
09006,서대문구,20243,치킨전문점,10909,8423,4080,7,7.6,1.0,3,21.4,HH,2120,1
09006,서대문구,20244,치킨전문점,9372,5974,3218,6,7.6,4.4,6,20.8,HH,2141,1
09006,서대문구,20231,의류,11179,6276,4959,12,9.1,2.5,12,19.2,HH,1799,0
09006,서대문구,20232,의류,12603,6825,4892,10,14.3,5.3,4,18.7,HH,2059,0
09006,서대문구,20233,의류,10164,7090,4678,3,12.5,8.5,2,19.8,HH,2061,1
09006,서대문구,20234,의류,9625,6736,3716,6,8.0,4.4,1,22.2,HH,1960,1
09006,서대문구,20241,의류,10821,7733,4246,3,10.3,1.0,1,20.4,HH,2530,1
09006,서대문구,20242,의류,11461,7672,4737,4,9.8,8.6,4,22.5,HH,1980,1
09006,서대문구,20243,의류,11665,6295,4127,2,4.5,1.7,2,21.9,HH,1965,1
09006,서대문구,20244,의류,9843,7273,4186,5,10.4,1.0,1,18.8,HH,2362,1
09007,서대문구,20231,커피-음료,12040,8813,7723,5,9.0,1.0,1,7.9,HL,2718,1
09007,서대문구,20232,커피-음료,11358,8234,6675,2,7.4,3.6,2,8.2,HL,2710,1
09007,서대문구,20233,커피-음료,12397,9992,9175,6,7.1,8.2,3,7.0,HL,3094,0
09007,서대문구,20234,커피-음료,9906,5682,6868,8,11.8,5.2,5,7.9,HL,2680,0
09007,서대문구,20241,커피-음료,10358,6321,8722,9,13.3,8.6,7,8.3,HL,2740,1
09007,서대문구,20242,커피-음료,12065,9098,7077,5,6.4,4.6,5,8.4,HL,2978,1
09007,서대문구,20243,커피-음료,11064,8724,6577,6,5.7,1.0,3,7.7,HL,3120,1
09007,서대문구,20244,커피-음료,10689,8386,8941,7,11.4,8.8,6,7.8,HL,2947,1
09007,서대문구,20231,한식음식점,11229,8363,9458,8,4.3,7.3,2,7.4,HL,3195,1
09007,서대문구,20232,한식음식점,12185,9117,9689,2,11.0,1.0,3,7.8,HL,3529,1
09007,서대문구,20233,한식음식점,10831,6629,7335,6,7.7,7.1,2,7.3,HL,3898,1
09007,서대문구,20234,한식음식점,11787,7669,9540,1,9.3,3.3,1,7.4,HL,4265,1
09007,서대문구,20241,한식음식점,10436,8549,6019,4,8.5,4.7,3,8.2,HL,3650,1
09007,서대문구,20242,한식음식점,10067,6259,8057,4,6.4,6.7,1,8.3,HL,3678,1
09007,서대문구,20243,한식음식점,10662,6314,8790,2,11.4,5.6,2,7.4,HL,3556,1
09007,서대문구,20244,한식음식점,9609,7913,7440,10,10.8,4.9,6,7.6,HL,3658,1
09007,서대문구,20231,분식전문점,10267,7095,7213,6,8.3,1.4,1,8.4,HL,1975,1
09007,서대문구,20232,분식전문점,12732,9392,9815,4,13.0,9.1,0,7.1,HL,2051,0
09007,서대문구,20233,분식전문점,10155,5986,5815,6,7.1,1.1,1,8.0,HL,2271,1
09007,서대문구,20234,분식전문점,9638,7665,6565,4,16.3,4.3,3,7.3,HL,1732,1
09007,서대문구,20241,분식전문점,9748,7686,6644,7,7.4,2.9,2,7.6,HL,1967,1
09007,서대문구,20242,분식전문점,10925,8705,7613,2,6.9,7.2,2,7.2,HL,2089,1
09007,서대문구,20243,분식전문점,11854,6794,7736,5,8.4,5.5,2,7.6,HL,2294,1
09007,서대문구,20244,분식전문점,11971,8594,8208,6,7.9,2.0,4,7.1,HL,2148,1
09007,서대문구,20231,제과점,12100,8851,8295,3,11.1,3.8,1,7.6,HL,2813,1
09007,서대문구,20232,제과점,10652,7596,8909,5,4.0,1.1,1,7.8,HL,2631,1
09007,서대문구,20233,제과점,9679,7536,7014,5,4.6,1.4,2,7.4,HL,2313,1
09007,서대문구,20234,제과점,11434,7285,9579,6,7.4,3.1,0,8.4,HL,3117,1
09007,서대문구,20241,제과점,12508,9791,9730,4,5.8,1.6,3,7.8,HL,2745,1
09007,서대문구,20242,제과점,12344,10249,7780,10,10.8,1.0,7,8.3,HL,2437,1
09007,서대문구,20243,제과점,11586,9455,8876,11,9.2,4.3,8,7.6,HL,2615,1
09007,서대문구,20244,제과점,11732,8052,6803,6,2.8,1.0,6,8.1,HL,2483,1
09007,서대문구,20231,치킨전문점,11530,8643,6494,5,7.7,6.5,3,7.0,HL,2167,1
09007,서대문구,20232,치킨전문점,12622,7628,7640,1,12.6,2.1,1,7.2,HL,2137,1
09007,서대문구,20233,치킨전문점,11358,8685,7216,4,1.0,1.0,1,6.9,HL,2451,1
09007,서대문구,20234,치킨전문점,11182,7444,8444,3,10.0,6.0,2,7.2,HL,2654,1
09007,서대문구,20241,치킨전문점,12115,10172,8303,5,6.4,5.1,2,7.4,HL,2271,1
09007,서대문구,20242,치킨전문점,9929,5678,7707,5,12.0,2.5,3,7.5,HL,2386,1
09007,서대문구,20243,치킨전문점,9771,8244,7115,7,5.6,3.5,2,7.2,HL,2533,1
09007,서대문구,20244,치킨전문점,12731,9610,9123,4,9.9,3.0,2,7.4,HL,2385,1
09007,서대문구,20231,의류,10034,6121,8360,2,13.3,8.1,0,8.3,HL,2165,1
09007,서대문구,20232,의류,12802,10758,8696,6,3.6,3.9,4,7.4,HL,2214,1
09007,서대문구,20233,의류,10188,7524,7693,3,5.2,5.7,2,7.4,HL,2199,1
09007,서대문구,20234,의류,10117,6159,5767,5,8.2,2.2,5,7.2,HL,2201,1
09007,서대문구,20241,의류,10359,7781,6177,6,8.1,4.4,2,7.3,HL,2462,0
09007,서대문구,20242,의류,11548,7333,8531,3,7.3,2.4,3,7.4,HL,2471,1
09007,서대문구,20243,의류,10192,7863,5987,7,3.9,3.7,4,7.9,HL,2300,1
09007,서대문구,20244,의류,10219,5926,6374,1,7.9,5.0,0,7.5,HL,2475,1
09008,서대문구,20231,커피-음료,12696,8094,8837,6,7.2,6.4,4,19.1,HL,2472,1
09008,서대문구,20232,커피-음료,12972,8098,9181,7,10.5,3.0,6,19.6,HL,2618,1
09008,서대문구,20233,커피-음료,12515,6400,8935,11,14.6,1.0,5,17.5,HL,2989,1
09008,서대문구,20234,커피-음료,11740,6994,7536,6,7.5,6.9,5,18.7,HL,2566,1
09008,서대문구,20241,커피-음료,14918,9415,8829,5,5.2,5.4,12,17.1,HL,2487,1
09008,서대문구,20242,커피-음료,11619,6901,6799,7,9.7,2.3,4,18.3,HL,2636,1
09008,서대문구,20243,커피-음료,13756,8872,9958,2,9.0,2.7,0,19.4,HL,2880,1
09008,서대문구,20244,커피-음료,13096,7486,10844,5,5.8,1.0,3,20.2,HL,2717,0
09008,서대문구,20231,한식음식점,12650,8989,9168,6,7.4,1.0,2,18.3,HL,3175,1
09008,서대문구,20232,한식음식점,15346,9176,10223,2,5.8,1.0,0,16.8,HL,3486,1
09008,서대문구,20233,한식음식점,12968,8578,9948,6,5.3,1.0,3,20.2,HL,3191,1
09008,서대문구,20234,한식음식점,12883,7881,10335,6,7.1,4.0,1,19.0,HL,3371,1
09008,서대문구,20241,한식음식점,12418,7021,7829,11,9.3,4.3,7,16.6,HL,3380,1
09008,서대문구,20242,한식음식점,13325,9591,9698,3,9.6,9.6,3,19.5,HL,3463,1
09008,서대문구,20243,한식음식점,14532,8221,11241,1,5.7,6.3,2,18.0,HL,3721,1
09008,서대문구,20244,한식음식점,13419,7851,10436,11,6.2,4.9,10,18.2,HL,3622,1
09008,서대문구,20231,분식전문점,12258,8547,7229,3,5.8,5.3,2,19.1,HL,1990,0
09008,서대문구,20232,분식전문점,15187,8583,9568,3,2.6,6.9,2,18.4,HL,1908,1
09008,서대문구,20233,분식전문점,14068,6898,8601,4,7.2,6.4,2,20.3,HL,1660,1
09008,서대문구,20234,분식전문점,12981,6831,8767,2,11.1,6.3,0,19.0,HL,2122,1
09008,서대문구,20241,분식전문점,12309,8532,7934,6,12.4,9.7,3,18.3,HL,1797,1
09008,서대문구,20242,분식전문점,12316,6815,9837,2,8.8,9.4,0,17.9,HL,2210,1
09008,서대문구,20243,분식전문점,14609,8333,11691,6,6.4,3.5,3,16.7,HL,2346,1
09008,서대문구,20244,분식전문점,15211,8952,10718,5,10.9,7.6,5,19.6,HL,2077,1
09008,서대문구,20231,제과점,12575,7000,8592,9,7.5,1.0,6,18.3,HL,2554,1
09008,서대문구,20232,제과점,15025,8392,11133,3,6.1,7.4,2,17.5,HL,2545,1
09008,서대문구,20233,제과점,15333,7535,10153,7,7.7,1.0,3,19.6,HL,2579,1
09008,서대문구,20234,제과점,14070,7199,11076,10,11.5,6.7,15,19.9,HL,2227,0
09008,서대문구,20241,제과점,13548,8074,8638,11,5.8,4.4,5,18.1,HL,2453,1
09008,서대문구,20242,제과점,13599,8916,10577,4,7.8,2.2,3,18.0,HL,2399,0
09008,서대문구,20243,제과점,14080,9765,8993,7,4.4,3.6,2,19.4,HL,2678,1
09008,서대문구,20244,제과점,14893,8485,9750,7,1.4,9.5,4,18.0,HL,2749,1
09008,서대문구,20231,치킨전문점,12304,8495,9674,1,11.5,1.0,1,17.5,HL,2198,1
09008,서대문구,20232,치킨전문점,14048,9055,9855,6,7.3,8.9,3,16.9,HL,2094,1
09008,서대문구,20233,치킨전문점,13088,6966,11060,2,5.2,1.1,1,16.9,HL,1871,1
09008,서대문구,20234,치킨전문점,13477,9033,9288,3,9.8,4.7,2,17.1,HL,2591,1
09008,서대문구,20241,치킨전문점,12659,7836,10488,4,1.9,3.3,5,20.1,HL,1768,1
09008,서대문구,20242,치킨전문점,13625,9164,9779,3,6.9,6.3,1,18.7,HL,2281,1
09008,서대문구,20243,치킨전문점,14783,9758,10444,7,6.3,11.6,6,17.8,HL,2488,1
09008,서대문구,20244,치킨전문점,11900,6775,10321,6,8.9,1.0,5,19.3,HL,2344,1
09008,서대문구,20231,의류,12057,7324,10182,5,8.6,6.9,3,17.2,HL,1854,0
09008,서대문구,20232,의류,13529,9442,8230,2,13.7,3.5,1,18.6,HL,2141,1
09008,서대문구,20233,의류,14274,8743,9658,1,6.5,5.9,0,19.7,HL,2224,1
09008,서대문구,20234,의류,15466,8835,10916,4,10.2,1.0,2,20.2,HL,2456,1
09008,서대문구,20241,의류,15472,9880,10314,7,8.4,5.6,3,19.2,HL,2278,1
09008,서대문구,20242,의류,15663,9966,13211,2,5.9,2.6,1,16.8,HL,2642,1
09008,서대문구,20243,의류,14366,10222,12178,4,9.9,1.0,1,20.1,HL,2168,1
09008,서대문구,20244,의류,13431,6564,9137,7,9.3,3.7,3,17.3,HL,2348,1
10000,광진구,20231,커피-음료,29491,12846,32347,6,6.4,3.8,6,11.1,HL,2947,1
10000,광진구,20232,커피-음료,31765,13280,23953,5,7.2,8.9,0,10.6,HL,3528,1
10000,광진구,20233,커피-음료,28834,12675,25078,4,11.5,2.2,2,10.9,HL,3243,1
10000,광진구,20234,커피-음료,28684,12759,28480,6,10.9,7.7,2,12.0,HL,3503,1
10000,광진구,20241,커피-음료,27007,12444,29409,3,10.8,11.4,1,12.1,HL,3563,1
10000,광진구,20242,커피-음료,32612,14870,32681,4,8.8,1.0,5,10.1,HL,3312,1
10000,광진구,20243,커피-음료,30273,12386,30706,6,6.0,1.4,5,11.1,HL,3207,1
10000,광진구,20244,커피-음료,30163,11015,26956,5,8.8,3.0,0,10.1,HL,3697,1
10000,광진구,20231,한식음식점,33134,15545,31282,5,9.0,1.0,4,12.1,HL,3885,1
10000,광진구,20232,한식음식점,26599,11146,19856,3,11.0,4.7,2,11.4,HL,3774,1
10000,광진구,20233,한식음식점,29523,13130,30371,2,8.4,5.8,0,11.9,HL,3778,1
10000,광진구,20234,한식음식점,26859,12399,22642,7,9.1,4.1,6,11.7,HL,3676,1
10000,광진구,20241,한식음식점,32117,16835,26738,7,11.9,1.0,0,12.0,HL,3948,1
10000,광진구,20242,한식음식점,29661,15439,22365,1,5.4,5.9,1,11.2,HL,4209,1
10000,광진구,20243,한식음식점,26885,11965,26227,5,6.8,1.0,0,10.9,HL,4419,1
10000,광진구,20244,한식음식점,30993,11240,30319,7,6.1,6.8,3,10.0,HL,3947,1
10000,광진구,20231,분식전문점,33906,14445,30161,2,8.3,1.0,0,11.1,HL,2668,1
10000,광진구,20232,분식전문점,29267,14038,27359,7,11.3,6.0,4,11.4,HL,2343,1
10000,광진구,20233,분식전문점,30481,15833,25980,8,5.5,1.8,2,10.7,HL,2475,1
10000,광진구,20234,분식전문점,31816,15251,24119,4,8.8,7.6,3,11.1,HL,2397,1
10000,광진구,20241,분식전문점,29130,14421,26369,5,8.4,5.9,5,11.8,HL,2316,0
10000,광진구,20242,분식전문점,25749,10099,26735,5,7.9,6.6,5,10.7,HL,2175,1
10000,광진구,20243,분식전문점,33641,14061,33073,9,12.1,3.0,5,11.1,HL,2714,1
10000,광진구,20244,분식전문점,31264,15513,31525,5,7.9,1.0,3,10.9,HL,2531,0
10000,광진구,20231,제과점,27898,9986,24847,2,7.8,7.4,2,10.6,HL,2969,1
10000,광진구,20232,제과점,25974,9622,20520,6,1.0,4.6,3,11.9,HL,2593,1
10000,광진구,20233,제과점,32295,11874,34127,5,6.6,1.0,3,11.7,HL,2870,1
10000,광진구,20234,제과점,27886,14207,28222,2,3.9,8.6,2,11.2,HL,2960,1
10000,광진구,20241,제과점,30454,11178,25441,7,9.6,3.8,4,12.2,HL,3102,1
10000,광진구,20242,제과점,26446,13198,20643,4,4.2,1.0,4,10.7,HL,2897,0
10000,광진구,20243,제과점,30700,13764,25803,5,7.6,6.8,2,10.6,HL,3355,1
10000,광진구,20244,제과점,31341,14842,25783,4,9.8,3.9,3,11.6,HL,3247,1
10000,광진구,20231,치킨전문점,27489,11900,22416,7,9.1,6.5,4,12.0,HL,2697,1
10000,광진구,20232,치킨전문점,32971,15859,28124,5,10.7,2.8,5,10.3,HL,2775,1
10000,광진구,20233,치킨전문점,28640,12273,27612,5,11.3,5.7,2,10.8,HL,2780,1
10000,광진구,20234,치킨전문점,31632,11763,23711,5,8.8,4.2,2,10.3,HL,3018,1
10000,광진구,20241,치킨전문점,32688,16477,24619,5,4.7,2.0,1,11.4,HL,3118,1
10000,광진구,20242,치킨전문점,27816,13313,24099,4,10.6,7.8,0,11.7,HL,2765,1
10000,광진구,20243,치킨전문점,29561,11696,30135,7,6.1,3.7,2,10.4,HL,2764,1
10000,광진구,20244,치킨전문점,29809,11789,29898,9,6.1,4.3,8,11.8,HL,3024,0
10000,광진구,20231,의류,28742,11615,22386,1,13.1,8.5,1,10.6,HL,2643,1
10000,광진구,20232,의류,32604,11846,31921,5,11.1,6.4,3,11.7,HL,2744,1
10000,광진구,20233,의류,33156,15677,27967,10,9.3,1.8,4,11.1,HL,2971,1
10000,광진구,20234,의류,27162,9896,23792,6,14.3,3.6,5,11.4,HL,2405,1
10000,광진구,20241,의류,29142,12281,22636,8,3.3,5.7,3,11.5,HL,2657,1
10000,광진구,20242,의류,25483,9424,26330,6,11.7,6.8,5,10.9,HL,2404,1
10000,광진구,20243,의류,31659,15683,26750,8,8.3,1.8,8,11.4,HL,2846,1
10000,광진구,20244,의류,30140,15412,27829,4,11.3,3.8,2,11.3,HL,2715,1
10001,광진구,20231,커피-음료,18420,10983,15390,4,10.9,3.4,4,16.3,HL,2807,1
10001,광진구,20232,커피-음료,18573,10833,12458,1,12.2,4.2,1,16.4,HL,3053,1
10001,광진구,20233,커피-음료,17642,10453,14582,10,8.6,3.4,3,14.3,HL,2809,1
10001,광진구,20234,커피-음료,18382,11406,12647,5,8.2,1.0,3,16.7,HL,2559,1
10001,광진구,20241,커피-음료,18094,12589,14861,7,8.7,3.3,2,15.8,HL,2436,1
10001,광진구,20242,커피-음료,18515,13340,12577,2,4.4,5.7,4,14.7,HL,2672,1
10001,광진구,20243,커피-음료,16044,8326,11995,7,8.6,1.0,4,16.7,HL,2846,1
10001,광진구,20244,커피-음료,17965,9926,15911,7,14.1,1.0,4,14.4,HL,2893,1
10001,광진구,20231,한식음식점,18767,9294,14154,5,8.0,5.5,3,15.2,HL,3260,1
10001,광진구,20232,한식음식점,16628,11523,12273,4,12.9,1.0,2,13.9,HL,3544,0
10001,광진구,20233,한식음식점,17583,12002,12348,2,9.2,1.0,0,16.9,HL,3592,1
10001,광진구,20234,한식음식점,17148,9931,15276,6,8.2,1.8,1,16.4,HL,3458,0
10001,광진구,20241,한식음식점,18396,12358,11524,5,6.1,1.4,0,16.8,HL,3775,1
10001,광진구,20242,한식음식점,16212,10011,11749,1,11.6,1.5,0,16.6,HL,3641,1
10001,광진구,20243,한식음식점,15688,9228,11967,5,5.0,1.5,3,14.5,HL,3339,1
10001,광진구,20244,한식음식점,18691,11201,14283,2,5.7,6.2,1,15.3,HL,3471,1
10001,광진구,20231,분식전문점,18789,13289,11665,7,4.7,3.3,5,14.9,HL,1691,1
10001,광진구,20232,분식전문점,18777,13185,14170,10,6.0,1.0,3,15.4,HL,2092,1
10001,광진구,20233,분식전문점,15639,10196,14106,4,3.9,2.8,3,14.1,HL,2347,0
10001,광진구,20234,분식전문점,19827,10881,12278,4,1.0,4.9,0,15.0,HL,2391,1
10001,광진구,20241,분식전문점,17068,12253,15192,7,4.6,4.0,3,15.8,HL,2140,1
10001,광진구,20242,분식전문점,16152,11683,10144,5,12.1,1.2,5,15.0,HL,2020,1
10001,광진구,20243,분식전문점,19489,12112,13800,12,5.1,6.7,9,16.2,HL,1896,1
10001,광진구,20244,분식전문점,18071,10007,12605,4,12.8,6.2,7,15.5,HL,2091,1
10001,광진구,20231,제과점,18995,12403,14752,2,5.0,4.8,0,14.6,HL,2745,1
10001,광진구,20232,제과점,15218,9023,12238,1,8.0,1.9,1,15.7,HL,2423,1
10001,광진구,20233,제과점,17770,9636,14988,7,11.5,3.5,4,14.4,HL,2455,1
10001,광진구,20234,제과점,19686,11656,17669,5,11.5,3.0,8,15.9,HL,2831,1
10001,광진구,20241,제과점,17948,8829,15707,8,5.9,7.6,9,14.5,HL,2609,0
10001,광진구,20242,제과점,18897,11237,13335,4,9.0,5.6,2,15.1,HL,2594,0
10001,광진구,20243,제과점,18520,9780,11333,7,11.9,1.0,4,15.2,HL,2665,1
10001,광진구,20244,제과점,15488,8065,12976,3,6.5,4.8,1,15.3,HL,2963,1
10001,광진구,20231,치킨전문점,15879,10053,11864,5,6.5,5.4,1,15.3,HL,2274,1
10001,광진구,20232,치킨전문점,17866,12232,11974,3,6.6,3.8,0,15.5,HL,2285,0
10001,광진구,20233,치킨전문점,19508,12579,15334,5,2.0,1.1,3,16.0,HL,2570,1
10001,광진구,20234,치킨전문점,16175,9048,11203,8,5.1,3.4,4,15.3,HL,2309,1
10001,광진구,20241,치킨전문점,15276,8785,13378,3,9.9,1.9,1,15.0,HL,2354,1
10001,광진구,20242,치킨전문점,18900,11401,12978,1,4.7,1.8,0,16.6,HL,2810,1
10001,광진구,20243,치킨전문점,16376,10415,13397,6,6.8,1.2,1,16.5,HL,2502,1
10001,광진구,20244,치킨전문점,15501,7765,12842,2,8.4,6.6,3,16.2,HL,2275,1
10001,광진구,20231,의류,16008,8142,12891,6,5.0,5.3,6,15.8,HL,1919,1
10001,광진구,20232,의류,16238,11391,13101,5,11.1,2.8,4,16.5,HL,2024,1
10001,광진구,20233,의류,15675,10524,13800,6,10.0,5.1,4,15.5,HL,1813,1
10001,광진구,20234,의류,19306,13189,11819,9,3.0,10.2,5,14.0,HL,2292,1
10001,광진구,20241,의류,20037,13886,16676,7,7.3,1.0,8,13.9,HL,2277,1
10001,광진구,20242,의류,15675,10543,13318,5,2.2,11.1,5,14.6,HL,1854,1
10001,광진구,20243,의류,17507,10492,14193,5,8.0,3.3,5,14.1,HL,2168,1
10001,광진구,20244,의류,15007,8773,9358,6,6.5,1.7,3,14.9,HL,2088,1
10002,광진구,20231,커피-음료,3986,6038,3742,7,6.7,3.7,1,8.5,HH,2354,1
10002,광진구,20232,커피-음료,4587,5893,4421,3,10.2,1.6,3,9.4,HH,2593,0
10002,광진구,20233,커피-음료,4609,5514,3319,1,7.7,1.8,0,8.7,HH,2724,1
10002,광진구,20234,커피-음료,4601,6993,4523,2,7.9,1.3,0,9.6,HH,2915,1
10002,광진구,20241,커피-음료,4780,7073,3984,5,13.7,6.0,3,8.5,HH,2597,1
10002,광진구,20242,커피-음료,4874,5757,3444,6,6.7,6.8,4,9.5,HH,2614,1
10002,광진구,20243,커피-음료,4112,5792,2896,7,3.3,2.5,3,8.4,HH,2845,1
10002,광진구,20244,커피-음료,4049,5574,3370,5,11.3,5.3,5,9.5,HH,2646,0
10002,광진구,20231,한식음식점,4133,5068,3162,4,8.9,1.0,2,9.4,HH,3630,1
10002,광진구,20232,한식음식점,3913,5943,3522,7,10.5,1.0,1,8.3,HH,3136,1
10002,광진구,20233,한식음식점,3823,5670,2919,5,10.5,1.0,4,8.4,HH,3445,1
10002,광진구,20234,한식음식점,5099,6484,4386,3,5.5,2.7,3,9.3,HH,3042,1
10002,광진구,20241,한식음식점,5097,7968,4042,3,9.1,4.2,2,8.4,HH,3002,1
10002,광진구,20242,한식음식점,4286,5747,3889,1,12.0,2.7,0,8.3,HH,3745,1
10002,광진구,20243,한식음식점,4768,7033,4256,1,13.2,3.9,1,9.3,HH,3642,1
10002,광진구,20244,한식음식점,4261,6167,3567,7,9.5,6.7,4,9.9,HH,3164,1
10002,광진구,20231,분식전문점,4012,4579,4018,7,10.7,3.2,5,8.9,HH,1654,1
10002,광진구,20232,분식전문점,3959,4623,2847,7,8.3,7.1,3,8.4,HH,1771,0
10002,광진구,20233,분식전문점,5004,6733,4515,5,9.8,10.6,1,9.0,HH,1730,1
10002,광진구,20234,분식전문점,4043,5235,4173,2,1.0,4.7,0,8.5,HH,2004,1
10002,광진구,20241,분식전문점,4451,6810,3502,3,9.2,4.8,1,10.1,HH,2100,1
10002,광진구,20242,분식전문점,4614,6065,4583,2,3.9,4.8,0,9.8,HH,2246,1
10002,광진구,20243,분식전문점,4592,5261,3725,4,3.7,2.4,1,9.0,HH,2096,1
10002,광진구,20244,분식전문점,4887,7727,4375,5,8.1,2.3,3,8.7,HH,2132,1
10002,광진구,20231,제과점,3818,5156,3440,3,6.9,6.0,2,9.4,HH,2390,1
10002,광진구,20232,제과점,3993,5525,2802,4,13.9,1.0,0,10.0,HH,2441,1
10002,광진구,20233,제과점,4045,5928,2987,2,10.7,1.0,3,8.4,HH,2140,1
10002,광진구,20234,제과점,4144,4776,3221,8,10.1,1.0,7,8.4,HH,2251,1
10002,광진구,20241,제과점,3986,4469,2780,11,5.7,5.3,5,8.9,HH,2168,1
10002,광진구,20242,제과점,4756,7698,3364,6,12.4,8.4,5,9.6,HH,2297,1
10002,광진구,20243,제과점,5060,8354,4919,3,6.8,3.0,1,8.5,HH,2841,1
10002,광진구,20244,제과점,4420,5599,4054,10,2.6,1.6,4,8.4,HH,2472,1
10002,광진구,20231,치킨전문점,3963,6401,4088,6,8.1,2.7,3,9.9,HH,2292,1
10002,광진구,20232,치킨전문점,4121,5903,3097,5,6.3,5.1,4,9.4,HH,1684,1
10002,광진구,20233,치킨전문점,4329,7079,3280,1,10.2,7.5,2,8.8,HH,2205,1
10002,광진구,20234,치킨전문점,4965,7049,4925,9,6.5,2.7,4,8.3,HH,2134,0
10002,광진구,20241,치킨전문점,3882,6408,3299,5,9.0,4.1,3,9.8,HH,2098,1
10002,광진구,20242,치킨전문점,4138,6395,4268,3,6.2,9.4,2,9.1,HH,2527,1
10002,광진구,20243,치킨전문점,4264,5828,3421,5,3.5,6.3,4,9.5,HH,2091,1
10002,광진구,20244,치킨전문점,3926,4735,2838,2,12.9,1.0,1,9.6,HH,2181,1
10002,광진구,20231,의류,3931,5719,2718,5,5.0,3.7,4,10.0,HH,2176,0
10002,광진구,20232,의류,4809,7081,4029,1,11.0,6.5,1,9.5,HH,1951,0
10002,광진구,20233,의류,3811,4975,3824,3,5.6,6.5,3,9.8,HH,2054,0
10002,광진구,20234,의류,4293,6348,4111,9,5.8,4.9,4,8.3,HH,2447,1
10002,광진구,20241,의류,4799,7980,4405,4,4.2,2.5,4,9.5,HH,1897,1
10002,광진구,20242,의류,4560,7484,4055,7,8.3,1.0,3,8.4,HH,2007,1
10002,광진구,20243,의류,4781,7838,3564,1,5.5,7.9,2,9.4,HH,2268,1
10002,광진구,20244,의류,4077,6770,4160,5,7.1,1.0,3,9.7,HH,2002,1
10003,광진구,20231,커피-음료,3535,3573,2041,5,4.5,6.6,2,18.9,LL,1871,0
10003,광진구,20232,커피-음료,4347,4309,2165,1,5.7,13.5,1,18.3,LL,2278,1
10003,광진구,20233,커피-음료,4214,3934,2256,3,7.2,5.3,1,19.1,LL,2124,0
10003,광진구,20234,커피-음료,4055,4214,2046,4,9.9,1.0,3,17.9,LL,2381,1
10003,광진구,20241,커피-음료,4134,4104,2838,7,9.4,1.0,4,19.3,LL,2224,1
10003,광진구,20242,커피-음료,3837,3053,2205,12,7.3,7.7,3,18.5,LL,2204,1
10003,광진구,20243,커피-음료,3652,2956,2150,3,9.3,5.5,1,21.3,LL,2216,0
10003,광진구,20244,커피-음료,4289,3839,2654,8,9.0,11.9,3,17.7,LL,2388,1
10003,광진구,20231,한식음식점,4598,5219,3046,5,8.0,7.3,1,20.6,LL,2982,1
10003,광진구,20232,한식음식점,3620,3155,1996,2,1.5,8.4,1,17.9,LL,2944,1
10003,광진구,20233,한식음식점,4569,4689,2337,8,11.5,8.0,5,18.9,LL,2726,0
10003,광진구,20234,한식음식점,3644,3774,2314,5,10.9,10.7,3,19.9,LL,3245,1
10003,광진구,20241,한식음식점,4558,4602,3102,5,1.2,5.3,2,18.1,LL,3412,0
10003,광진구,20242,한식음식점,4436,3644,2644,2,10.2,3.9,0,18.2,LL,3278,1
10003,광진구,20243,한식음식점,3702,3005,2214,4,8.4,11.5,3,18.8,LL,3064,1
10003,광진구,20244,한식음식점,4523,3793,2735,7,7.4,4.4,3,21.1,LL,3051,1
10003,광진구,20231,분식전문점,3861,3458,2046,2,6.1,6.7,1,18.4,LL,1480,1
10003,광진구,20232,분식전문점,3933,3644,2061,5,2.8,8.0,2,21.0,LL,1708,1
10003,광진구,20233,분식전문점,3716,3305,2492,5,7.3,5.4,2,20.4,LL,1799,0
10003,광진구,20234,분식전문점,3640,4215,2189,4,7.3,3.6,0,17.8,LL,1608,1
10003,광진구,20241,분식전문점,3791,4449,1857,5,12.0,4.3,3,19.9,LL,1650,1
10003,광진구,20242,분식전문점,3620,4159,1939,1,10.4,3.4,1,20.1,LL,1721,1
10003,광진구,20243,분식전문점,4241,3535,2232,2,8.6,11.7,1,19.6,LL,1926,0
10003,광진구,20244,분식전문점,4450,3870,2727,7,10.0,6.5,4,18.9,LL,1818,1
10003,광진구,20231,제과점,3539,3483,1973,4,9.7,2.6,3,18.5,LL,1652,1
10003,광진구,20232,제과점,3976,4614,2576,3,16.1,2.6,0,18.9,LL,2232,1
10003,광진구,20233,제과점,3552,3922,2228,6,8.5,5.9,4,18.8,LL,2199,1
10003,광진구,20234,제과점,4088,3391,2327,3,9.7,14.5,1,21.3,LL,2367,0
10003,광진구,20241,제과점,3882,4277,1930,8,7.1,10.1,5,20.0,LL,1914,0
10003,광진구,20242,제과점,3409,3532,1987,1,10.8,2.9,2,17.7,LL,2090,1
10003,광진구,20243,제과점,3882,4525,1853,7,8.5,9.7,6,18.5,LL,2508,1
10003,광진구,20244,제과점,4209,4257,2350,2,6.7,10.2,1,18.6,LL,2501,0
10003,광진구,20231,치킨전문점,3566,3798,2425,1,6.4,7.4,1,20.7,LL,1556,0
10003,광진구,20232,치킨전문점,4297,4530,2536,7,6.8,4.9,3,20.0,LL,1921,1
10003,광진구,20233,치킨전문점,4111,3498,2055,6,12.0,4.9,7,20.7,LL,1581,1
10003,광진구,20234,치킨전문점,4452,4003,2622,5,11.7,7.0,6,19.5,LL,1709,1
10003,광진구,20241,치킨전문점,4333,4727,2216,5,6.4,5.5,4,18.5,LL,1914,1
10003,광진구,20242,치킨전문점,4066,3281,2565,5,6.9,7.6,1,20.5,LL,2208,1
10003,광진구,20243,치킨전문점,3941,3122,2186,8,7.7,10.3,2,18.4,LL,2191,1
10003,광진구,20244,치킨전문점,4449,4605,2629,7,6.3,8.5,4,17.9,LL,2032,1
10003,광진구,20231,의류,3440,3084,1761,5,13.0,12.0,2,20.2,LL,1796,1
10003,광진구,20232,의류,3875,4226,2395,9,6.2,4.0,4,17.7,LL,1497,0
10003,광진구,20233,의류,3745,3625,2138,7,14.1,5.7,4,19.3,LL,1635,1
10003,광진구,20234,의류,3557,3457,1945,8,7.3,7.1,2,20.5,LL,1650,1
10003,광진구,20241,의류,4302,4388,2563,3,2.2,5.2,3,20.5,LL,1258,1
10003,광진구,20242,의류,3462,3919,1887,2,8.6,7.3,1,20.8,LL,2138,1
10003,광진구,20243,의류,4505,4892,2660,10,14.5,12.4,5,18.2,LL,2361,1
10003,광진구,20244,의류,4437,4958,2150,1,4.8,5.0,0,19.3,LL,2104,1
10004,광진구,20231,커피-음료,9632,4631,11928,5,6.7,3.5,2,18.1,HH,2452,1
10004,광진구,20232,커피-음료,9172,5826,10249,7,6.5,1.4,8,16.4,HH,2212,1
10004,광진구,20233,커피-음료,9678,6707,10881,5,4.2,5.9,3,17.6,HH,2521,1
10004,광진구,20234,커피-음료,8849,5091,11022,5,5.7,9.6,1,16.6,HH,2663,1
10004,광진구,20241,커피-음료,9412,4648,8955,5,7.3,1.0,5,15.6,HH,2496,0
10004,광진구,20242,커피-음료,8702,4967,10954,2,7.6,2.8,1,15.2,HH,2899,1
10004,광진구,20243,커피-음료,10906,5729,13976,5,10.3,11.3,3,16.9,HH,2530,1
10004,광진구,20244,커피-음료,8354,4569,9462,6,8.9,5.3,2,17.1,HH,2638,1
10004,광진구,20231,한식음식점,9049,4916,10066,1,5.9,8.9,1,15.2,HH,2905,1
10004,광진구,20232,한식음식점,8673,5577,9070,1,10.9,8.5,2,17.5,HH,2824,1
10004,광진구,20233,한식음식점,10988,6502,11849,3,14.7,8.7,2,15.3,HH,3233,1
10004,광진구,20234,한식음식점,9741,5935,11364,2,6.8,3.6,1,16.5,HH,3505,1
10004,광진구,20241,한식음식점,10638,6605,10371,7,5.9,4.4,3,17.2,HH,2857,1
10004,광진구,20242,한식음식점,10453,5820,11847,6,11.1,6.3,4,17.1,HH,3434,1
10004,광진구,20243,한식음식점,10028,5735,8891,5,2.5,3.5,2,16.3,HH,3388,1
10004,광진구,20244,한식음식점,8811,4550,7731,4,8.5,8.2,3,16.2,HH,3711,1
10004,광진구,20231,분식전문점,9697,6244,10799,7,11.9,3.4,1,15.7,HH,1849,1
10004,광진구,20232,분식전문점,8789,5539,9474,2,5.0,2.2,1,18.3,HH,1950,1
10004,광진구,20233,분식전문점,8903,5035,8924,3,7.3,4.4,1,15.6,HH,1775,1
10004,광진구,20234,분식전문점,11063,5533,12426,7,4.4,1.0,3,17.3,HH,1736,1
10004,광진구,20241,분식전문점,8316,4954,7161,4,6.6,6.3,4,16.1,HH,1734,1
10004,광진구,20242,분식전문점,8704,5395,10341,5,10.3,3.2,6,16.8,HH,1738,1
10004,광진구,20243,분식전문점,8833,5407,7945,4,10.4,3.5,3,17.2,HH,1629,1
10004,광진구,20244,분식전문점,8426,4069,10704,5,8.8,4.2,1,16.5,HH,1648,1
10004,광진구,20231,제과점,8960,6292,11209,5,5.7,1.0,1,15.7,HH,2252,1
10004,광진구,20232,제과점,10121,6789,10778,5,6.6,11.3,7,17.8,HH,2275,1
10004,광진구,20233,제과점,9035,4608,8463,2,4.1,1.0,1,18.1,HH,2045,1
10004,광진구,20234,제과점,10363,6903,13176,3,3.0,6.2,3,16.8,HH,2662,1
10004,광진구,20241,제과점,10689,6801,10236,4,5.4,3.8,0,16.1,HH,2366,1
10004,광진구,20242,제과점,11021,5797,12549,6,9.0,7.4,4,15.7,HH,2449,1
10004,광진구,20243,제과점,9531,6297,8494,10,4.4,5.4,7,17.2,HH,2313,1
10004,광진구,20244,제과점,9037,6281,9383,2,5.7,4.5,2,17.4,HH,2607,1
10004,광진구,20231,치킨전문점,10566,6434,13145,2,4.9,1.6,1,15.6,HH,2130,1
10004,광진구,20232,치킨전문점,11056,6925,10753,2,7.6,6.9,2,16.1,HH,2390,1
10004,광진구,20233,치킨전문점,10671,5094,10909,6,5.4,1.0,4,15.9,HH,1640,1
10004,광진구,20234,치킨전문점,9572,5435,8830,3,6.2,3.5,2,16.2,HH,1999,1
10004,광진구,20241,치킨전문점,11151,5552,12318,7,8.8,1.0,3,17.1,HH,2402,0
10004,광진구,20242,치킨전문점,8278,3942,7460,2,8.0,1.8,1,17.4,HH,2632,1
10004,광진구,20243,치킨전문점,10119,5547,9249,6,10.8,1.0,4,15.7,HH,2272,1
10004,광진구,20244,치킨전문점,11045,6215,13868,7,3.8,1.0,7,17.5,HH,2158,0
10004,광진구,20231,의류,9573,6019,11531,2,5.0,6.5,0,17.3,HH,1847,0
10004,광진구,20232,의류,9629,4943,10868,5,5.1,1.3,3,15.6,HH,2014,1
10004,광진구,20233,의류,10967,7335,13919,5,7.0,4.3,3,18.0,HH,2261,1
10004,광진구,20234,의류,9570,5358,10520,4,8.1,1.0,1,18.1,HH,1787,1
10004,광진구,20241,의류,10792,6378,9926,5,7.5,4.3,5,18.4,HH,1976,0
10004,광진구,20242,의류,10026,7045,11496,4,5.5,1.4,5,15.6,HH,1970,1
10004,광진구,20243,의류,10255,4891,12898,5,2.8,9.6,4,18.0,HH,2315,1
10004,광진구,20244,의류,11132,7304,11908,7,6.4,2.8,4,15.2,HH,2502,1
10005,광진구,20231,커피-음료,4041,6429,3310,5,11.4,5.5,3,24.7,HH,2031,1
10005,광진구,20232,커피-음료,4645,6459,4281,7,8.8,7.5,3,24.5,HH,2247,1
10005,광진구,20233,커피-음료,4475,6429,4109,7,11.6,1.0,5,23.0,HH,2146,1
10005,광진구,20234,커피-음료,4055,5450,3650,3,1.0,1.9,1,21.8,HH,2391,1
10005,광진구,20241,커피-음료,4559,5497,3610,4,3.9,1.0,5,23.4,HH,2023,1
10005,광진구,20242,커피-음료,5338,8461,4699,6,7.6,4.5,2,22.7,HH,2198,1
10005,광진구,20243,커피-음료,5336,6386,4375,5,6.6,5.4,1,21.8,HH,2336,1
10005,광진구,20244,커피-음료,4780,7389,3076,6,4.3,1.0,0,24.0,HH,2783,1
10005,광진구,20231,한식음식점,5209,6387,4805,3,9.4,1.0,3,22.3,HH,3106,1
10005,광진구,20232,한식음식점,4552,7425,4180,2,12.0,7.9,1,24.7,HH,3290,1
10005,광진구,20233,한식음식점,4782,5340,4227,4,9.4,7.7,3,22.8,HH,2889,1
10005,광진구,20234,한식음식점,4165,6939,3030,1,7.8,3.9,0,23.6,HH,3201,1
10005,광진구,20241,한식음식점,4150,6446,3091,5,4.6,4.9,0,21.5,HH,3393,1
10005,광진구,20242,한식음식점,4743,5406,3858,7,10.4,5.8,6,22.5,HH,2918,1
10005,광진구,20243,한식음식점,4032,5789,2913,8,11.3,3.4,6,25.0,HH,2809,1
10005,광진구,20244,한식음식점,4656,7661,2988,7,6.4,3.2,4,23.6,HH,3096,1
10005,광진구,20231,분식전문점,5159,8279,4451,6,13.2,7.9,4,22.6,HH,1645,0
10005,광진구,20232,분식전문점,4361,5881,2968,5,10.9,3.4,5,24.0,HH,1550,0
10005,광진구,20233,분식전문점,4955,8132,3192,5,6.4,6.2,3,21.6,HH,1898,1
10005,광진구,20234,분식전문점,5387,6321,3722,4,13.3,7.0,4,21.1,HH,1525,1
10005,광진구,20241,분식전문점,5138,8556,4740,7,9.5,1.0,8,22.6,HH,1811,1
10005,광진구,20242,분식전문점,4100,4934,3078,4,5.5,5.0,4,22.6,HH,1383,0
10005,광진구,20243,분식전문점,4823,6215,3854,4,5.5,1.8,3,23.4,HH,1939,1
10005,광진구,20244,분식전문점,5386,7831,3945,7,6.9,7.0,3,23.9,HH,1665,1
10005,광진구,20231,제과점,4461,6096,3128,4,2.8,5.9,2,21.8,HH,1979,1
10005,광진구,20232,제과점,5398,6691,5002,4,6.9,1.0,1,25.1,HH,2258,1
10005,광진구,20233,제과점,4784,7035,3903,3,5.7,3.6,1,22.1,HH,2347,1
10005,광진구,20234,제과점,4460,5987,3121,6,10.3,1.8,4,24.1,HH,1981,1
10005,광진구,20241,제과점,4563,6635,4329,5,9.4,7.1,6,25.2,HH,2034,1
10005,광진구,20242,제과점,4157,6374,3805,5,5.9,6.0,1,25.4,HH,2457,1
10005,광진구,20243,제과점,5329,8660,4749,2,8.2,5.3,2,22.3,HH,2188,1
10005,광진구,20244,제과점,5080,7286,3736,4,1.4,6.0,1,25.4,HH,2144,1
10005,광진구,20231,치킨전문점,4585,5524,4042,6,7.6,6.7,4,22.4,HH,1817,0
10005,광진구,20232,치킨전문점,5034,7864,3761,4,12.9,3.2,3,22.3,HH,1707,1
10005,광진구,20233,치킨전문점,4699,5361,3357,3,3.0,1.7,2,23.1,HH,1760,1
10005,광진구,20234,치킨전문점,4058,6212,3671,5,12.4,4.1,1,22.0,HH,2181,1
10005,광진구,20241,치킨전문점,5133,8506,3506,1,12.7,1.0,0,22.3,HH,1863,1
10005,광진구,20242,치킨전문점,4683,7541,3769,5,7.6,5.8,2,23.8,HH,1973,1
10005,광진구,20243,치킨전문점,4509,6598,4151,7,7.0,4.2,4,24.1,HH,2094,1
10005,광진구,20244,치킨전문점,5152,7262,4883,3,11.4,8.4,0,23.4,HH,2468,1
10005,광진구,20231,의류,5285,7431,5022,4,8.5,4.4,4,22.8,HH,1590,1
10005,광진구,20232,의류,4363,6400,3162,6,3.4,8.6,7,24.1,HH,1923,1
10005,광진구,20233,의류,4905,7088,3401,4,1.0,4.8,1,25.0,HH,1610,1
10005,광진구,20234,의류,4243,5480,3742,2,9.2,1.0,4,23.5,HH,1439,1
10005,광진구,20241,의류,5065,8395,3842,7,4.1,5.2,0,23.3,HH,1987,1
10005,광진구,20242,의류,4295,6178,3781,5,8.0,4.9,2,22.0,HH,1945,1
10005,광진구,20243,의류,4055,4904,3216,6,1.0,1.0,1,22.3,HH,2286,1
10005,광진구,20244,의류,4349,5138,4131,3,8.5,5.7,0,24.8,HH,1948,1
10006,광진구,20231,커피-음료,3610,5122,2071,7,11.8,3.2,4,15.3,HH,2339,1
10006,광진구,20232,커피-음료,3612,5401,2265,9,6.6,1.0,6,14.1,HH,1892,1
10006,광진구,20233,커피-음료,3972,4591,1928,3,9.2,3.8,4,13.6,HH,2418,1
10006,광진구,20234,커피-음료,4675,6720,3034,3,2.5,1.6,0,14.6,HH,2672,1
10006,광진구,20241,커피-음료,4183,5050,2161,2,6.2,3.4,1,12.9,HH,2695,1
10006,광진구,20242,커피-음료,3900,5617,2200,7,8.3,7.3,4,13.4,HH,2323,1
10006,광진구,20243,커피-음료,3740,4117,2400,2,12.9,2.6,1,14.7,HH,2511,1
10006,광진구,20244,커피-음료,3964,5797,2742,2,7.3,1.6,0,15.6,HH,2812,1
10006,광진구,20231,한식음식점,3917,5852,2151,5,11.8,4.9,1,14.1,HH,3138,1
10006,광진구,20232,한식음식점,4228,5924,2458,3,8.8,3.0,1,13.9,HH,3169,1
10006,광진구,20233,한식음식점,4622,6148,2731,1,8.9,2.4,1,14.9,HH,3065,0
10006,광진구,20234,한식음식점,3942,4582,2271,1,9.0,4.4,0,14.9,HH,3682,1
10006,광진구,20241,한식음식점,3759,4587,2587,9,11.6,5.9,8,13.9,HH,3157,0
10006,광진구,20242,한식음식점,3605,4381,2445,6,11.0,1.0,3,13.0,HH,3235,1
10006,광진구,20243,한식음식점,3632,5402,2137,1,5.7,5.4,0,14.8,HH,3414,1
10006,광진구,20244,한식음식점,3664,5273,2059,6,12.3,2.4,2,15.6,HH,3137,1
10006,광진구,20231,분식전문점,4299,6323,2128,4,4.5,1.0,3,14.4,HH,1687,1
10006,광진구,20232,분식전문점,3711,4551,2052,6,9.1,1.0,1,13.1,HH,1727,1
10006,광진구,20233,분식전문점,4242,6426,2474,7,6.7,1.2,6,13.5,HH,1742,1
10006,광진구,20234,분식전문점,4048,5246,2575,6,8.0,5.4,5,14.0,HH,1453,1
10006,광진구,20241,분식전문점,4100,6105,2336,2,13.0,6.6,1,14.2,HH,1811,1
10006,광진구,20242,분식전문점,4268,4721,2358,2,6.2,5.8,1,15.2,HH,1687,1
10006,광진구,20243,분식전문점,4793,5354,2901,4,7.6,9.4,2,14.7,HH,1652,1
10006,광진구,20244,분식전문점,3675,5708,1950,4,7.9,9.7,4,15.6,HH,2045,0
10006,광진구,20231,제과점,4743,5226,3096,5,3.3,2.1,6,14.8,HH,2201,1
10006,광진구,20232,제과점,3896,6040,2629,3,7.5,7.0,1,14.7,HH,2130,0
10006,광진구,20233,제과점,4252,5885,2565,4,5.8,1.0,0,14.5,HH,2088,1
10006,광진구,20234,제과점,3911,4458,1930,6,10.5,3.3,2,14.8,HH,1998,1
10006,광진구,20241,제과점,4137,5749,1994,7,8.9,2.6,5,13.3,HH,2088,1
10006,광진구,20242,제과점,4857,5741,2978,2,12.8,1.3,0,13.0,HH,2523,1
10006,광진구,20243,제과점,4628,5074,2816,7,8.4,7.3,4,15.5,HH,2643,1
10006,광진구,20244,제과점,4824,5604,3080,5,9.6,3.5,1,14.8,HH,2375,1
10006,광진구,20231,치킨전문점,3801,5643,2382,4,7.0,1.4,2,14.1,HH,1795,1
10006,광진구,20232,치킨전문점,4474,6120,3120,4,6.5,1.0,2,14.7,HH,2133,1
10006,광진구,20233,치킨전문점,4858,6444,2946,2,5.2,6.9,3,13.8,HH,2391,1
10006,광진구,20234,치킨전문점,4418,6311,2961,7,3.0,6.1,4,14.2,HH,2259,1
10006,광진구,20241,치킨전문점,3843,5498,1938,6,6.8,4.3,2,14.5,HH,2100,1
10006,광진구,20242,치킨전문점,4002,5987,2001,3,3.7,1.0,2,13.0,HH,2287,1
10006,광진구,20243,치킨전문점,4249,5170,2197,3,4.7,6.4,0,15.1,HH,1856,0
10006,광진구,20244,치킨전문점,4178,5094,2332,8,6.7,8.2,7,13.3,HH,2530,1
10006,광진구,20231,의류,3843,4209,2538,1,7.5,1.3,1,15.7,HH,1929,1
10006,광진구,20232,의류,4310,4525,3001,6,11.1,6.6,2,13.2,HH,1756,1
10006,광진구,20233,의류,4622,5222,2207,1,3.4,2.8,0,13.7,HH,2082,1
10006,광진구,20234,의류,3725,4442,2374,9,9.1,8.3,8,15.4,HH,1648,0
10006,광진구,20241,의류,4124,4371,1994,6,6.5,5.6,3,14.4,HH,1726,0
10006,광진구,20242,의류,4692,6284,3197,5,6.9,4.4,6,15.5,HH,1684,1
10006,광진구,20243,의류,3718,4191,2219,1,10.1,1.0,1,14.4,HH,1790,1
10006,광진구,20244,의류,3844,5716,1976,3,5.9,9.2,2,12.9,HH,1965,1
10007,광진구,20231,커피-음료,4784,2073,2938,3,3.6,7.9,1,13.5,HH,2269,1
10007,광진구,20232,커피-음료,4248,1822,3035,3,10.2,1.0,2,13.7,HH,2475,1
10007,광진구,20233,커피-음료,4483,1809,3277,2,8.0,1.0,2,11.9,HH,2520,1
10007,광진구,20234,커피-음료,4717,2026,3111,7,8.2,1.2,4,12.2,HH,2537,1
10007,광진구,20241,커피-음료,4854,1849,3239,5,1.0,1.0,3,12.4,HH,2296,1
10007,광진구,20242,커피-음료,5260,2756,4539,3,5.2,3.4,2,14.2,HH,2633,1
10007,광진구,20243,커피-음료,4128,1757,3318,1,6.7,1.0,1,13.6,HH,2452,1
10007,광진구,20244,커피-음료,3992,1627,2459,4,11.3,2.5,1,12.4,HH,2616,1
10007,광진구,20231,한식음식점,4561,1969,3572,5,7.4,3.8,1,13.6,HH,2893,1
10007,광진구,20232,한식음식점,4082,1672,2982,5,8.4,3.9,3,14.2,HH,3183,1
10007,광진구,20233,한식음식점,4627,2175,3353,3,6.4,8.9,2,13.2,HH,3023,1
10007,광진구,20234,한식음식점,5008,2702,3054,3,8.7,5.4,4,13.1,HH,3138,1
10007,광진구,20241,한식음식점,4875,2070,4123,4,2.5,6.2,0,12.1,HH,3361,1
10007,광진구,20242,한식음식점,4853,2611,2906,3,8.8,1.1,1,11.7,HH,3208,1
10007,광진구,20243,한식음식점,5017,2632,3941,3,6.9,4.8,2,12.7,HH,3221,1
10007,광진구,20244,한식음식점,5042,1954,3389,11,11.5,3.8,4,12.8,HH,3153,1
10007,광진구,20231,분식전문점,4615,2279,3055,9,11.6,5.4,5,13.9,HH,1432,1
10007,광진구,20232,분식전문점,4061,1792,3222,4,7.6,1.0,2,12.7,HH,1636,1
10007,광진구,20233,분식전문점,4513,2084,3766,1,6.9,2.9,0,11.8,HH,1817,0
10007,광진구,20234,분식전문점,5162,2471,3687,5,4.9,1.0,3,12.3,HH,1804,1
10007,광진구,20241,분식전문점,4572,1782,3003,8,10.1,7.0,4,12.0,HH,1683,0
10007,광진구,20242,분식전문점,4434,1652,2659,10,8.5,2.6,6,14.1,HH,1592,0
10007,광진구,20243,분식전문점,5072,2733,4112,14,8.9,2.4,9,12.8,HH,1675,1
10007,광진구,20244,분식전문점,4863,2511,3537,7,3.3,7.9,3,13.2,HH,1856,1
10007,광진구,20231,제과점,5085,1887,4099,5,7.9,4.4,3,13.1,HH,2011,1
10007,광진구,20232,제과점,5030,2723,4120,7,8.9,1.0,5,12.5,HH,2098,1
10007,광진구,20233,제과점,5376,2316,3931,3,7.2,1.1,2,14.0,HH,1998,1
10007,광진구,20234,제과점,4732,1958,2882,5,11.7,1.0,4,13.0,HH,2080,1
10007,광진구,20241,제과점,5141,2256,3062,3,5.4,1.7,2,13.0,HH,2412,1
10007,광진구,20242,제과점,5181,2758,3121,6,10.0,6.2,4,12.1,HH,2088,1
10007,광진구,20243,제과점,4560,2082,2711,1,6.9,5.3,0,12.8,HH,2292,1
10007,광진구,20244,제과점,4839,2558,3762,3,5.1,3.3,0,13.5,HH,2745,1
10007,광진구,20231,치킨전문점,4239,1853,2529,7,6.9,5.1,4,12.6,HH,1757,0
10007,광진구,20232,치킨전문점,4637,1923,2861,6,8.9,1.3,1,13.2,HH,1760,0
10007,광진구,20233,치킨전문점,5295,2344,4297,2,9.7,1.0,0,11.7,HH,2290,1
10007,광진구,20234,치킨전문점,4132,2056,2661,11,4.4,6.3,4,12.4,HH,1941,1
10007,광진구,20241,치킨전문점,4120,1681,3445,6,4.0,3.4,6,12.8,HH,1773,0
10007,광진구,20242,치킨전문점,4045,1990,3142,3,5.9,4.3,2,12.5,HH,2004,1
10007,광진구,20243,치킨전문점,4620,2302,2970,9,10.7,2.7,6,11.9,HH,1971,1
10007,광진구,20244,치킨전문점,4038,1912,3274,5,5.6,1.0,2,13.8,HH,2078,1
10007,광진구,20231,의류,5051,1994,4407,4,2.2,6.2,5,12.3,HH,1831,0
10007,광진구,20232,의류,4794,2063,4026,7,9.5,2.8,5,13.8,HH,1856,1
10007,광진구,20233,의류,4472,2295,3325,1,8.6,7.9,0,13.0,HH,1523,1
10007,광진구,20234,의류,4989,2330,3797,3,10.5,6.4,2,13.6,HH,1822,1
10007,광진구,20241,의류,4877,2284,3867,6,5.2,4.2,4,13.3,HH,2086,1
10007,광진구,20242,의류,4176,2108,3060,7,8.9,1.0,2,12.1,HH,1800,1
10007,광진구,20243,의류,4605,1974,3384,2,10.4,5.9,0,12.5,HH,1891,1
10007,광진구,20244,의류,4397,2164,2886,2,7.6,1.0,2,12.7,HH,1957,1
10008,광진구,20231,커피-음료,7390,3704,6122,7,7.4,1.0,2,26.8,HH,2156,1
10008,광진구,20232,커피-음료,7006,3403,5857,8,5.4,8.9,6,26.3,HH,2134,1
10008,광진구,20233,커피-음료,7934,3305,6318,1,11.8,1.4,3,25.3,HH,2570,1
10008,광진구,20234,커피-음료,8012,3743,6506,9,6.5,7.8,6,26.5,HH,2024,1
10008,광진구,20241,커피-음료,6702,3444,5091,7,10.0,5.0,4,23.5,HH,2309,1
10008,광진구,20242,커피-음료,6858,2774,5449,3,6.4,1.0,3,22.1,HH,2073,1
10008,광진구,20243,커피-음료,7151,3565,6365,5,9.2,4.2,5,24.4,HH,2324,1
10008,광진구,20244,커피-음료,8139,3495,7258,7,7.4,4.8,3,22.4,HH,2538,1
10008,광진구,20231,한식음식점,8659,4259,7050,5,6.6,6.6,4,23.5,HH,2730,1
10008,광진구,20232,한식음식점,7066,4126,6694,6,13.3,8.2,0,24.3,HH,3310,1
10008,광진구,20233,한식음식점,8737,3982,6517,2,7.6,4.6,1,26.6,HH,2840,1
10008,광진구,20234,한식음식점,7852,3340,6607,7,9.9,1.6,4,24.2,HH,2866,1
10008,광진구,20241,한식음식점,6680,3083,6258,2,11.5,8.2,2,24.2,HH,3022,1
10008,광진구,20242,한식음식점,7564,3646,6518,4,8.7,7.8,5,25.1,HH,2966,1
10008,광진구,20243,한식음식점,8225,4090,7844,2,8.3,3.3,2,22.0,HH,3222,1
10008,광진구,20244,한식음식점,8437,5014,7030,4,8.2,2.6,5,26.7,HH,3210,1
10008,광진구,20231,분식전문점,7493,3009,4961,3,7.3,2.1,4,24.1,HH,1727,0
10008,광진구,20232,분식전문점,7455,3304,7061,3,2.2,4.4,3,26.4,HH,1478,1
10008,광진구,20233,분식전문점,8801,4923,8517,1,5.1,4.1,0,24.6,HH,1592,1
10008,광진구,20234,분식전문점,6960,3126,6142,4,7.0,6.6,1,23.0,HH,1622,1
10008,광진구,20241,분식전문점,7353,3609,4925,4,8.0,3.1,1,23.6,HH,1811,1
10008,광진구,20242,분식전문점,8050,3402,7175,1,12.4,2.7,1,26.2,HH,1863,1
10008,광진구,20243,분식전문점,7513,4466,5940,5,5.1,9.4,8,25.7,HH,1877,1
10008,광진구,20244,분식전문점,8177,4871,5488,2,7.4,1.0,0,26.3,HH,2042,1
10008,광진구,20231,제과점,7516,4379,5280,8,5.6,3.5,7,25.5,HH,1905,0
10008,광진구,20232,제과점,7406,3822,5690,5,5.8,2.0,1,26.8,HH,2399,1
10008,광진구,20233,제과점,8107,4184,6908,5,2.9,2.6,1,25.1,HH,2132,1
10008,광진구,20234,제과점,8497,4981,5750,4,6.8,2.7,1,26.6,HH,2238,1
10008,광진구,20241,제과점,7812,3298,5291,3,6.2,1.0,1,26.2,HH,2223,1
10008,광진구,20242,제과점,7756,4261,6973,5,10.3,1.0,4,22.6,HH,2053,1
10008,광진구,20243,제과점,8061,3649,5688,3,7.1,2.3,1,22.6,HH,2319,1
10008,광진구,20244,제과점,7535,3489,5403,7,10.5,1.0,2,23.2,HH,2411,1
10008,광진구,20231,치킨전문점,7834,4012,6013,4,7.2,4.9,3,25.3,HH,1837,1
10008,광진구,20232,치킨전문점,7217,3786,6852,5,1.9,9.6,3,24.6,HH,1743,1
10008,광진구,20233,치킨전문점,8817,3765,6534,7,8.2,1.0,5,24.1,HH,2148,0
10008,광진구,20234,치킨전문점,6796,3915,4532,2,6.8,7.0,1,23.5,HH,2319,1
10008,광진구,20241,치킨전문점,7884,3350,6050,7,10.4,3.1,5,22.8,HH,2270,1
10008,광진구,20242,치킨전문점,7245,2974,6726,1,5.4,3.7,1,26.8,HH,2368,0
10008,광진구,20243,치킨전문점,7605,3671,5894,8,8.8,6.2,3,24.7,HH,2185,1
10008,광진구,20244,치킨전문점,8983,4790,7129,5,7.9,10.4,4,23.3,HH,2050,1
10008,광진구,20231,의류,8487,4913,7835,7,10.1,1.0,9,25.7,HH,1964,1
10008,광진구,20232,의류,8000,3586,6880,6,7.6,4.5,3,26.1,HH,1849,0
10008,광진구,20233,의류,8118,3782,5691,7,9.9,1.0,2,25.3,HH,1967,1
10008,광진구,20234,의류,6715,3569,6174,4,7.5,2.6,6,26.1,HH,1824,0
10008,광진구,20241,의류,8017,3253,6243,7,5.6,4.7,4,22.9,HH,1803,0
10008,광진구,20242,의류,6816,2845,5526,5,8.2,2.1,5,22.1,HH,1832,1
10008,광진구,20243,의류,6967,4182,4732,4,8.5,1.0,4,22.2,HH,2117,1
10008,광진구,20244,의류,8564,5140,6454,5,7.6,7.9,2,25.5,HH,2536,1
11000,동작구,20231,커피-음료,6483,1200,2774,3,11.5,7.1,3,7.6,LH,2278,0
11000,동작구,20232,커피-음료,8463,1419,3604,5,7.8,7.3,4,7.2,LH,2249,0
11000,동작구,20233,커피-음료,6486,1492,2914,9,10.5,1.6,8,6.9,LH,2145,1
11000,동작구,20234,커피-음료,6650,1544,2181,1,7.3,2.3,0,6.7,LH,2616,1
11000,동작구,20241,커피-음료,7064,1183,3123,5,5.4,8.9,4,6.3,LH,2250,1
11000,동작구,20242,커피-음료,8341,1397,3622,5,7.6,9.3,2,6.6,LH,2535,1
11000,동작구,20243,커피-음료,6472,1358,2294,5,6.5,1.0,3,6.6,LH,2555,1
11000,동작구,20244,커피-음료,8216,1653,3332,4,8.5,11.3,1,6.3,LH,2824,1
11000,동작구,20231,한식음식점,6826,1270,2931,4,9.2,9.2,3,6.7,LH,2965,1
11000,동작구,20232,한식음식점,8337,1454,3205,4,11.5,6.8,1,6.7,LH,3073,1
11000,동작구,20233,한식음식점,7641,1864,3463,4,8.7,8.4,3,6.5,LH,2829,0
11000,동작구,20234,한식음식점,7802,1521,2398,6,4.9,3.3,4,7.0,LH,2859,1
11000,동작구,20241,한식음식점,7538,1443,3060,8,10.5,5.1,2,7.1,LH,3286,1
11000,동작구,20242,한식음식점,6890,1446,3061,5,7.4,4.9,3,6.7,LH,3358,1
11000,동작구,20243,한식음식점,6774,1425,2875,4,8.7,9.4,1,6.3,LH,3151,0
11000,동작구,20244,한식음식점,7199,1372,3017,3,12.5,4.2,2,7.0,LH,3079,0
11000,동작구,20231,분식전문점,8029,1389,2765,5,6.3,7.8,2,6.3,LH,1821,1
11000,동작구,20232,분식전문점,7406,1322,2771,2,7.0,9.0,3,7.5,LH,1642,1
11000,동작구,20233,분식전문점,7760,1562,3524,3,8.6,12.0,3,6.9,LH,1512,0
11000,동작구,20234,분식전문점,7878,1687,2716,3,13.8,12.7,0,7.5,LH,1761,0
11000,동작구,20241,분식전문점,8019,1879,2834,4,9.1,2.4,0,7.2,LH,1676,0
11000,동작구,20242,분식전문점,7616,1781,3261,1,10.0,3.2,0,7.5,LH,1967,1
11000,동작구,20243,분식전문점,7366,1820,2598,5,7.9,8.3,2,6.6,LH,1682,1
11000,동작구,20244,분식전문점,6477,1072,2832,3,8.7,7.2,4,6.8,LH,1807,1
11000,동작구,20231,제과점,7782,1755,2524,5,5.0,4.0,3,6.7,LH,2250,1
11000,동작구,20232,제과점,7387,1321,2358,5,9.6,5.9,1,6.8,LH,2463,1
11000,동작구,20233,제과점,6836,1147,3087,7,10.4,6.7,5,6.8,LH,2071,0
11000,동작구,20234,제과점,6786,1657,2685,4,8.7,9.9,1,6.5,LH,2178,0
11000,동작구,20241,제과점,6838,1317,3023,3,5.4,6.3,2,6.8,LH,2370,1
11000,동작구,20242,제과점,8237,1761,3063,6,9.8,7.2,2,7.1,LH,2515,1
11000,동작구,20243,제과점,8356,2052,3491,4,8.8,10.7,4,6.8,LH,2447,1
11000,동작구,20244,제과점,8354,1612,2910,1,9.3,5.0,0,6.8,LH,2680,1
11000,동작구,20231,치킨전문점,7898,1611,3601,5,10.8,12.1,2,6.5,LH,1874,1
11000,동작구,20232,치킨전문점,6597,1370,3037,4,19.6,10.4,2,6.7,LH,2126,0
11000,동작구,20233,치킨전문점,6395,1081,2212,2,7.6,12.4,2,7.0,LH,1694,1
11000,동작구,20234,치킨전문점,6406,1536,2475,5,4.4,5.4,3,7.6,LH,1676,1
11000,동작구,20241,치킨전문점,6948,1576,2734,1,7.2,6.3,0,6.6,LH,2216,1
11000,동작구,20242,치킨전문점,7722,1700,3218,5,9.0,4.1,7,7.5,LH,1788,1
11000,동작구,20243,치킨전문점,6709,1363,2692,4,5.9,6.9,0,7.3,LH,2021,1
11000,동작구,20244,치킨전문점,7284,1444,3343,4,12.5,3.9,2,6.6,LH,2251,1
11000,동작구,20231,의류,6483,1362,2168,2,8.0,10.4,1,7.6,LH,1822,1
11000,동작구,20232,의류,7566,1585,3380,1,6.4,5.1,0,7.1,LH,1749,1
11000,동작구,20233,의류,8104,1805,2639,3,4.0,14.8,1,7.6,LH,2000,0
11000,동작구,20234,의류,6885,1169,3007,5,8.2,6.2,4,6.4,LH,2008,1
11000,동작구,20241,의류,8226,1487,3697,5,8.0,7.2,1,7.4,LH,1997,1
11000,동작구,20242,의류,8600,1911,3334,1,12.2,8.5,0,6.7,LH,2146,1
11000,동작구,20243,의류,7489,1327,2737,9,9.7,9.1,8,6.8,LH,1717,0
11000,동작구,20244,의류,7819,1765,3061,5,8.3,8.2,3,7.3,LH,1945,0
11001,동작구,20231,커피-음료,6114,4755,3300,10,6.8,7.3,5,12.7,LH,2349,0
11001,동작구,20232,커피-음료,6095,4441,3073,5,4.1,11.2,8,11.4,LH,1860,0
11001,동작구,20233,커피-음료,5430,4121,3592,5,13.8,8.1,0,12.6,LH,2015,0
11001,동작구,20234,커피-음료,5320,5007,3113,3,6.7,9.8,2,12.3,LH,2756,1
11001,동작구,20241,커피-음료,4960,3672,2362,5,10.7,2.0,4,12.5,LH,2167,0
11001,동작구,20242,커피-음료,5410,4374,2612,3,8.3,5.4,3,11.6,LH,2757,1
11001,동작구,20243,커피-음료,5216,3720,2452,2,5.3,6.9,0,10.5,LH,2678,1
11001,동작구,20244,커피-음료,5018,3701,2976,1,2.3,5.3,0,11.1,LH,3098,1
11001,동작구,20231,한식음식점,5961,5953,3418,1,9.3,5.8,1,11.3,LH,3120,1
11001,동작구,20232,한식음식점,5537,4943,2788,5,7.4,8.2,3,12.5,LH,3128,1
11001,동작구,20233,한식음식점,6490,6017,4241,5,12.2,10.0,3,11.9,LH,3739,1
11001,동작구,20234,한식음식점,5463,4268,2923,8,8.7,3.1,6,12.3,LH,2452,1
11001,동작구,20241,한식음식점,6365,6249,3457,4,5.6,6.6,2,10.7,LH,3540,1
11001,동작구,20242,한식음식점,5729,4291,3283,7,10.4,10.3,2,11.8,LH,3482,1
11001,동작구,20243,한식음식점,6420,5948,3465,5,5.9,8.0,2,11.0,LH,3160,1
11001,동작구,20244,한식음식점,5681,5204,2849,2,7.9,3.5,0,10.5,LH,3553,1
11001,동작구,20231,분식전문점,4975,4103,2555,4,7.4,5.7,3,10.6,LH,1670,0
11001,동작구,20232,분식전문점,5846,5524,3023,4,7.6,5.0,2,12.4,LH,1837,1
11001,동작구,20233,분식전문점,5971,5959,3886,3,5.6,6.3,6,12.7,LH,1444,0
11001,동작구,20234,분식전문점,5021,4413,2883,5,9.3,5.2,2,12.7,LH,1813,0
11001,동작구,20241,분식전문점,5595,4249,3063,5,12.6,14.6,2,11.9,LH,2147,1
11001,동작구,20242,분식전문점,5356,4816,3122,2,13.3,5.5,3,12.0,LH,1768,0
11001,동작구,20243,분식전문점,5141,4770,2797,5,1.0,14.4,2,10.7,LH,2188,0
11001,동작구,20244,분식전문점,6356,6113,3743,4,7.8,7.8,6,11.0,LH,1802,0
11001,동작구,20231,제과점,6255,4286,3624,6,3.8,8.1,6,11.9,LH,2162,0
11001,동작구,20232,제과점,5747,4046,2739,2,9.8,10.7,1,11.3,LH,2055,1
11001,동작구,20233,제과점,6311,5893,3113,3,6.5,16.9,0,10.8,LH,2268,1
11001,동작구,20234,제과점,6143,5341,3582,5,13.6,7.8,6,10.8,LH,2109,0
11001,동작구,20241,제과점,5594,4531,3555,2,13.7,7.4,0,10.8,LH,2048,1
11001,동작구,20242,제과점,5436,4543,2492,1,6.4,5.9,3,12.3,LH,2445,0
11001,동작구,20243,제과점,6098,4111,3768,6,7.8,6.4,3,12.4,LH,2548,1
11001,동작구,20244,제과점,5331,3726,3169,2,8.8,6.8,0,11.6,LH,2541,0
11001,동작구,20231,치킨전문점,5847,4074,3273,2,6.5,7.2,1,12.6,LH,1937,0
11001,동작구,20232,치킨전문점,5427,3712,2508,3,9.2,4.2,1,11.8,LH,2197,1
11001,동작구,20233,치킨전문점,5930,4810,3683,9,14.0,7.8,7,11.3,LH,2027,1
11001,동작구,20234,치킨전문점,5136,4245,3385,2,11.1,10.5,1,12.5,LH,1674,0
11001,동작구,20241,치킨전문점,6071,6057,3753,7,8.1,7.8,2,10.5,LH,2087,1
11001,동작구,20242,치킨전문점,6254,5418,3072,6,8.2,9.0,2,11.1,LH,2138,1
11001,동작구,20243,치킨전문점,5716,5549,3720,5,6.9,9.7,5,12.4,LH,1783,1
11001,동작구,20244,치킨전문점,5493,4963,3216,5,6.2,7.8,1,12.3,LH,2072,0
11001,동작구,20231,의류,5317,5347,3351,5,8.6,5.4,3,11.3,LH,1640,1
11001,동작구,20232,의류,5535,5400,3660,3,9.4,9.4,0,10.8,LH,1893,0
11001,동작구,20233,의류,4992,4163,2393,4,10.6,1.9,0,10.6,LH,1752,1
11001,동작구,20234,의류,5308,4680,2792,5,11.1,6.0,4,12.2,LH,1747,1
11001,동작구,20241,의류,6310,6002,3984,5,11.2,6.5,3,11.4,LH,2140,1
11001,동작구,20242,의류,5894,5041,2606,8,13.3,6.9,7,10.9,LH,2061,1
11001,동작구,20243,의류,5045,4297,3189,3,12.6,7.9,1,12.3,LH,1799,1
11001,동작구,20244,의류,5943,4845,2768,3,5.8,2.3,0,10.7,LH,1914,1
11002,동작구,20231,커피-음료,9435,5265,6302,5,6.1,6.4,2,22.9,LH,2380,1
11002,동작구,20232,커피-음료,8953,4648,6534,4,5.2,3.5,3,23.9,LH,2209,0
11002,동작구,20233,커피-음료,9988,4613,6966,4,10.9,5.0,1,24.7,LH,2088,1
11002,동작구,20234,커피-음료,9562,5232,5621,2,11.4,9.0,2,21.1,LH,2610,1
11002,동작구,20241,커피-음료,9246,5331,7546,4,5.6,7.6,2,23.3,LH,2228,1
11002,동작구,20242,커피-음료,8002,4241,5491,1,10.2,8.3,3,23.5,LH,2285,1
11002,동작구,20243,커피-음료,8956,5363,5661,6,3.4,14.5,2,24.6,LH,2204,0
11002,동작구,20244,커피-음료,9874,4881,6231,4,9.0,6.5,0,24.4,LH,1888,1
11002,동작구,20231,한식음식점,10318,4736,8556,4,6.1,8.2,3,23.1,LH,2987,1
11002,동작구,20232,한식음식점,8924,4938,5125,6,10.9,9.5,6,24.9,LH,2763,0
11002,동작구,20233,한식음식점,10358,4805,6685,5,5.0,3.8,5,23.9,LH,2888,1
11002,동작구,20234,한식음식점,8824,4827,5097,4,13.3,6.8,2,22.1,LH,2816,1
11002,동작구,20241,한식음식점,9421,5523,7269,6,8.3,6.4,4,23.1,LH,3125,0
11002,동작구,20242,한식음식점,8440,4208,6248,6,5.7,6.0,2,23.9,LH,2938,0
11002,동작구,20243,한식음식점,8834,4710,7359,3,4.0,3.9,3,23.2,LH,2909,1
11002,동작구,20244,한식음식점,9857,4216,8239,6,8.5,3.6,7,23.8,LH,2497,0
11002,동작구,20231,분식전문점,9895,4531,6167,2,4.6,5.7,2,24.9,LH,1614,0
11002,동작구,20232,분식전문점,9317,5601,6076,5,6.8,7.8,4,21.9,LH,1516,0
11002,동작구,20233,분식전문점,10370,6289,7748,5,13.7,5.4,5,21.4,LH,1526,0
11002,동작구,20234,분식전문점,7828,3963,4832,3,12.2,14.8,0,24.2,LH,1383,0
11002,동작구,20241,분식전문점,7826,3315,5341,7,7.0,8.7,4,24.9,LH,1687,1
11002,동작구,20242,분식전문점,8230,3463,4775,5,9.2,8.2,4,23.8,LH,1801,1
11002,동작구,20243,분식전문점,8345,3619,5854,5,9.8,11.9,2,25.4,LH,1430,1
11002,동작구,20244,분식전문점,8097,4715,5601,2,11.0,6.2,1,24.7,LH,1865,0
11002,동작구,20231,제과점,9273,4222,5781,4,11.2,8.3,1,25.0,LH,2232,0
11002,동작구,20232,제과점,10026,5442,6458,3,9.2,8.5,7,24.0,LH,1694,1
11002,동작구,20233,제과점,10206,5915,6884,10,3.8,5.2,6,20.9,LH,2045,1
11002,동작구,20234,제과점,9919,5823,7215,2,1.0,5.5,3,22.4,LH,2043,1
11002,동작구,20241,제과점,10131,4812,6974,8,8.6,7.2,8,24.9,LH,2145,0
11002,동작구,20242,제과점,10322,4714,7158,2,12.5,7.6,2,25.2,LH,2414,1
11002,동작구,20243,제과점,8813,5183,6584,2,7.3,6.1,1,22.0,LH,2445,1
11002,동작구,20244,제과점,8396,4910,5794,5,4.7,6.3,5,23.3,LH,2647,1
11002,동작구,20231,치킨전문점,9041,4583,6911,4,17.7,1.0,3,21.7,LH,1848,0
11002,동작구,20232,치킨전문점,8218,4825,6316,5,5.1,8.5,3,25.0,LH,1920,1
11002,동작구,20233,치킨전문점,8977,3745,6741,6,1.5,6.3,4,23.3,LH,2045,1
11002,동작구,20234,치킨전문점,9961,6008,6107,4,12.2,6.2,3,23.5,LH,2121,1
11002,동작구,20241,치킨전문점,9978,5181,5821,6,3.5,4.7,3,24.8,LH,1911,1
11002,동작구,20242,치킨전문점,9729,4932,7031,3,11.9,9.1,0,24.1,LH,1906,0
11002,동작구,20243,치킨전문점,8691,4401,7074,3,9.3,2.1,1,23.8,LH,2034,1
11002,동작구,20244,치킨전문점,9125,5027,6610,5,15.0,1.5,2,21.8,LH,2252,1
11002,동작구,20231,의류,9816,4242,7131,4,8.0,11.5,4,23.0,LH,1942,0
11002,동작구,20232,의류,9703,4758,6869,4,11.4,1.0,3,22.6,LH,2052,1
11002,동작구,20233,의류,8086,3392,6173,1,7.7,5.5,0,24.3,LH,1780,0
11002,동작구,20234,의류,8860,4957,5393,5,6.2,3.4,1,24.4,LH,1848,1
11002,동작구,20241,의류,10378,5632,7616,6,1.5,3.2,3,21.7,LH,2381,1
11002,동작구,20242,의류,8671,3628,4946,3,11.5,11.4,4,24.7,LH,1996,1
11002,동작구,20243,의류,8342,3995,6595,3,14.3,4.8,5,20.9,LH,1450,1
11002,동작구,20244,의류,9617,4723,7584,6,11.1,8.2,3,22.9,LH,1967,0
11003,동작구,20231,커피-음료,8005,10545,7283,4,8.8,8.0,0,14.5,LL,2247,1
11003,동작구,20232,커피-음료,7287,7628,7083,5,6.5,4.0,3,13.8,LL,2639,1
11003,동작구,20233,커피-음료,6543,7301,6193,2,8.1,6.9,1,12.9,LL,2673,1
11003,동작구,20234,커피-음료,7998,10590,6592,4,5.9,6.2,3,13.7,LL,2438,1
11003,동작구,20241,커피-음료,7587,10697,7828,1,6.2,10.7,0,12.5,LL,2537,1
11003,동작구,20242,커피-음료,8157,11254,8665,4,8.5,5.8,3,13.0,LL,2501,1
11003,동작구,20243,커피-음료,6675,8999,6034,8,3.4,9.6,7,14.6,LL,2107,1
11003,동작구,20244,커피-음료,6325,8162,4779,5,10.1,2.9,1,13.5,LL,2429,1
11003,동작구,20231,한식음식점,6325,6341,5383,5,10.0,4.0,4,13.8,LL,2869,1
11003,동작구,20232,한식음식점,6367,7006,5070,5,10.0,6.2,1,14.0,LL,3447,1
11003,동작구,20233,한식음식점,6359,6905,6461,6,7.8,9.0,5,13.2,LL,2989,1
11003,동작구,20234,한식음식점,6240,7364,5888,2,6.5,9.5,0,13.4,LL,3141,1
11003,동작구,20241,한식음식점,7649,7782,7942,5,3.3,8.0,3,14.9,LL,3200,1
11003,동작구,20242,한식음식점,7138,7779,6342,3,8.5,5.3,2,12.7,LL,3303,1
11003,동작구,20243,한식음식점,7011,8600,7272,5,6.1,9.6,2,12.8,LL,3412,0
11003,동작구,20244,한식음식점,7342,8431,6438,4,1.4,4.4,3,12.7,LL,3577,1
11003,동작구,20231,분식전문점,6835,6742,5206,7,7.6,11.9,8,14.4,LL,1341,0
11003,동작구,20232,분식전문점,7573,10127,6049,4,13.4,10.6,4,13.7,LL,1575,0
11003,동작구,20233,분식전문점,7523,10466,6525,4,3.4,7.2,2,14.0,LL,1792,1
11003,동작구,20234,분식전문점,6579,9288,5388,9,9.1,8.4,6,12.7,LL,1600,1
11003,동작구,20241,분식전문점,8166,11450,6700,5,3.7,4.0,5,13.8,LL,1445,1
11003,동작구,20242,분식전문점,7123,9433,7064,4,10.0,8.0,3,14.2,LL,1993,1
11003,동작구,20243,분식전문점,6308,7597,6713,5,5.3,6.1,0,14.5,LL,1847,0
11003,동작구,20244,분식전문점,6802,9612,6255,3,7.3,6.9,1,13.4,LL,1792,1
11003,동작구,20231,제과점,6813,8535,6662,3,2.7,7.5,2,12.5,LL,2143,0
11003,동작구,20232,제과점,6628,7115,5663,5,8.1,2.1,2,13.1,LL,1879,1
11003,동작구,20233,제과점,6335,8351,7020,5,7.2,11.6,3,13.4,LL,1958,1
11003,동작구,20234,제과점,7080,7488,7400,5,5.5,6.2,5,14.6,LL,2195,1
11003,동작구,20241,제과점,7752,10980,8672,7,5.3,6.3,4,13.8,LL,1993,1
11003,동작구,20242,제과점,6148,8753,5384,10,7.0,9.7,3,12.6,LL,2481,1
11003,동작구,20243,제과점,6826,7497,5807,6,8.4,7.1,0,13.6,LL,2227,0
11003,동작구,20244,제과점,6861,6950,5239,5,16.5,6.5,2,12.4,LL,2547,1
11003,동작구,20231,치킨전문점,7523,10188,7271,3,5.6,5.5,3,14.5,LL,1636,0
11003,동작구,20232,치킨전문점,7069,9325,7874,2,10.0,3.3,1,13.9,LL,1605,1
11003,동작구,20233,치킨전문점,7542,7766,5925,5,4.3,11.4,6,12.7,LL,1662,0
11003,동작구,20234,치킨전문점,6574,8701,5535,2,5.7,6.1,0,12.3,LL,2221,1
11003,동작구,20241,치킨전문점,8003,9324,6245,3,8.1,4.5,4,12.8,LL,1886,1
11003,동작구,20242,치킨전문점,6641,9359,5989,10,6.3,1.0,3,12.9,LL,1950,0
11003,동작구,20243,치킨전문점,6286,6605,7039,4,8.7,8.5,0,14.6,LL,2382,1
11003,동작구,20244,치킨전문점,6106,7949,6222,3,6.6,3.2,4,13.7,LL,2228,0
11003,동작구,20231,의류,7439,10110,6323,7,10.3,8.2,4,13.2,LL,1687,1
11003,동작구,20232,의류,7540,9801,5699,3,9.5,4.8,2,14.2,LL,1741,1
11003,동작구,20233,의류,7150,8295,7561,6,11.4,7.3,2,12.6,LL,1862,0
11003,동작구,20234,의류,6725,9610,6472,3,14.1,9.4,0,14.7,LL,2028,1
11003,동작구,20241,의류,6217,6863,5822,5,12.8,8.3,1,12.8,LL,2174,1
11003,동작구,20242,의류,7302,8388,7770,1,7.3,8.2,3,14.7,LL,1968,0
11003,동작구,20243,의류,6441,6641,6272,1,7.6,5.6,0,14.1,LL,1916,1
11003,동작구,20244,의류,6801,7037,6937,6,9.9,3.7,0,12.4,LL,2281,0
11004,동작구,20231,커피-음료,12765,18139,15517,1,2.6,9.0,0,13.2,HL,2850,1
11004,동작구,20232,커피-음료,14940,22807,13435,1,5.8,1.0,0,12.0,HL,2688,1
11004,동작구,20233,커피-음료,13162,16846,11334,5,7.1,3.7,3,11.7,HL,2930,1
11004,동작구,20234,커피-음료,14146,19770,13014,5,8.0,3.4,1,11.6,HL,3087,1
11004,동작구,20241,커피-음료,12805,14835,13438,4,8.3,1.0,2,12.8,HL,3047,1
11004,동작구,20242,커피-음료,15478,23839,13129,4,11.6,1.5,0,11.1,HL,3189,1
11004,동작구,20243,커피-음료,12988,17938,12286,2,3.5,9.7,0,11.4,HL,2851,1
11004,동작구,20244,커피-음료,14375,20702,12791,5,7.8,2.7,2,12.7,HL,2952,1
11004,동작구,20231,한식음식점,14123,19691,14694,4,1.0,5.6,2,12.3,HL,3400,1
11004,동작구,20232,한식음식점,12390,14571,12005,6,6.6,5.5,4,12.1,HL,3123,0
11004,동작구,20233,한식음식점,15400,18279,17178,3,7.1,3.5,5,12.7,HL,3538,1
11004,동작구,20234,한식음식점,14668,21567,13576,6,5.7,6.9,3,11.9,HL,3325,1
11004,동작구,20241,한식음식점,13673,16491,12346,6,8.6,8.0,3,11.5,HL,3143,1
11004,동작구,20242,한식음식점,14025,22770,13241,4,8.7,5.4,3,12.9,HL,3297,1
11004,동작구,20243,한식음식점,13846,15804,16412,5,7.6,11.9,1,12.5,HL,3520,1
11004,동작구,20244,한식음식점,12164,15743,10953,7,4.0,7.0,6,11.4,HL,3678,1
11004,동작구,20231,분식전문점,12409,17775,10338,6,4.6,5.0,4,13.1,HL,1761,1
11004,동작구,20232,분식전문점,14282,17203,12519,8,10.7,3.6,4,11.1,HL,1926,0
11004,동작구,20233,분식전문점,11835,15677,12515,5,9.0,2.9,3,12.2,HL,2062,0
11004,동작구,20234,분식전문점,15061,22488,18371,4,5.2,6.7,3,11.6,HL,2314,1
11004,동작구,20241,분식전문점,13664,17217,12390,5,10.2,3.7,2,11.5,HL,2109,1
11004,동작구,20242,분식전문점,14743,20339,18267,3,4.5,1.4,0,12.4,HL,2207,1
11004,동작구,20243,분식전문점,11899,19740,14685,6,7.4,7.2,7,12.3,HL,1872,1
11004,동작구,20244,분식전문점,15051,19250,17655,5,11.4,3.9,3,11.6,HL,2148,1
11004,동작구,20231,제과점,14195,21748,12917,7,10.1,3.5,4,13.1,HL,2559,1
11004,동작구,20232,제과점,15576,23850,16817,5,5.2,6.8,1,12.3,HL,2877,1
11004,동작구,20233,제과점,15023,22598,17733,7,6.7,4.9,4,10.9,HL,2648,1
11004,동작구,20234,제과점,13269,15953,11451,5,13.8,1.0,3,12.5,HL,2724,1
11004,동작구,20241,제과점,13126,17974,11336,2,10.8,3.7,2,12.4,HL,2661,1
11004,동작구,20242,제과점,14413,23993,15335,6,6.7,1.0,5,12.1,HL,2446,1
11004,동작구,20243,제과점,12268,14486,11745,5,10.5,3.1,2,11.3,HL,2429,1
11004,동작구,20244,제과점,14423,21555,14199,4,7.2,3.1,3,13.2,HL,2440,1
11004,동작구,20231,치킨전문점,13710,20670,12041,5,7.1,2.1,3,11.7,HL,2214,1
11004,동작구,20232,치킨전문점,14016,21503,13616,10,10.8,4.9,1,11.8,HL,2665,1
11004,동작구,20233,치킨전문점,12431,14862,14369,5,5.5,9.1,3,12.4,HL,2005,1
11004,동작구,20234,치킨전문점,14777,20413,12879,5,9.8,3.2,0,11.3,HL,2368,1
11004,동작구,20241,치킨전문점,15058,24995,17369,6,9.5,9.7,3,11.5,HL,2536,1
11004,동작구,20242,치킨전문점,11836,19810,13266,5,6.4,6.7,1,12.5,HL,2453,1
11004,동작구,20243,치킨전문점,12421,19650,10666,5,10.0,1.0,1,11.5,HL,2376,1
11004,동작구,20244,치킨전문점,12732,20530,11821,10,4.6,3.4,2,11.2,HL,2746,1
11004,동작구,20231,의류,12564,14278,15332,5,7.3,1.0,4,11.5,HL,2358,1
11004,동작구,20232,의류,14387,22830,15266,6,13.2,3.7,5,12.5,HL,2161,1
11004,동작구,20233,의류,14773,24300,14528,5,10.7,3.1,2,13.3,HL,2104,0
11004,동작구,20234,의류,12709,15107,14263,3,11.9,8.4,0,12.1,HL,2145,1
11004,동작구,20241,의류,15493,19350,14780,3,10.4,1.9,1,13.1,HL,2374,1
11004,동작구,20242,의류,14953,21763,17762,6,8.7,2.2,2,12.0,HL,2489,1
11004,동작구,20243,의류,12024,17980,11711,8,7.7,3.3,6,13.1,HL,2173,1
11004,동작구,20244,의류,15209,25432,16620,5,8.6,4.4,5,12.5,HL,2002,1
11005,동작구,20231,커피-음료,8351,11281,3434,6,5.8,8.3,3,8.9,LL,2697,1
11005,동작구,20232,커피-음료,8271,12585,3988,7,6.8,5.6,4,9.5,LL,2283,1
11005,동작구,20233,커피-음료,8652,10052,4144,2,3.1,10.5,0,9.1,LL,2823,1
11005,동작구,20234,커피-음료,6537,7109,2311,6,3.7,6.8,9,9.3,LL,2980,1
11005,동작구,20241,커피-음료,8027,8497,3648,12,11.1,2.0,8,8.7,LL,2030,1
11005,동작구,20242,커피-음료,6562,10244,3285,9,5.1,5.7,8,8.1,LL,2587,1
11005,동작구,20243,커피-음료,6884,8365,2702,5,12.6,8.6,2,9.1,LL,2666,1
11005,동작구,20244,커피-음료,8127,10675,3529,10,4.3,7.3,4,9.4,LL,2489,0
11005,동작구,20231,한식음식점,8060,12380,3427,8,5.5,6.6,2,9.0,LL,3651,1
11005,동작구,20232,한식음식점,8287,11870,3925,3,6.9,9.7,3,9.0,LL,2952,1
11005,동작구,20233,한식음식점,7043,8189,2475,5,3.7,6.6,3,9.2,LL,3133,0
11005,동작구,20234,한식음식점,7305,8878,2688,2,11.1,6.2,4,9.5,LL,3379,1
11005,동작구,20241,한식음식점,6615,9556,2458,8,13.1,3.3,0,8.9,LL,3446,1
11005,동작구,20242,한식음식점,6665,9611,2416,7,6.8,10.0,5,8.9,LL,3588,1
11005,동작구,20243,한식음식점,8412,11081,3354,11,9.2,8.5,5,8.7,LL,3447,0
11005,동작구,20244,한식음식점,8234,8949,3324,4,8.8,8.2,0,9.8,LL,3727,1
11005,동작구,20231,분식전문점,7239,8787,3539,2,7.9,8.2,0,8.4,LL,1820,1
11005,동작구,20232,분식전문점,7284,11080,2905,4,11.7,12.2,1,9.2,LL,1800,0
11005,동작구,20233,분식전문점,7963,8723,2976,5,7.5,3.0,4,9.7,LL,1830,1
11005,동작구,20234,분식전문점,8183,12360,3517,4,10.9,11.2,1,9.6,LL,1950,0
11005,동작구,20241,분식전문점,8249,10084,3033,5,11.6,6.2,3,8.5,LL,1700,1
11005,동작구,20242,분식전문점,7655,10362,2615,5,9.8,6.9,0,9.8,LL,2039,0
11005,동작구,20243,분식전문점,6787,10082,3298,5,9.7,9.3,6,8.9,LL,1680,1
11005,동작구,20244,분식전문점,7012,7444,3465,5,4.7,10.9,0,9.8,LL,1695,1
11005,동작구,20231,제과점,7520,11553,3132,5,9.8,3.5,1,8.6,LL,2019,1
11005,동작구,20232,제과점,8250,12787,3986,3,9.6,8.3,6,8.2,LL,2052,1
11005,동작구,20233,제과점,8283,10831,3768,4,6.2,11.1,2,9.4,LL,2550,1
11005,동작구,20234,제과점,8071,11353,4034,11,11.4,9.0,1,9.7,LL,2344,1
11005,동작구,20241,제과점,7464,9342,2934,5,15.4,8.1,1,8.8,LL,2373,0
11005,동작구,20242,제과점,7386,11031,2858,8,9.4,5.9,9,8.2,LL,2089,1
11005,동작구,20243,제과점,7157,11308,2960,2,12.4,4.4,1,9.2,LL,2562,0
11005,동작구,20244,제과점,8369,11740,2862,11,3.1,7.8,4,9.6,LL,2463,1
11005,동작구,20231,치킨전문점,7756,12004,3688,4,11.1,5.9,1,9.2,LL,2396,1
11005,동작구,20232,치킨전문점,8054,12132,2756,6,3.5,13.2,2,9.8,LL,1922,0
11005,동작구,20233,치킨전문점,8367,12334,3295,7,1.0,3.5,5,9.2,LL,2021,0
11005,동작구,20234,치킨전문점,7581,11834,2823,2,6.9,11.2,0,8.1,LL,2293,1
11005,동작구,20241,치킨전문점,8373,10514,3409,5,10.0,8.9,3,8.6,LL,1858,0
11005,동작구,20242,치킨전문점,8423,11353,3950,4,5.9,3.2,4,9.8,LL,2253,1
11005,동작구,20243,치킨전문점,8735,13736,3672,6,6.0,4.4,5,9.0,LL,2437,1
11005,동작구,20244,치킨전문점,7761,10720,2969,5,5.3,8.0,4,8.8,LL,2278,0
11005,동작구,20231,의류,8479,10108,3480,5,3.5,10.5,3,9.3,LL,1841,0
11005,동작구,20232,의류,7722,11964,2808,1,3.3,7.1,2,8.2,LL,2228,0
11005,동작구,20233,의류,7115,8256,3118,5,8.6,5.4,4,9.6,LL,2013,0
11005,동작구,20234,의류,8701,10088,4388,4,11.2,3.9,3,8.6,LL,2201,1
11005,동작구,20241,의류,7890,11656,3392,8,4.4,2.8,6,9.5,LL,1864,0
11005,동작구,20242,의류,6847,10356,3462,8,9.8,4.0,6,9.0,LL,2111,0
11005,동작구,20243,의류,7384,9583,3442,3,8.5,6.6,3,9.4,LL,2147,1
11005,동작구,20244,의류,7195,9938,2651,5,8.8,11.3,1,9.5,LL,2245,1
11006,동작구,20231,커피-음료,13012,7311,7674,4,9.8,7.4,2,13.3,HH,2495,0
11006,동작구,20232,커피-음료,15879,8084,9557,7,2.9,1.7,4,13.2,HH,2854,1
11006,동작구,20233,커피-음료,16135,6935,7031,3,12.8,2.2,3,11.7,HH,2409,1
11006,동작구,20234,커피-음료,15520,9338,9351,4,11.0,5.9,2,12.0,HH,2930,0
11006,동작구,20241,커피-음료,13755,6348,8131,8,7.9,4.5,2,11.9,HH,2994,1
11006,동작구,20242,커피-음료,13873,8093,8489,5,9.3,8.4,3,12.4,HH,2895,1
11006,동작구,20243,커피-음료,14210,7259,7004,6,7.2,3.2,6,11.7,HH,2861,1
11006,동작구,20244,커피-음료,13495,6811,7998,5,5.5,6.9,3,12.9,HH,2872,1
11006,동작구,20231,한식음식점,14248,6860,7240,5,10.6,1.0,4,13.7,HH,2970,1
11006,동작구,20232,한식음식점,14573,8536,7518,5,4.6,7.7,3,11.8,HH,3453,1
11006,동작구,20233,한식음식점,13118,7808,7707,3,5.2,5.0,2,12.0,HH,3048,1
11006,동작구,20234,한식음식점,13972,7398,6813,4,9.3,6.1,2,13.3,HH,3269,1
11006,동작구,20241,한식음식점,14875,8049,7952,5,12.5,3.7,3,11.7,HH,3597,1
11006,동작구,20242,한식음식점,15910,9320,7420,4,6.6,8.0,2,11.6,HH,3445,1
11006,동작구,20243,한식음식점,13539,7391,8053,8,9.4,3.2,1,12.2,HH,3624,1
11006,동작구,20244,한식음식점,13977,8233,7495,9,11.7,4.2,8,13.4,HH,3133,1
11006,동작구,20231,분식전문점,12912,5778,5908,4,8.5,6.2,1,11.7,HH,1994,1
11006,동작구,20232,분식전문점,14571,7001,7332,4,3.7,3.1,2,13.3,HH,1988,1
11006,동작구,20233,분식전문점,13408,6710,7333,1,6.3,1.4,1,13.3,HH,1882,1
11006,동작구,20234,분식전문점,15743,9663,9864,5,7.7,1.1,3,12.8,HH,2040,1
11006,동작구,20241,분식전문점,15232,7777,7985,8,10.4,6.2,7,12.7,HH,1660,1
11006,동작구,20242,분식전문점,14732,8238,7140,5,5.6,5.9,3,12.3,HH,1598,1
11006,동작구,20243,분식전문점,14951,7026,7884,3,4.8,4.8,2,12.1,HH,2319,1
11006,동작구,20244,분식전문점,12220,6113,7479,5,10.0,1.3,4,13.3,HH,1923,1
11006,동작구,20231,제과점,15934,10183,9020,2,4.9,7.2,4,14.0,HH,2312,1
11006,동작구,20232,제과점,15330,8360,9695,5,10.0,6.3,1,13.5,HH,2509,1
11006,동작구,20233,제과점,13207,8229,5606,4,8.8,4.3,2,13.7,HH,2443,1
11006,동작구,20234,제과점,13917,8399,8677,3,6.3,1.4,1,12.7,HH,2235,1
11006,동작구,20241,제과점,15914,8903,7233,2,9.0,4.1,0,13.5,HH,3013,1
11006,동작구,20242,제과점,15978,7865,8269,1,10.5,5.3,4,12.5,HH,2481,0
11006,동작구,20243,제과점,15001,8897,8868,5,11.4,7.6,3,13.5,HH,2646,1
11006,동작구,20244,제과점,12377,7552,5929,3,8.7,2.2,2,12.7,HH,2472,1
11006,동작구,20231,치킨전문점,14085,6243,6466,3,11.4,5.2,1,12.4,HH,1859,1
11006,동작구,20232,치킨전문점,12173,7394,7454,10,9.7,4.3,4,11.7,HH,1796,1
11006,동작구,20233,치킨전문점,15660,9788,8554,1,10.3,3.8,1,12.1,HH,2057,0
11006,동작구,20234,치킨전문점,13995,6230,7326,2,8.8,6.2,3,12.2,HH,2278,1
11006,동작구,20241,치킨전문점,12088,5255,6390,3,6.6,4.8,0,13.3,HH,2414,1
11006,동작구,20242,치킨전문점,12937,6046,7173,4,11.8,6.0,3,12.1,HH,2056,1
11006,동작구,20243,치킨전문점,12514,7374,6096,1,6.5,1.0,0,12.0,HH,2025,1
11006,동작구,20244,치킨전문점,14699,8167,7594,8,5.4,8.1,4,12.0,HH,2534,1
11006,동작구,20231,의류,12566,6333,6626,4,11.7,3.9,5,12.8,HH,1768,1
11006,동작구,20232,의류,12519,5397,7221,4,3.3,4.6,6,12.8,HH,1895,1
11006,동작구,20233,의류,12282,5822,7260,5,3.8,6.2,4,13.7,HH,1846,1
11006,동작구,20234,의류,13931,8062,6672,8,7.9,4.8,2,12.4,HH,2100,1
11006,동작구,20241,의류,11991,5281,5932,4,12.9,3.0,3,13.3,HH,1990,1
11006,동작구,20242,의류,15112,8506,8535,5,12.0,9.5,2,12.9,HH,2226,1
11006,동작구,20243,의류,14437,9049,6717,7,3.8,6.4,6,12.3,HH,1927,1
11006,동작구,20244,의류,14617,8474,8488,4,10.2,4.7,2,13.5,HH,2166,1
11007,동작구,20231,커피-음료,5245,2631,4075,4,11.7,6.2,4,7.8,LH,2110,1
11007,동작구,20232,커피-음료,6038,4372,3341,3,7.6,7.0,1,9.0,LH,2386,1
11007,동작구,20233,커피-음료,5244,3294,3464,10,8.4,9.9,1,8.4,LH,2711,1
11007,동작구,20234,커피-음료,5434,2741,4161,1,8.4,5.7,1,9.0,LH,2501,1
11007,동작구,20241,커피-음료,6232,3153,3659,2,8.6,3.3,2,8.4,LH,1860,1
11007,동작구,20242,커피-음료,5598,2864,4126,5,6.5,14.5,2,8.4,LH,2331,1
11007,동작구,20243,커피-음료,6373,3824,4777,3,10.2,3.4,2,8.4,LH,2555,1
11007,동작구,20244,커피-음료,4988,3364,3245,3,5.7,4.9,1,9.1,LH,2412,0
11007,동작구,20231,한식음식점,6367,3616,4654,3,5.2,1.0,3,8.4,LH,3137,1
11007,동작구,20232,한식음식점,4842,2380,3729,9,10.1,8.9,4,8.0,LH,2882,0
11007,동작구,20233,한식음식점,5582,2997,2999,7,3.5,6.5,4,8.2,LH,3174,1
11007,동작구,20234,한식음식점,5050,3599,3107,5,7.7,12.8,8,7.9,LH,2806,0
11007,동작구,20241,한식음식점,6119,4314,3824,3,13.2,10.8,2,8.6,LH,3200,1
11007,동작구,20242,한식음식점,4976,3350,2873,5,6.7,6.7,3,7.6,LH,3438,1
11007,동작구,20243,한식음식점,5893,3963,4237,4,8.9,6.1,2,7.6,LH,3384,1
11007,동작구,20244,한식음식점,5662,3692,3295,6,7.8,11.2,3,8.2,LH,3613,1
11007,동작구,20231,분식전문점,5773,3132,3740,6,9.8,8.2,3,8.6,LH,1829,0
11007,동작구,20232,분식전문점,5247,2875,3531,10,7.7,1.0,6,9.1,LH,1474,0
11007,동작구,20233,분식전문점,4780,3013,3145,1,10.2,2.1,2,8.8,LH,1542,1
11007,동작구,20234,분식전문점,5460,3573,3411,7,2.9,8.2,5,7.7,LH,1390,0
11007,동작구,20241,분식전문점,5179,2961,3436,4,5.4,2.8,4,7.9,LH,1712,1
11007,동작구,20242,분식전문점,5402,2946,3537,6,11.9,6.3,3,8.9,LH,1567,1
11007,동작구,20243,분식전문점,5169,2711,3871,2,12.4,6.2,0,8.9,LH,1610,1
11007,동작구,20244,분식전문점,5605,3582,4246,5,4.1,6.2,6,8.7,LH,2048,1
11007,동작구,20231,제과점,5289,3538,3339,3,9.3,7.9,2,9.0,LH,2198,1
11007,동작구,20232,제과점,5707,3407,3861,7,7.5,2.7,3,8.0,LH,2096,1
11007,동작구,20233,제과점,4874,2663,3420,5,10.3,8.4,3,7.7,LH,2129,1
11007,동작구,20234,제과점,5403,3462,4053,8,10.5,8.9,10,8.3,LH,1987,1
11007,동작구,20241,제과점,5505,2827,3837,6,11.5,2.2,0,8.8,LH,2353,1
11007,동작구,20242,제과점,5889,4156,3873,10,6.1,6.5,8,8.7,LH,1971,0
11007,동작구,20243,제과점,4926,2912,3467,3,7.2,5.8,0,9.0,LH,2398,1
11007,동작구,20244,제과점,4787,3385,2862,5,5.8,3.8,4,8.6,LH,2484,1
11007,동작구,20231,치킨전문점,5060,2973,3284,3,10.2,2.2,2,8.7,LH,2057,1
11007,동작구,20232,치킨전문점,5545,3897,3582,9,7.6,1.2,4,8.3,LH,2010,0
11007,동작구,20233,치킨전문점,5800,3103,4108,4,11.5,7.3,2,8.1,LH,1962,1
11007,동작구,20234,치킨전문점,4791,3195,3017,3,3.2,5.2,3,9.0,LH,2393,0
11007,동작구,20241,치킨전문점,4854,2791,3706,7,9.4,7.4,6,7.9,LH,1882,0
11007,동작구,20242,치킨전문점,5540,3517,3800,4,10.1,6.9,3,9.0,LH,2021,1
11007,동작구,20243,치킨전문점,5381,2936,2878,4,4.5,5.1,4,9.1,LH,1996,1
11007,동작구,20244,치킨전문점,5402,3582,4227,6,6.2,7.9,4,8.0,LH,1715,1
11007,동작구,20231,의류,6128,4302,3531,1,8.9,9.4,1,7.9,LH,1913,1
11007,동작구,20232,의류,6061,3143,3845,2,13.4,9.5,3,7.9,LH,1759,1
11007,동작구,20233,의류,6417,3213,3664,6,9.6,1.6,2,9.1,LH,2112,1
11007,동작구,20234,의류,4792,3123,3262,3,3.0,8.3,4,8.7,LH,1832,0
11007,동작구,20241,의류,5798,3750,3861,10,8.4,4.3,4,8.8,LH,1912,0
11007,동작구,20242,의류,5281,3297,4079,4,7.4,3.6,3,8.0,LH,2084,0
11007,동작구,20243,의류,6110,3549,4282,5,6.4,4.7,2,8.3,LH,2081,1
11007,동작구,20244,의류,6332,4554,4939,3,13.2,6.5,3,8.7,LH,2308,1
11008,동작구,20231,커피-음료,10051,10273,11977,7,8.6,2.2,5,24.7,HH,2028,1
11008,동작구,20232,커피-음료,10366,12070,11928,7,4.3,5.1,5,22.6,HH,2375,1
11008,동작구,20233,커피-음료,8420,8792,7779,6,5.8,5.3,1,23.3,HH,2324,1
11008,동작구,20234,커피-음료,10077,9085,11094,5,6.5,1.6,3,24.0,HH,2723,1
11008,동작구,20241,커피-음료,8612,8281,10758,7,5.6,10.4,5,23.3,HH,2408,1
11008,동작구,20242,커피-음료,9776,8738,8805,6,8.1,7.7,3,24.6,HH,2164,1
11008,동작구,20243,커피-음료,8699,7927,10369,1,4.8,5.8,0,24.9,HH,2411,1
11008,동작구,20244,커피-음료,10198,12196,9827,3,6.1,1.0,0,22.7,HH,2908,1
11008,동작구,20231,한식음식점,9873,12336,9280,7,8.6,2.6,4,22.4,HH,3228,1
11008,동작구,20232,한식음식점,10381,11935,11824,7,8.3,1.0,4,24.3,HH,3348,1
11008,동작구,20233,한식음식점,9250,8438,11442,5,5.4,1.0,2,22.2,HH,2930,1
11008,동작구,20234,한식음식점,8284,7676,7821,4,9.9,3.2,3,24.6,HH,3382,1
11008,동작구,20241,한식음식점,8996,11151,8686,5,10.6,4.1,2,24.8,HH,2989,1
11008,동작구,20242,한식음식점,10095,8649,10630,7,8.0,1.0,6,24.1,HH,2963,1
11008,동작구,20243,한식음식점,9450,9529,10872,3,1.0,1.0,0,22.3,HH,3262,1
11008,동작구,20244,한식음식점,7946,9578,7913,8,7.4,1.0,8,21.6,HH,2808,1
11008,동작구,20231,분식전문점,8819,10220,10255,6,5.7,3.5,4,24.2,HH,1302,0
11008,동작구,20232,분식전문점,9238,10940,11391,10,3.5,2.1,6,20.9,HH,1717,1
11008,동작구,20233,분식전문점,9947,10842,9012,8,8.6,3.8,7,21.9,HH,1685,1
11008,동작구,20234,분식전문점,8080,8754,7791,3,2.7,6.5,2,23.8,HH,1816,0
11008,동작구,20241,분식전문점,8193,8685,9535,5,7.5,8.7,4,21.0,HH,1620,1
11008,동작구,20242,분식전문점,9955,11495,9863,5,4.9,1.2,4,21.0,HH,1563,1
11008,동작구,20243,분식전문점,8977,10664,11132,3,9.1,3.2,0,22.0,HH,1766,1
11008,동작구,20244,분식전문점,10520,9981,12073,1,7.5,5.1,1,24.7,HH,1773,1
11008,동작구,20231,제과점,10161,9850,9114,5,7.1,7.1,3,23.5,HH,2140,1
11008,동작구,20232,제과점,7797,8871,7884,8,15.8,6.5,3,20.7,HH,2226,1
11008,동작구,20233,제과점,9036,10150,9064,3,9.1,1.2,1,24.0,HH,2029,0
11008,동작구,20234,제과점,8637,9627,9120,5,8.6,4.2,3,21.5,HH,2290,1
11008,동작구,20241,제과점,8296,7472,9546,5,12.1,3.2,3,22.4,HH,2382,1
11008,동작구,20242,제과점,8454,7297,9257,5,11.6,2.0,3,21.1,HH,2303,1
11008,동작구,20243,제과점,10250,11755,12634,6,10.6,1.4,1,21.8,HH,2536,1
11008,동작구,20244,제과점,8160,9134,9004,3,15.0,7.5,5,23.5,HH,2167,1
11008,동작구,20231,치킨전문점,10132,8935,11935,5,1.0,2.9,1,21.5,HH,2108,1
11008,동작구,20232,치킨전문점,9637,9080,9338,5,12.0,10.6,3,24.1,HH,1831,1
11008,동작구,20233,치킨전문점,8908,9235,8659,3,3.8,7.2,1,24.2,HH,2315,1
11008,동작구,20234,치킨전문점,9257,8234,11218,3,7.9,6.3,1,23.6,HH,2182,1
11008,동작구,20241,치킨전문점,8262,7574,8105,4,7.4,6.9,0,23.0,HH,2029,0
11008,동작구,20242,치킨전문점,7993,8246,9845,10,14.0,1.2,2,24.3,HH,2279,1
11008,동작구,20243,치킨전문점,9462,9784,9585,1,12.4,3.2,0,22.3,HH,1798,1
11008,동작구,20244,치킨전문점,8882,10254,9106,4,7.8,5.9,5,23.0,HH,1763,1
11008,동작구,20231,의류,10389,10903,11865,3,13.4,2.0,0,22.6,HH,2012,1
11008,동작구,20232,의류,10319,10559,11697,5,3.1,10.1,1,21.6,HH,1977,1
11008,동작구,20233,의류,9724,9038,10928,6,2.1,1.0,7,24.8,HH,1713,1
11008,동작구,20234,의류,9970,9663,11553,4,6.5,5.5,2,23.0,HH,1765,1
11008,동작구,20241,의류,8737,10635,8184,5,5.5,5.4,1,22.8,HH,2227,1
11008,동작구,20242,의류,9577,8315,9008,6,7.3,2.1,5,23.8,HH,1568,0
11008,동작구,20243,의류,8359,9969,8119,9,12.0,5.2,3,22.2,HH,2145,1
11008,동작구,20244,의류,8068,8000,8864,4,6.3,7.9,0,21.8,HH,2278,1
12000,은평구,20231,커피-음료,8405,3471,8137,3,8.0,4.9,1,12.8,LL,2262,1
12000,은평구,20232,커피-음료,6886,3236,6559,9,8.3,11.0,2,12.8,LL,2405,1
12000,은평구,20233,커피-음료,8388,3957,7949,4,11.8,1.9,2,12.9,LL,2526,1
12000,은평구,20234,커피-음료,7134,3254,5079,1,14.7,7.6,0,12.1,LL,2078,1
12000,은평구,20241,커피-음료,7160,2901,6708,4,10.4,5.4,0,13.4,LL,2631,1
12000,은평구,20242,커피-음료,8475,3274,7602,7,6.8,8.0,8,13.5,LL,2225,0
12000,은평구,20243,커피-음료,8143,4048,8014,2,6.4,1.7,1,14.0,LL,2270,1
12000,은평구,20244,커피-음료,6296,2597,4293,3,12.2,3.8,4,13.6,LL,2534,1
12000,은평구,20231,한식음식점,6559,2354,4803,2,12.5,7.3,0,12.1,LL,2825,1
12000,은평구,20232,한식음식점,7172,2916,6596,10,12.5,5.1,5,13.7,LL,2856,1
12000,은평구,20233,한식음식점,6394,2289,5236,4,5.6,10.7,3,13.1,LL,2819,0
12000,은평구,20234,한식음식점,8171,3158,5801,4,6.2,7.0,4,12.3,LL,2458,0
12000,은평구,20241,한식음식점,7222,2914,5739,5,13.2,3.1,3,13.6,LL,2647,1
12000,은평구,20242,한식음식점,6451,2587,5344,5,7.4,4.7,1,13.8,LL,2984,1
12000,은평구,20243,한식음식점,6966,2944,5861,5,9.1,5.2,3,13.4,LL,3317,0
12000,은평구,20244,한식음식점,7145,3325,6027,3,4.8,1.0,2,14.4,LL,3260,1
12000,은평구,20231,분식전문점,7378,3793,6985,3,6.8,6.8,2,13.7,LL,1453,0
12000,은평구,20232,분식전문점,8002,4035,5681,2,7.9,5.9,0,14.1,LL,1781,0
12000,은평구,20233,분식전문점,7662,2900,6553,2,7.1,4.3,1,13.3,LL,1638,0
12000,은평구,20234,분식전문점,8476,3723,8280,4,16.2,12.4,5,12.7,LL,1739,1
12000,은평구,20241,분식전문점,6680,2407,6290,7,6.4,5.0,4,12.6,LL,1560,0
12000,은평구,20242,분식전문점,7249,2693,7048,1,10.0,7.4,0,13.4,LL,2012,1
12000,은평구,20243,분식전문점,6825,2410,5168,6,12.6,7.4,2,13.2,LL,1434,0
12000,은평구,20244,분식전문점,6307,2560,5538,4,5.0,8.4,4,14.1,LL,1978,1
12000,은평구,20231,제과점,6274,2214,5199,3,4.7,5.0,0,12.5,LL,1757,1
12000,은평구,20232,제과점,6874,2974,5209,3,7.5,6.5,2,12.9,LL,1920,0
12000,은평구,20233,제과점,7221,3225,6786,4,8.8,4.4,3,12.4,LL,1958,1
12000,은평구,20234,제과점,7257,3143,5209,4,11.3,3.8,2,13.9,LL,2051,0
12000,은평구,20241,제과점,6801,2601,5065,3,6.7,7.0,1,13.5,LL,2503,0
12000,은평구,20242,제과점,7020,2682,5487,8,7.6,2.7,5,14.3,LL,2220,0
12000,은평구,20243,제과점,6848,2722,4679,4,10.1,8.8,2,12.5,LL,2343,0
12000,은평구,20244,제과점,8328,4227,6254,4,7.8,7.6,3,12.7,LL,2409,0
12000,은평구,20231,치킨전문점,7596,3666,6680,4,6.3,7.4,4,14.0,LL,1685,1
12000,은평구,20232,치킨전문점,8427,4099,7967,3,6.9,8.8,2,14.2,LL,2162,1
12000,은평구,20233,치킨전문점,6979,2596,4788,4,3.5,11.4,2,12.6,LL,1881,1
12000,은평구,20234,치킨전문점,6734,2773,5084,4,7.1,7.0,1,12.9,LL,2229,1
12000,은평구,20241,치킨전문점,7108,3242,5967,12,5.7,11.3,9,13.6,LL,1780,0
12000,은평구,20242,치킨전문점,8343,4171,6515,6,3.2,4.0,2,13.6,LL,1811,1
12000,은평구,20243,치킨전문점,7777,3379,7398,2,7.8,4.1,1,12.6,LL,2094,1
12000,은평구,20244,치킨전문점,8246,3029,5936,4,6.4,7.7,5,12.4,LL,2336,0
12000,은평구,20231,의류,8224,3951,7639,3,7.7,11.1,1,11.9,LL,1709,0
12000,은평구,20232,의류,6958,3562,5079,5,8.4,2.4,5,13.7,LL,1628,1
12000,은평구,20233,의류,6855,3174,6608,4,3.7,5.6,1,12.6,LL,1854,1
12000,은평구,20234,의류,8260,3846,8053,4,8.9,3.6,1,14.4,LL,1835,1
12000,은평구,20241,의류,7369,3435,6534,7,6.4,7.7,5,12.9,LL,2083,0
12000,은평구,20242,의류,7050,3025,5421,5,12.3,5.4,0,14.3,LL,1882,1
12000,은평구,20243,의류,6629,2421,6453,3,11.7,5.1,1,12.5,LL,1899,1
12000,은평구,20244,의류,8285,3025,5819,4,6.7,7.9,4,13.5,LL,1548,0
12001,은평구,20231,커피-음료,17212,5645,6303,7,9.0,9.5,8,15.1,LL,2163,1
12001,은평구,20232,커피-음료,15793,5123,6174,4,7.8,6.2,1,16.5,LL,2277,0
12001,은평구,20233,커피-음료,16018,5359,6945,6,6.9,5.9,3,15.5,LL,2619,1
12001,은평구,20234,커피-음료,15101,5043,6052,5,12.1,5.4,5,14.5,LL,2030,1
12001,은평구,20241,커피-음료,15732,5257,6685,3,11.4,6.2,1,17.1,LL,2788,1
12001,은평구,20242,커피-음료,16950,7325,8632,5,2.3,2.9,3,17.1,LL,2443,1
12001,은평구,20243,커피-음료,14568,4599,7001,3,11.9,7.7,2,16.2,LL,2968,0
12001,은평구,20244,커피-음료,14670,6146,6232,6,9.4,1.0,2,14.5,LL,2829,1
12001,은평구,20231,한식음식점,15174,6327,7748,4,4.9,12.3,1,14.4,LL,2912,0
12001,은평구,20232,한식음식점,13666,6346,5447,7,9.7,5.8,4,15.0,LL,2582,1
12001,은평구,20233,한식음식점,15766,5314,6642,2,11.7,3.2,1,16.5,LL,3205,1
12001,은평구,20234,한식음식점,16430,6399,7048,2,5.9,8.2,1,14.2,LL,3297,0
12001,은평구,20241,한식음식점,14964,6874,7543,3,5.6,8.4,0,15.2,LL,2914,1
12001,은평구,20242,한식음식점,17357,6624,8255,5,6.0,1.0,1,17.0,LL,3297,1
12001,은평구,20243,한식음식점,18115,8213,6518,3,11.0,5.6,3,15.9,LL,3231,0
12001,은평구,20244,한식음식점,14290,6200,5716,4,3.0,9.7,0,15.6,LL,3539,1
12001,은평구,20231,분식전문점,14219,6409,5479,3,3.0,9.0,1,14.9,LL,1968,0
12001,은평구,20232,분식전문점,14489,4812,6305,7,6.6,5.4,8,15.0,LL,1967,0
12001,은평구,20233,분식전문점,16582,7262,6983,2,6.9,6.8,2,15.9,LL,1796,1
12001,은평구,20234,분식전문점,16393,6880,7032,3,3.9,8.9,0,14.7,LL,1962,0
12001,은평구,20241,분식전문점,17852,6632,9013,8,7.6,8.2,5,14.5,LL,2287,0
12001,은평구,20242,분식전문점,15956,6054,7436,7,7.0,4.7,6,14.3,LL,1778,1
12001,은평구,20243,분식전문점,16839,5462,6877,6,1.9,5.9,3,16.1,LL,1703,0
12001,은평구,20244,분식전문점,16580,7129,5758,2,3.0,7.5,0,14.8,LL,1924,1
12001,은평구,20231,제과점,16391,5428,7328,5,7.4,7.8,2,15.1,LL,2324,1
12001,은평구,20232,제과점,14137,4792,5365,7,6.3,9.2,1,16.7,LL,2203,1
12001,은평구,20233,제과점,17346,6995,6201,8,10.4,8.1,1,17.0,LL,2382,0
12001,은평구,20234,제과점,13815,4544,6944,1,10.2,8.7,0,14.9,LL,2267,1
12001,은평구,20241,제과점,14852,5880,7537,6,11.8,5.2,2,15.3,LL,2582,0
12001,은평구,20242,제과점,15278,5844,5708,2,9.1,9.5,1,15.0,LL,2293,1
12001,은평구,20243,제과점,16528,5365,7060,4,6.3,2.8,2,16.7,LL,2379,1
12001,은평구,20244,제과점,16785,6666,7693,1,2.3,9.2,0,16.6,LL,2573,1
12001,은평구,20231,치킨전문점,17260,6257,5956,4,3.7,7.8,3,16.0,LL,1857,0
12001,은평구,20232,치킨전문점,14876,5570,6250,4,9.8,6.5,3,14.7,LL,1835,1
12001,은평구,20233,치킨전문점,14428,6399,5028,4,7.0,5.8,3,14.6,LL,2388,1
12001,은평구,20234,치킨전문점,18242,8334,8267,4,3.7,10.3,1,16.5,LL,2116,1
12001,은평구,20241,치킨전문점,14427,4697,6526,6,6.5,5.1,2,15.0,LL,2238,1
12001,은평구,20242,치킨전문점,17528,6021,6915,5,4.9,11.1,4,15.0,LL,2179,1
12001,은평구,20243,치킨전문점,17131,5968,6317,5,9.1,6.5,2,16.9,LL,2092,1
12001,은평구,20244,치킨전문점,17528,7860,8153,4,5.2,8.1,3,16.6,LL,2329,1
12001,은평구,20231,의류,16036,5894,8197,3,7.4,5.5,0,16.0,LL,2067,1
12001,은평구,20232,의류,16205,6425,5833,6,9.0,13.0,4,16.3,LL,1785,0
12001,은평구,20233,의류,15277,5910,6942,1,11.6,1.0,1,14.6,LL,2187,0
12001,은평구,20234,의류,17966,6244,8840,5,8.5,7.2,3,16.1,LL,2157,1
12001,은평구,20241,의류,14810,5469,5190,4,11.1,1.0,4,16.7,LL,1688,0
12001,은평구,20242,의류,16265,6289,7055,9,3.9,4.0,5,15.0,LL,2106,1
12001,은평구,20243,의류,15837,5350,6699,3,10.3,10.6,1,16.3,LL,2119,0
12001,은평구,20244,의류,16970,6364,6363,5,10.1,7.3,4,15.4,LL,1902,0
12002,은평구,20231,커피-음료,6334,6919,4234,7,7.1,5.3,2,14.8,HL,2402,1
12002,은평구,20232,커피-음료,6006,5716,3433,2,9.1,4.3,4,14.5,HL,2382,1
12002,은평구,20233,커피-음료,5545,6471,3720,5,13.0,3.1,3,15.2,HL,2128,1
12002,은평구,20234,커피-음료,6254,6338,3173,7,5.5,7.4,4,15.3,HL,1923,1
12002,은평구,20241,커피-음료,7333,8876,5250,2,12.2,3.6,1,16.6,HL,2610,1
12002,은평구,20242,커피-음료,6290,7149,4385,4,10.1,10.6,1,14.7,HL,2806,1
12002,은평구,20243,커피-음료,7056,6978,4101,2,7.9,2.8,1,16.8,HL,2479,0
12002,은평구,20244,커피-음료,5531,5324,3173,4,7.7,6.7,2,15.2,HL,2620,1
12002,은평구,20231,한식음식점,7149,7612,5165,4,5.8,1.0,5,13.9,HL,2912,1
12002,은평구,20232,한식음식점,7335,9594,3842,4,7.6,10.1,4,13.9,HL,3159,1
12002,은평구,20233,한식음식점,6251,6544,4523,4,18.3,7.4,1,14.8,HL,3021,1
12002,은평구,20234,한식음식점,7350,6627,5013,1,10.5,1.0,0,16.4,HL,3008,1
12002,은평구,20241,한식음식점,5884,7222,2958,1,5.9,5.4,1,14.0,HL,2849,1
12002,은평구,20242,한식음식점,6511,7446,3620,2,7.9,6.1,1,15.7,HL,3372,1
12002,은평구,20243,한식음식점,6338,6799,3739,5,9.0,6.1,5,16.4,HL,3066,1
12002,은평구,20244,한식음식점,5803,7410,3512,4,13.9,1.0,2,15.4,HL,2934,0
12002,은평구,20231,분식전문점,7346,9431,5229,4,10.4,5.3,2,16.5,HL,1858,1
12002,은평구,20232,분식전문점,6553,6839,3827,7,5.0,6.5,5,15.2,HL,1554,1
12002,은평구,20233,분식전문점,6029,7430,3181,5,6.3,1.0,3,16.3,HL,1721,1
12002,은평구,20234,분식전문점,7264,9321,3980,4,7.0,4.4,2,15.4,HL,1904,1
12002,은평구,20241,분식전문점,5627,5689,3818,5,13.2,7.9,3,15.2,HL,1777,0
12002,은평구,20242,분식전문점,7422,7487,3973,7,9.4,4.9,6,16.4,HL,1716,1
12002,은평구,20243,분식전문점,6629,7461,4314,5,7.1,4.9,6,14.0,HL,1613,1
12002,은평구,20244,분식전문점,6941,6681,4622,6,3.8,5.4,6,15.3,HL,1410,1
12002,은평구,20231,제과점,6663,7939,3730,4,6.5,1.0,2,14.2,HL,2122,1
12002,은평구,20232,제과점,6869,8435,4898,1,3.8,9.8,0,15.7,HL,2045,1
12002,은평구,20233,제과점,5735,7262,3038,1,5.7,1.0,2,16.0,HL,2151,1
12002,은평구,20234,제과점,7164,8561,3709,4,13.4,1.0,3,14.5,HL,2032,1
12002,은평구,20241,제과점,6539,5859,4255,3,11.3,1.0,1,16.5,HL,2124,1
12002,은평구,20242,제과점,5686,5585,3149,4,7.2,6.2,2,15.2,HL,2365,1
12002,은평구,20243,제과점,6369,7651,3718,1,6.8,5.1,0,15.6,HL,2435,1
12002,은평구,20244,제과점,6009,6954,4273,4,2.2,6.0,4,15.5,HL,2256,1
12002,은평구,20231,치킨전문점,5860,5466,3647,2,2.4,1.4,1,15.8,HL,1716,1
12002,은평구,20232,치킨전문점,6995,6429,3638,5,9.5,4.8,6,14.9,HL,1758,1
12002,은평구,20233,치킨전문점,6336,6287,3894,8,9.8,2.0,4,16.7,HL,1795,1
12002,은평구,20234,치킨전문점,7140,7236,3748,4,6.8,9.2,2,16.4,HL,1594,0
12002,은평구,20241,치킨전문점,7191,9002,4473,5,10.8,5.3,1,14.6,HL,1952,0
12002,은평구,20242,치킨전문점,5919,6492,4085,2,11.3,5.5,1,16.1,HL,1995,1
12002,은평구,20243,치킨전문점,5501,4999,3264,2,10.0,1.0,1,16.6,HL,1685,1
12002,은평구,20244,치킨전문점,5889,7666,3810,2,5.2,2.3,1,14.0,HL,1806,1
12002,은평구,20231,의류,5651,6947,3484,6,5.1,1.0,4,13.9,HL,1853,1
12002,은평구,20232,의류,6836,8681,4291,4,4.3,1.9,2,14.8,HL,1781,1
12002,은평구,20233,의류,6233,7102,3752,4,7.9,5.0,2,14.4,HL,1974,0
12002,은평구,20234,의류,7150,8195,4776,2,7.0,1.9,0,15.4,HL,2031,1
12002,은평구,20241,의류,5766,5115,4012,4,9.5,3.5,2,14.8,HL,1475,1
12002,은평구,20242,의류,5944,7092,3821,4,12.1,1.0,2,14.9,HL,1719,1
12002,은평구,20243,의류,7422,7805,4948,6,15.3,4.5,5,14.9,HL,1730,1
12002,은평구,20244,의류,5529,5654,2927,3,4.5,1.0,1,16.4,HL,1947,1
12003,은평구,20231,커피-음료,8685,1849,7206,1,10.1,7.0,1,18.7,LL,2193,0
12003,은평구,20232,커피-음료,9599,2624,7280,5,10.1,7.9,4,17.3,LL,2171,1
12003,은평구,20233,커피-음료,8061,2062,6304,2,10.5,7.6,1,17.4,LL,2497,1
12003,은평구,20234,커피-음료,9217,2518,7694,3,10.1,9.4,3,17.6,LL,2653,1
12003,은평구,20241,커피-음료,9325,2522,5808,6,10.0,5.0,4,17.6,LL,2486,1
12003,은평구,20242,커피-음료,8862,1738,7226,6,5.5,5.6,2,17.9,LL,2393,0
12003,은평구,20243,커피-음료,9654,2213,6584,7,8.9,5.0,1,16.9,LL,2062,1
12003,은평구,20244,커피-음료,9583,1825,7635,4,8.6,1.0,2,18.1,LL,2377,1
12003,은평구,20231,한식음식점,7479,2107,6409,6,11.0,6.2,2,19.2,LL,2614,1
12003,은평구,20232,한식음식점,9549,1914,7873,8,11.0,7.1,2,19.2,LL,3066,0
12003,은평구,20233,한식음식점,9050,1878,6700,4,9.4,6.5,3,18.8,LL,2857,1
12003,은평구,20234,한식음식점,8300,1619,7127,5,2.4,12.3,3,19.5,LL,3081,0
12003,은평구,20241,한식음식점,9411,2350,7064,8,8.6,10.0,6,19.6,LL,2644,1
12003,은평구,20242,한식음식점,9525,2408,7570,7,2.9,2.5,8,17.6,LL,2886,1
12003,은평구,20243,한식음식점,8425,2091,6977,4,6.9,9.3,1,18.5,LL,2743,1
12003,은평구,20244,한식음식점,9108,1773,6044,6,10.3,6.9,3,17.2,LL,2892,1
12003,은평구,20231,분식전문점,8300,2204,6265,6,14.1,6.8,5,17.9,LL,1112,1
12003,은평구,20232,분식전문점,9352,2479,6398,8,6.8,2.8,5,19.6,LL,1585,1
12003,은평구,20233,분식전문점,9408,2584,6901,3,8.2,6.4,3,18.8,LL,1808,1
12003,은평구,20234,분식전문점,7992,2057,5520,3,13.7,6.5,0,16.5,LL,1670,1
12003,은평구,20241,분식전문점,8006,1558,6938,4,7.1,8.2,2,17.8,LL,1747,0
12003,은평구,20242,분식전문점,9133,2154,6405,4,11.5,5.5,1,18.1,LL,1769,1
12003,은평구,20243,분식전문점,9183,1987,6436,4,8.0,6.2,3,18.2,LL,1881,0
12003,은평구,20244,분식전문점,7392,1470,4998,5,8.3,3.8,2,19.9,LL,2024,1
12003,은평구,20231,제과점,8720,2180,6483,5,7.6,8.2,2,16.8,LL,1911,0
12003,은평구,20232,제과점,8835,2111,5402,7,11.3,3.6,9,17.3,LL,1775,1
12003,은평구,20233,제과점,9089,1779,7405,6,3.7,5.5,3,17.0,LL,1903,1
12003,은평구,20234,제과점,7943,1760,6606,3,2.5,7.2,3,17.9,LL,2239,1
12003,은평구,20241,제과점,8597,2299,6589,4,10.1,5.7,2,19.4,LL,2388,1
12003,은평구,20242,제과점,9577,2569,7449,6,9.2,8.6,4,17.1,LL,2447,1
12003,은평구,20243,제과점,9460,2175,7975,4,9.5,9.7,1,17.8,LL,2325,1
12003,은평구,20244,제과점,7470,1687,6522,7,10.0,9.4,5,17.8,LL,2074,1
12003,은평구,20231,치킨전문점,7536,1762,4696,4,5.6,7.0,3,16.8,LL,1637,1
12003,은평구,20232,치킨전문점,7257,1920,4706,4,6.2,9.1,2,16.8,LL,1539,1
12003,은평구,20233,치킨전문점,7937,2148,5954,11,10.5,4.5,7,18.5,LL,1830,1
12003,은평구,20234,치킨전문점,8260,1967,6968,4,9.4,6.8,1,18.5,LL,1662,1
12003,은평구,20241,치킨전문점,9053,2033,7271,4,10.8,6.4,0,17.7,LL,1943,0
12003,은평구,20242,치킨전문점,7494,1676,5701,3,9.9,11.1,5,19.4,LL,1897,1
12003,은평구,20243,치킨전문점,9532,2373,7146,4,4.7,11.2,5,19.9,LL,1653,0
12003,은평구,20244,치킨전문점,9428,2182,7239,10,1.3,11.5,9,16.5,LL,1557,1
12003,은평구,20231,의류,8431,2338,7369,4,8.7,2.6,0,18.5,LL,1717,1
12003,은평구,20232,의류,8808,2480,7689,4,6.4,4.9,2,17.1,LL,1688,1
12003,은평구,20233,의류,9356,1874,7534,5,9.1,9.0,5,18.8,LL,2010,1
12003,은평구,20234,의류,7738,2142,5168,2,11.1,11.6,0,18.3,LL,2048,1
12003,은평구,20241,의류,9447,2440,6689,4,3.1,10.1,2,18.1,LL,1667,1
12003,은평구,20242,의류,7471,2035,6537,8,10.8,5.5,2,20.1,LL,1789,1
12003,은평구,20243,의류,7874,2165,6924,4,14.4,7.5,3,17.6,LL,2120,0
12003,은평구,20244,의류,8543,2247,7434,4,3.6,3.1,2,17.0,LL,1867,1
12004,은평구,20231,커피-음료,9466,10749,3522,6,11.0,6.1,5,11.3,HH,2417,1
12004,은평구,20232,커피-음료,10745,10483,4130,4,1.0,4.3,1,11.1,HH,2689,1
12004,은평구,20233,커피-음료,10167,11905,3359,4,12.9,1.3,2,10.7,HH,2413,1
12004,은평구,20234,커피-음료,9535,9544,3446,5,10.3,7.5,2,9.6,HH,2817,1
12004,은평구,20241,커피-음료,10949,9305,4335,11,10.9,3.2,6,10.4,HH,2385,1
12004,은평구,20242,커피-음료,11480,13023,3736,3,9.6,1.0,6,10.2,HH,2636,1
12004,은평구,20243,커피-음료,10313,10380,3989,3,8.3,9.2,3,10.5,HH,2355,0
12004,은평구,20244,커피-음료,10483,10318,3382,3,4.4,4.2,1,10.7,HH,2289,1
12004,은평구,20231,한식음식점,11714,14493,4572,4,9.5,3.4,3,10.7,HH,3185,1
12004,은평구,20232,한식음식점,10153,9317,4285,6,5.6,3.1,4,10.4,HH,3008,1
12004,은평구,20233,한식음식점,10576,13030,3686,4,3.0,5.3,1,11.4,HH,3200,1
12004,은평구,20234,한식음식점,12387,11011,4391,7,9.6,2.1,3,10.4,HH,3190,1
12004,은평구,20241,한식음식점,9800,9756,3349,6,5.1,5.6,6,10.5,HH,2878,1
12004,은평구,20242,한식음식점,9988,10761,3517,7,3.8,1.5,3,9.4,HH,3219,1
12004,은평구,20243,한식음식점,12564,13687,5624,3,7.6,1.0,2,10.3,HH,3514,0
12004,은평구,20244,한식음식점,11377,11031,4636,5,10.1,5.4,1,10.8,HH,3717,1
12004,은평구,20231,분식전문점,11889,13686,4646,4,7.5,11.7,4,9.4,HH,1648,1
12004,은평구,20232,분식전문점,11535,13108,4263,5,6.7,2.3,4,9.6,HH,1953,1
12004,은평구,20233,분식전문점,9702,11910,4352,4,7.6,5.1,3,10.8,HH,1798,1
12004,은평구,20234,분식전문점,11735,10878,4007,4,9.6,3.5,5,10.4,HH,2011,1
12004,은평구,20241,분식전문점,12159,12692,5210,2,13.2,6.2,0,10.6,HH,1752,0
12004,은평구,20242,분식전문점,9540,11468,3343,3,6.3,5.6,3,10.4,HH,1896,0
12004,은평구,20243,분식전문점,11591,13398,4106,4,9.0,1.0,2,10.5,HH,1919,1
12004,은평구,20244,분식전문점,12189,13912,5515,4,6.1,1.5,1,10.1,HH,2332,1
12004,은평구,20231,제과점,9798,8991,3301,4,13.8,5.0,4,9.3,HH,2105,0
12004,은평구,20232,제과점,10925,10300,3973,4,7.7,1.0,1,10.0,HH,2446,1
12004,은평구,20233,제과점,11052,10728,4555,5,5.5,3.0,1,10.0,HH,2148,1
12004,은평구,20234,제과점,12043,12175,5609,3,7.1,3.5,1,11.3,HH,2202,1
12004,은평구,20241,제과점,12542,12823,5063,3,5.1,1.5,2,9.6,HH,2577,1
12004,은평구,20242,제과점,10328,11981,4697,4,8.3,3.6,5,9.9,HH,2208,1
12004,은평구,20243,제과점,9428,11024,3604,3,6.2,6.0,1,9.9,HH,2583,1
12004,은평구,20244,제과점,11816,12471,5531,3,2.6,6.2,1,9.6,HH,2177,0
12004,은평구,20231,치킨전문점,9618,10444,3330,3,11.7,9.2,2,9.4,HH,2199,1
12004,은평구,20232,치킨전문점,12147,15054,4771,4,10.0,1.0,1,10.5,HH,2022,1
12004,은평구,20233,치킨전문점,11273,10479,4357,2,10.8,1.6,2,10.7,HH,2169,1
12004,은평구,20234,치킨전문점,12468,14899,5262,4,1.0,2.2,3,10.1,HH,2214,1
12004,은평구,20241,치킨전문점,10950,10330,4275,9,9.6,6.1,5,9.9,HH,2079,1
12004,은평구,20242,치킨전문점,10658,10851,3558,4,10.1,1.8,4,9.7,HH,2186,1
12004,은평구,20243,치킨전문점,12149,12255,4472,2,5.5,9.2,0,9.7,HH,2115,0
12004,은평구,20244,치킨전문점,9899,8376,4639,8,13.2,5.6,2,9.9,HH,2011,1
12004,은평구,20231,의류,9435,9893,3111,1,8.7,3.5,0,10.0,HH,2452,1
12004,은평구,20232,의류,10573,12197,4775,4,7.9,5.9,1,10.3,HH,1985,0
12004,은평구,20233,의류,9448,8897,3559,6,7.2,2.2,2,9.9,HH,2042,1
12004,은평구,20234,의류,11190,11161,4017,6,9.8,4.6,3,9.9,HH,1513,1
12004,은평구,20241,의류,9952,11802,3538,4,6.6,1.0,1,11.3,HH,2159,1
12004,은평구,20242,의류,12615,14873,5017,8,5.7,4.9,1,11.1,HH,2112,1
12004,은평구,20243,의류,12605,10680,5644,4,12.4,6.1,2,9.6,HH,2131,1
12004,은평구,20244,의류,9656,11283,4456,5,11.1,5.1,4,10.2,HH,2145,1
12005,은평구,20231,커피-음료,11192,2720,5766,4,3.2,4.2,3,13.0,HL,2358,1
12005,은평구,20232,커피-음료,12229,3292,5636,4,9.4,6.6,2,12.7,HL,2262,1
12005,은평구,20233,커피-음료,13872,4375,7168,4,4.7,1.4,2,12.6,HL,2406,1
12005,은평구,20234,커피-음료,13840,3282,6923,5,7.1,2.2,4,10.9,HL,2330,1
12005,은평구,20241,커피-음료,12745,2963,8283,6,4.0,8.2,4,12.5,HL,2588,1
12005,은평구,20242,커피-음료,14707,4087,7467,5,6.2,1.0,7,12.9,HL,2485,1
12005,은평구,20243,커피-음료,11504,2783,5994,6,10.3,10.5,2,12.4,HL,2753,1
12005,은평구,20244,커피-음료,13861,4577,8736,4,5.2,2.4,2,11.2,HL,2950,0
12005,은평구,20231,한식음식점,12821,3640,8150,1,7.9,9.3,1,11.1,HL,3047,0
12005,은평구,20232,한식음식점,11922,2813,6094,7,6.0,8.4,3,12.2,HL,2764,1
12005,은평구,20233,한식음식점,13400,4366,6243,4,5.7,4.6,3,12.2,HL,3048,1
12005,은평구,20234,한식음식점,11806,3920,6959,4,7.8,7.8,6,11.9,HL,2759,1
12005,은평구,20241,한식음식점,14009,3474,8364,4,10.6,1.8,2,11.9,HL,3235,1
12005,은평구,20242,한식음식점,13442,3269,6470,4,6.4,8.3,4,11.2,HL,3044,1
12005,은평구,20243,한식음식점,14012,4726,8747,8,6.6,5.2,4,11.4,HL,3204,1
12005,은평구,20244,한식음식점,11771,3265,5309,7,4.9,5.0,6,10.7,HL,2897,1
12005,은평구,20231,분식전문점,14454,4731,7170,8,7.0,2.5,3,12.5,HL,1982,1
12005,은평구,20232,분식전문점,13808,3352,7526,4,9.5,6.1,4,12.5,HL,1745,1
12005,은평구,20233,분식전문점,12127,2940,5893,4,7.0,5.2,0,11.2,HL,1930,1
12005,은평구,20234,분식전문점,12899,4282,5874,6,3.7,3.6,4,11.0,HL,1541,1
12005,은평구,20241,분식전문점,14696,4601,7086,4,5.8,2.7,3,12.2,HL,1989,1
12005,은평구,20242,분식전문점,11636,3448,6779,5,8.5,6.8,3,12.6,HL,2291,0
12005,은평구,20243,분식전문점,11440,3847,6256,4,7.6,5.8,5,12.0,HL,1721,1
12005,은평구,20244,분식전문점,12468,3606,5769,6,7.9,2.4,1,11.0,HL,1920,1
12005,은평구,20231,제과점,12036,3762,7774,8,7.7,2.1,5,11.4,HL,1908,1
12005,은평구,20232,제과점,11651,3113,5515,7,6.6,8.4,5,12.5,HL,2267,1
12005,은평구,20233,제과점,11114,3511,6884,2,14.5,8.0,0,11.0,HL,2209,1
12005,은평구,20234,제과점,12965,4099,7147,2,9.7,4.9,2,11.8,HL,2086,1
12005,은평구,20241,제과점,13832,4476,6985,5,7.7,3.2,2,10.9,HL,2232,1
12005,은평구,20242,제과점,12295,3929,6980,3,9.4,1.9,2,10.7,HL,2171,0
12005,은평구,20243,제과점,13122,3517,6461,4,10.8,2.6,3,11.4,HL,2432,1
12005,은평구,20244,제과점,14063,4166,7252,2,3.3,6.7,0,12.4,HL,2257,0
12005,은평구,20231,치킨전문점,14221,4745,7012,2,2.3,1.0,1,12.9,HL,1929,1
12005,은평구,20232,치킨전문점,13637,4555,7103,7,1.8,5.4,4,12.1,HL,1838,1
12005,은평구,20233,치킨전문점,14095,3484,7178,5,3.4,1.0,1,11.0,HL,2250,1
12005,은평구,20234,치킨전문점,14449,3509,9101,4,9.7,1.0,1,11.5,HL,2450,1
12005,은평구,20241,치킨전문점,13322,3099,6553,5,10.5,4.6,2,12.2,HL,2014,1
12005,은평구,20242,치킨전문점,12777,3553,6923,4,10.8,3.0,5,11.2,HL,1899,1
12005,은평구,20243,치킨전문점,11542,3841,5976,4,6.8,3.3,2,12.2,HL,2153,0
12005,은평구,20244,치킨전문점,11533,3197,6363,4,9.5,1.0,3,10.8,HL,2139,0
12005,은평구,20231,의류,12851,3456,8310,2,5.6,1.0,2,12.9,HL,2068,1
12005,은평구,20232,의류,13501,4543,6745,5,5.8,3.6,2,12.8,HL,1919,1
12005,은평구,20233,의류,11266,3643,6868,1,3.9,6.4,0,10.8,HL,1893,1
12005,은평구,20234,의류,13054,3951,7600,6,8.7,4.5,8,11.9,HL,1890,1
12005,은평구,20241,의류,13210,3952,6262,8,10.8,7.8,7,12.7,HL,1792,0
12005,은평구,20242,의류,12761,3536,6113,6,8.2,5.0,7,12.7,HL,2095,1
12005,은평구,20243,의류,12737,3206,5927,4,7.9,5.0,3,13.0,HL,1904,1
12005,은평구,20244,의류,13995,3873,9249,2,8.4,10.9,3,11.2,HL,2057,1
12006,은평구,20231,커피-음료,16974,7154,12233,5,4.6,4.3,1,10.7,LL,2827,1
12006,은평구,20232,커피-음료,16356,8152,10441,5,7.7,6.4,4,11.7,LL,2100,0
12006,은평구,20233,커피-음료,15019,7345,10327,4,10.7,11.4,1,11.0,LL,2585,1
12006,은평구,20234,커피-음료,15102,6400,12664,4,8.6,6.7,0,11.0,LL,2610,1
12006,은평구,20241,커피-음료,15184,5734,9634,3,1.0,5.4,2,10.5,LL,2336,1
12006,은평구,20242,커피-음료,12711,6093,10442,3,9.2,2.2,1,11.3,LL,2314,1
12006,은평구,20243,커피-음료,16500,7927,12562,4,7.9,14.8,5,11.8,LL,2650,1
12006,은평구,20244,커피-음료,14785,7384,10155,2,6.8,3.2,1,11.2,LL,2559,1
12006,은평구,20231,한식음식점,13636,5874,8822,2,9.8,8.3,0,10.3,LL,3478,1
12006,은평구,20232,한식음식점,14793,5809,11487,2,15.8,4.3,0,11.3,LL,3085,1
12006,은평구,20233,한식음식점,15263,5941,12546,4,10.7,2.9,2,11.4,LL,2923,1
12006,은평구,20234,한식음식점,15382,7296,12535,4,1.8,4.2,1,10.6,LL,3292,0
12006,은평구,20241,한식음식점,13485,4943,11432,6,4.7,3.3,3,10.3,LL,3404,1
12006,은평구,20242,한식음식점,13280,5122,8713,4,8.0,12.4,2,11.6,LL,3276,1
12006,은평구,20243,한식음식점,13963,6799,8929,5,6.9,1.9,4,11.7,LL,2905,1
12006,은평구,20244,한식음식점,15886,6207,12756,1,8.1,4.6,1,11.3,LL,3684,1
12006,은평구,20231,분식전문점,14696,6885,9808,6,6.3,6.3,3,12.0,LL,2027,1
12006,은평구,20232,분식전문점,12860,6394,9444,5,5.1,12.7,1,11.0,LL,2002,1
12006,은평구,20233,분식전문점,13119,4664,10481,5,6.5,4.2,1,10.0,LL,1832,0
12006,은평구,20234,분식전문점,15847,5326,14246,5,8.7,6.0,1,12.0,LL,2123,1
12006,은평구,20241,분식전문점,15055,7035,11775,1,9.6,5.8,0,10.3,LL,2246,1
12006,은평구,20242,분식전문점,15210,5869,10843,4,6.8,9.7,3,11.9,LL,1781,1
12006,은평구,20243,분식전문점,14705,6674,11499,2,8.2,6.5,4,10.6,LL,1602,1
12006,은평구,20244,분식전문점,12850,5230,10761,5,12.4,8.0,3,10.8,LL,2415,0
12006,은평구,20231,제과점,16887,7147,15107,2,10.8,10.6,3,10.1,LL,2589,0
12006,은평구,20232,제과점,15718,6222,11542,3,8.8,10.1,1,11.7,LL,2382,1
12006,은평구,20233,제과점,14682,6110,12791,8,2.7,6.2,3,12.0,LL,2290,1
12006,은평구,20234,제과점,14135,6953,9300,1,2.2,9.4,1,10.3,LL,2477,1
12006,은평구,20241,제과점,12846,4894,8460,5,8.1,9.8,6,11.5,LL,2281,0
12006,은평구,20242,제과점,16042,7681,10108,2,2.7,6.7,2,11.0,LL,2548,1
12006,은평구,20243,제과점,13767,4850,8537,4,6.5,10.2,3,10.7,LL,2229,1
12006,은평구,20244,제과점,16575,5717,12541,4,7.2,2.4,6,10.6,LL,2627,0
12006,은평구,20231,치킨전문점,14076,6894,9566,6,12.0,6.9,5,11.1,LL,2119,1
12006,은평구,20232,치킨전문점,16902,6379,14722,7,11.1,10.6,4,11.5,LL,2165,1
12006,은평구,20233,치킨전문점,15032,5797,12252,3,12.6,4.5,2,10.4,LL,2282,1
12006,은평구,20234,치킨전문점,14594,4986,12554,4,5.6,14.2,6,11.9,LL,2178,0
12006,은평구,20241,치킨전문점,14764,6445,9638,3,1.0,11.6,1,11.3,LL,2224,1
12006,은평구,20242,치킨전문점,16687,5624,13853,3,6.3,8.5,1,11.3,LL,2212,1
12006,은평구,20243,치킨전문점,13037,6089,10072,2,10.7,5.4,0,12.0,LL,2261,1
12006,은평구,20244,치킨전문점,15751,5888,13645,1,10.1,3.7,1,10.6,LL,2438,1
12006,은평구,20231,의류,14790,6492,12385,5,13.0,11.2,1,10.0,LL,2113,0
12006,은평구,20232,의류,15139,7270,11214,5,13.7,3.4,3,11.5,LL,2114,0
12006,은평구,20233,의류,14861,5760,11221,7,3.0,2.9,1,12.0,LL,1756,1
12006,은평구,20234,의류,13395,5308,9659,5,10.2,14.5,1,11.7,LL,1961,0
12006,은평구,20241,의류,15170,6963,11777,4,3.1,7.4,2,11.3,LL,2228,1
12006,은평구,20242,의류,13241,5618,10050,1,3.7,6.0,0,10.3,LL,2133,1
12006,은평구,20243,의류,16555,7615,12198,8,11.6,9.4,6,10.2,LL,2312,1
12006,은평구,20244,의류,14153,5540,10549,3,3.8,9.2,0,11.3,LL,2074,1
12007,은평구,20231,커피-음료,8294,1733,4389,3,5.8,2.8,0,16.5,HH,2106,1
12007,은평구,20232,커피-음료,9480,1560,3877,10,8.0,1.2,5,18.2,HH,2018,1
12007,은평구,20233,커피-음료,9281,1747,3793,2,8.4,1.5,2,17.2,HH,2015,1
12007,은평구,20234,커피-음료,8799,1834,4446,2,10.0,7.2,0,16.4,HH,2179,1
12007,은평구,20241,커피-음료,7819,1898,3306,4,5.7,14.6,1,17.4,HH,2334,1
12007,은평구,20242,커피-음료,8626,1919,3957,4,11.1,6.6,5,16.3,HH,2257,1
12007,은평구,20243,커피-음료,8945,2031,3638,6,6.2,6.6,5,17.4,HH,2383,1
12007,은평구,20244,커피-음료,8607,1804,3669,4,12.8,4.6,5,18.1,HH,2513,1
12007,은평구,20231,한식음식점,8106,1571,3163,2,8.6,5.6,1,17.7,HH,2741,1
12007,은평구,20232,한식음식점,7468,1521,2872,8,5.4,7.5,8,16.8,HH,2507,1
12007,은평구,20233,한식음식점,7470,1516,3760,3,6.7,5.5,3,19.7,HH,2885,1
12007,은평구,20234,한식음식점,8722,1636,4414,7,5.7,7.2,4,18.5,HH,2923,1
12007,은평구,20241,한식음식점,9611,2158,5007,4,7.4,1.4,5,16.3,HH,3174,1
12007,은평구,20242,한식음식점,9351,1992,5076,2,4.5,4.0,0,18.6,HH,2897,1
12007,은평구,20243,한식음식점,7473,1721,3887,4,4.3,2.8,1,19.1,HH,3100,1
12007,은평구,20244,한식음식점,8958,1813,4571,1,12.6,4.8,2,18.4,HH,2842,0
12007,은평구,20231,분식전문점,7350,1233,3540,4,7.7,5.2,1,16.7,HH,1398,1
12007,은평구,20232,분식전문점,7555,1589,3229,4,5.9,2.1,4,19.6,HH,1417,1
12007,은평구,20233,분식전문점,9501,1584,4985,3,9.6,10.2,2,17.1,HH,1762,1
12007,은평구,20234,분식전문점,7311,1717,2942,4,7.6,7.1,2,18.5,HH,1820,1
12007,은평구,20241,분식전문점,8134,1356,4428,6,7.4,7.0,0,18.6,HH,1757,1
12007,은평구,20242,분식전문점,8545,1614,4306,4,1.0,1.0,3,17.2,HH,1414,1
12007,은평구,20243,분식전문점,9383,1591,4342,4,8.2,8.6,3,17.3,HH,1795,1
12007,은평구,20244,분식전문점,7967,1384,3446,9,3.4,1.0,1,16.8,HH,1368,1
12007,은평구,20231,제과점,7819,1563,4187,5,9.4,3.8,5,19.6,HH,1951,1
12007,은평구,20232,제과점,7208,1677,3526,5,7.0,5.6,2,18.5,HH,2167,0
12007,은평구,20233,제과점,8128,1331,3788,4,10.0,2.1,3,18.4,HH,2113,1
12007,은평구,20234,제과점,7322,1624,3161,1,9.9,8.2,0,16.5,HH,2315,0
12007,은평구,20241,제과점,7719,1880,3873,4,12.7,1.0,3,17.3,HH,2174,1
12007,은평구,20242,제과점,8768,2060,3282,4,3.1,2.1,1,17.0,HH,2223,1
12007,은평구,20243,제과점,7235,1417,3448,6,6.4,1.0,2,18.7,HH,2025,1
12007,은평구,20244,제과점,7474,1499,3127,4,8.4,5.8,1,18.8,HH,2394,0
12007,은평구,20231,치킨전문점,7430,1479,3188,4,5.2,6.0,4,16.5,HH,1337,1
12007,은평구,20232,치킨전문점,8375,1777,4511,4,7.8,8.2,6,17.2,HH,1632,1
12007,은평구,20233,치킨전문점,9649,1739,4993,4,7.2,5.7,3,16.5,HH,1788,1
12007,은평구,20234,치킨전문점,8580,1711,3761,1,6.8,3.5,0,17.0,HH,1818,1
12007,은평구,20241,치킨전문점,7681,1568,3069,1,10.0,3.0,0,18.9,HH,2166,1
12007,은평구,20242,치킨전문점,8071,1924,3601,4,1.0,1.9,3,17.6,HH,1799,1
12007,은평구,20243,치킨전문점,7343,1620,3473,4,2.0,5.2,2,19.5,HH,2072,1
12007,은평구,20244,치킨전문점,8920,1543,4442,2,10.8,4.4,0,19.2,HH,2136,1
12007,은평구,20231,의류,9541,1804,5065,4,13.1,6.6,3,19.3,HH,1583,1
12007,은평구,20232,의류,7966,1628,3399,3,6.2,4.0,0,19.5,HH,1984,0
12007,은평구,20233,의류,8800,2006,4010,7,13.1,3.9,6,17.9,HH,2070,1
12007,은평구,20234,의류,7748,1478,2858,6,8.8,6.1,4,17.8,HH,1723,0
12007,은평구,20241,의류,7308,1403,2760,5,5.4,3.9,0,16.7,HH,1742,1
12007,은평구,20242,의류,8420,1640,3337,4,9.7,1.0,2,19.0,HH,1787,1
12007,은평구,20243,의류,9294,2156,4100,5,15.4,2.5,2,19.8,HH,1837,1
12007,은평구,20244,의류,8054,1496,3860,4,9.6,5.5,3,16.9,HH,2030,1
12008,은평구,20231,커피-음료,16838,20429,5438,4,4.8,2.0,1,7.8,LL,2613,1
12008,은평구,20232,커피-음료,17754,15114,6800,4,4.1,5.6,3,8.0,LL,2727,1
12008,은평구,20233,커피-음료,21602,22500,7420,2,8.7,7.3,2,7.0,LL,2643,1
12008,은평구,20234,커피-음료,17064,20050,5623,4,5.6,7.7,5,7.5,LL,2822,1
12008,은평구,20241,커피-음료,19772,16941,5917,3,7.1,8.9,1,7.6,LL,2800,1
12008,은평구,20242,커피-음료,18373,17295,7558,3,4.8,3.3,1,8.0,LL,2886,1
12008,은평구,20243,커피-음료,17269,15335,6446,4,9.3,6.1,1,7.6,LL,2874,1
12008,은평구,20244,커피-음료,17919,20109,5935,4,16.0,7.6,0,8.2,LL,2794,1
12008,은평구,20231,한식음식점,18448,17633,7391,3,12.9,1.0,1,6.9,LL,3210,1
12008,은평구,20232,한식음식점,17107,15449,6887,4,4.7,9.2,2,8.2,LL,3745,1
12008,은평구,20233,한식음식점,20843,18575,8731,4,9.4,5.1,4,7.9,LL,3610,0
12008,은평구,20234,한식음식점,16813,14753,6864,2,10.4,3.5,2,6.9,LL,3303,1
12008,은평구,20241,한식음식점,17172,13992,5490,3,7.8,6.3,1,6.9,LL,3330,1
12008,은평구,20242,한식음식점,17519,14527,6266,2,5.8,6.2,0,6.9,LL,3610,1
12008,은평구,20243,한식음식점,22332,24148,6448,5,10.4,5.7,1,7.0,LL,3960,1
12008,은평구,20244,한식음식점,19187,18317,5636,2,8.9,6.7,1,7.7,LL,3550,1
12008,은평구,20231,분식전문점,17757,20111,7112,6,12.6,2.5,5,8.0,LL,2201,1
12008,은평구,20232,분식전문점,18247,18672,5506,3,3.0,4.8,3,8.0,LL,2001,1
12008,은평구,20233,분식전문점,17533,18942,5273,4,6.4,9.0,1,7.6,LL,2243,1
12008,은평구,20234,분식전문점,20418,22377,8445,5,6.9,9.4,4,7.1,LL,1921,0
12008,은평구,20241,분식전문점,18708,19913,5856,6,11.7,7.7,1,7.3,LL,2013,1
12008,은평구,20242,분식전문점,21454,20796,8882,5,9.2,5.1,3,7.8,LL,2181,1
12008,은평구,20243,분식전문점,20437,23254,6996,6,6.0,12.2,3,8.3,LL,2380,1
12008,은평구,20244,분식전문점,18644,22189,5741,4,8.6,4.2,3,7.9,LL,2608,1
12008,은평구,20231,제과점,18682,18273,5431,3,6.6,9.0,2,7.7,LL,2693,0
12008,은평구,20232,제과점,17907,14751,6410,7,10.4,3.1,7,7.7,LL,2156,1
12008,은평구,20233,제과점,18137,17952,7291,3,6.2,6.6,1,8.1,LL,2526,1
12008,은평구,20234,제과점,20159,20607,6937,5,8.3,9.4,4,7.7,LL,2437,1
12008,은평구,20241,제과점,21793,19302,7396,2,2.7,8.9,0,7.9,LL,2674,1
12008,은평구,20242,제과점,18200,21099,6478,4,8.3,3.0,2,7.3,LL,2985,1
12008,은평구,20243,제과점,17466,19832,6276,9,1.0,9.3,7,8.1,LL,2111,0
12008,은평구,20244,제과점,22536,20158,7455,7,9.6,10.2,2,7.3,LL,2903,1
12008,은평구,20231,치킨전문점,18323,20547,5576,5,9.0,10.7,2,7.9,LL,2314,1
12008,은평구,20232,치킨전문점,21477,24887,8553,5,7.0,7.0,1,7.5,LL,2546,1
12008,은평구,20233,치킨전문점,20404,22602,5741,2,7.1,6.1,2,7.5,LL,2600,1
12008,은평구,20234,치킨전문점,18737,15564,7292,4,6.9,9.1,2,7.0,LL,2405,1
12008,은평구,20241,치킨전문점,17209,20767,7162,3,14.4,5.8,2,6.9,LL,2842,1
12008,은평구,20242,치킨전문점,20574,23524,6133,5,5.1,5.9,2,7.2,LL,2471,1
12008,은평구,20243,치킨전문점,20766,21335,8601,5,7.2,10.0,1,7.4,LL,2469,1
12008,은평구,20244,치킨전문점,20777,24685,8129,7,10.7,13.0,7,8.0,LL,2355,0
12008,은평구,20231,의류,21760,19840,6963,6,7.1,15.7,2,8.3,LL,2268,0
12008,은평구,20232,의류,22504,19569,7928,6,10.0,6.6,4,7.1,LL,2356,1
12008,은평구,20233,의류,19006,20099,5564,7,5.9,5.8,5,7.8,LL,2180,1
12008,은평구,20234,의류,21714,23670,8692,6,4.5,10.5,6,7.3,LL,2379,1
12008,은평구,20241,의류,17396,19559,6318,4,8.8,2.1,1,6.9,LL,2354,0
12008,은평구,20242,의류,18287,16876,6159,7,6.6,5.0,4,7.2,LL,2329,1
12008,은평구,20243,의류,22126,21509,7844,4,6.2,4.2,2,6.9,LL,2398,1
12008,은평구,20244,의류,21916,24618,7217,2,10.4,8.0,0,7.6,LL,2353,0
